received_at,timestamp,session_id,student,class_code,event,chapter,item_id,prompt,choice,correct_answer,correct,time_ms,points,total_points
2026-10-06T09:03:00,2026-10-06T09:03:00,s-sample-01,Sample Student 01,CYBR-2000,start,,,,avatar 0,,,,0,0
2026-10-06T09:03:21.042324,2026-10-06T09:03:21.042324,s-sample-01,Sample Student 01,CYBR-2000,lesson,c1,c1-l1,lesson,,,,21042,5,0
2026-10-06T09:03:26.373476,2026-10-06T09:03:26.373476,s-sample-01,Sample Student 01,CYBR-2000,lesson,c1,c1-l2,lesson,,,,5331,5,0
2026-10-06T09:03:47.307404,2026-10-06T09:03:47.307404,s-sample-01,Sample Student 01,CYBR-2000,lesson,c1,c1-l3,lesson,,,,20933,5,0
2026-10-06T09:03:59.223756,2026-10-06T09:03:59.223756,s-sample-01,Sample Student 01,CYBR-2000,check,c1,c1-check,Someone changes your grade from a C to an A without permission. Which part of CIA is broken?,Integrity,Integrity,1,11916,10,15
2026-10-06T09:04:11.385713,2026-10-06T09:04:11.385713,s-sample-01,Sample Student 01,CYBR-2000,answer,c1,c1-s1,A stranger reads your private messages.,Confidentiality,Confidentiality,1,12161,10,25
2026-10-06T09:04:20.939240,2026-10-06T09:04:20.939240,s-sample-01,Sample Student 01,CYBR-2000,answer,c1,c1-s2,A hacker changes the price of shoes on a store website to $1.,Integrity,Integrity,1,9553,10,35
2026-10-06T09:04:36.957798,2026-10-06T09:04:36.957798,s-sample-01,Sample Student 01,CYBR-2000,answer,c1,c1-s3,The school website crashes on the first day of class.,Availability,Availability,1,16018,15,45
2026-10-06T09:04:48.527400,2026-10-06T09:04:48.527400,s-sample-01,Sample Student 01,CYBR-2000,answer,c1,c1-s4,Your friend watches over your shoulder as you type your PIN.,Confidentiality,Confidentiality,1,11569,20,60
2026-10-06T09:05:03.953169,2026-10-06T09:05:03.953169,s-sample-01,Sample Student 01,CYBR-2000,answer,c1,c1-s5,A virus edits files so the numbers in them are wrong.,Integrity,Integrity,1,15425,10,80
2026-10-06T09:05:15.950030,2026-10-06T09:05:15.950030,s-sample-01,Sample Student 01,CYBR-2000,answer,c1,c1-s6,A storm knocks out power to the server room.,Availability,Availability,1,11996,10,90
2026-10-06T09:05:27.618453,2026-10-06T09:05:27.618453,s-sample-01,Sample Student 01,CYBR-2000,answer,c1,c1-s7,"Thousands of fake visitors flood a game server, so real players cannot log in.",Availability,Availability,1,11668,10,100
2026-10-06T09:05:40.284587,2026-10-06T09:05:40.284587,s-sample-01,Sample Student 01,CYBR-2000,answer,c1,c1-s8,Someone posts your password online.,Confidentiality,Confidentiality,1,12666,15,110
2026-10-06T09:06:00.284587,2026-10-06T09:06:00.284587,s-sample-01,Sample Student 01,CYBR-2000,chapter_complete,c1,c1-done,c1,3 stars,,100,343295,175,175
2026-10-06T09:06:31.478768,2026-10-06T09:06:31.478768,s-sample-01,Sample Student 01,CYBR-2000,lesson,c2,c2-l1,lesson,,,,31194,5,175
2026-10-06T09:06:35.925097,2026-10-06T09:06:35.925097,s-sample-01,Sample Student 01,CYBR-2000,lesson,c2,c2-l2,lesson,,,,4446,5,175
2026-10-06T09:07:06.535560,2026-10-06T09:07:06.535560,s-sample-01,Sample Student 01,CYBR-2000,lesson,c2,c2-l3,lesson,,,,30610,5,175
2026-10-06T09:07:14.566689,2026-10-06T09:07:14.566689,s-sample-01,Sample Student 01,CYBR-2000,check,c2,c2-check,Which one is MFA?,A password and a code sent to your phone,A password and a code sent to your phone,1,8031,10,190
2026-10-06T09:07:24.420409,2026-10-06T09:07:24.420409,s-sample-01,Sample Student 01,CYBR-2000,answer,c2,c2-p1,Which password is stronger?,blue-river-pizza-cloud,blue-river-pizza-cloud,1,9853,15,200
2026-10-06T09:07:35.265892,2026-10-06T09:07:35.265892,s-sample-01,Sample Student 01,CYBR-2000,answer,c2,c2-p2,Which password is stronger?,maple-guitar-orbit-sock,maple-guitar-orbit-sock,1,10845,10,215
2026-10-06T09:07:40.352579,2026-10-06T09:07:40.352579,s-sample-01,Sample Student 01,CYBR-2000,answer,c2,c2-p3,Which password is stronger?,other answer,correct-horse-lamp-yellow,0,5086,0,225
2026-10-06T09:07:55.399897,2026-10-06T09:07:55.399897,s-sample-01,Sample Student 01,CYBR-2000,answer,c2,c2-p4,Which habit is safer?,"A different password on every site, saved in a password manager","A different password on every site, saved in a password manager",1,15047,15,225
2026-10-06T09:08:04.302394,2026-10-06T09:08:04.302394,s-sample-01,Sample Student 01,CYBR-2000,answer,c2,c2-p5,Which password is stronger?,Qz8#mL2!vR9p,Qz8#mL2!vR9p,1,8902,15,240
2026-10-06T09:08:14.689269,2026-10-06T09:08:14.689269,s-sample-01,Sample Student 01,CYBR-2000,answer,c2,c2-q1,You get a text with a login code you did not ask for. What should you do?,Ignore the code and change your password,Ignore the code and change your password,1,10386,10,255
2026-10-06T09:08:25.326646,2026-10-06T09:08:25.326646,s-sample-01,Sample Student 01,CYBR-2000,answer,c2,c2-q2,A friend asks for your game password so they can level up your character. What do you do?,other answer,"Say no, and keep your password private",0,10637,0,265
2026-10-06T09:08:45.326646,2026-10-06T09:08:45.326646,s-sample-01,Sample Student 01,CYBR-2000,chapter_complete,c2,c2-done,c2,2 stars,,75,339396,115,290
2026-10-06T09:09:21.504867,2026-10-06T09:09:21.504867,s-sample-01,Sample Student 01,CYBR-2000,lesson,c3,c3-l1,lesson,,,,36178,5,290
2026-10-06T09:09:51.149653,2026-10-06T09:09:51.149653,s-sample-01,Sample Student 01,CYBR-2000,lesson,c3,c3-l2,lesson,,,,29644,5,290
2026-10-06T09:10:20.036256,2026-10-06T09:10:20.036256,s-sample-01,Sample Student 01,CYBR-2000,lesson,c3,c3-l3,lesson,,,,28886,5,290
2026-10-06T09:10:24.861618,2026-10-06T09:10:24.861618,s-sample-01,Sample Student 01,CYBR-2000,check,c3,c3-check,Which is the biggest red flag?,The email asks you to type your password on a link,The email asks you to type your password on a link,1,4825,15,305
2026-10-06T09:10:32.328226,2026-10-06T09:10:32.328226,s-sample-01,Sample Student 01,CYBR-2000,answer,c3,c3-e1,Netflix: Account suspended! Update payment in 2 hours,Phish,Phish,1,7466,15,320
2026-10-06T09:10:43.279320,2026-10-06T09:10:43.279320,s-sample-01,Sample Student 01,CYBR-2000,answer,c3,c3-e2,Ms. Carter: Reminder: quiz moved to Friday,Phish,Safe,0,10951,0,335
2026-10-06T09:10:52.902340,2026-10-06T09:10:52.902340,s-sample-01,Sample Student 01,CYBR-2000,answer,c3,c3-e3,"Roblox Rewards: YOU WON 10,000 ROBUX!!!",Phish,Phish,1,9623,15,335
2026-10-06T09:11:08.372258,2026-10-06T09:11:08.372258,s-sample-01,Sample Student 01,CYBR-2000,answer,c3,c3-e4,"Principal Grant: Quick favor, keep it secret",Safe,Phish,0,15469,0,350
2026-10-06T09:11:16.270153,2026-10-06T09:11:16.270153,s-sample-01,Sample Student 01,CYBR-2000,answer,c3,c3-e5,USPS: Package on hold,Safe,Phish,0,7897,0,350
2026-10-06T09:11:25.292949,2026-10-06T09:11:25.292949,s-sample-01,Sample Student 01,CYBR-2000,answer,c3,c3-e6,Library: Your book is due Monday,Safe,Safe,1,9022,15,350
2026-10-06T09:11:45.292949,2026-10-06T09:11:45.292949,s-sample-01,Sample Student 01,CYBR-2000,chapter_complete,c3,c3-done,c3,1 stars,,57,409855,100,390
2026-10-06T09:11:48.896633,2026-10-06T09:11:48.896633,s-sample-01,Sample Student 01,CYBR-2000,lesson,c4,c4-l1,lesson,,,,3603,5,390
2026-10-06T09:12:41.802563,2026-10-06T09:12:41.802563,s-sample-01,Sample Student 01,CYBR-2000,lesson,c4,c4-l2,lesson,,,,52905,5,390
2026-10-06T09:13:11.033902,2026-10-06T09:13:11.033902,s-sample-01,Sample Student 01,CYBR-2000,lesson,c4,c4-l3,lesson,,,,29231,5,390
2026-10-06T09:13:16.790783,2026-10-06T09:13:16.790783,s-sample-01,Sample Student 01,CYBR-2000,check,c4,c4-check,A security camera is mainly a...,Detect control,Detect control,1,5756,20,405
2026-10-06T09:13:29.960313,2026-10-06T09:13:29.960313,s-sample-01,Sample Student 01,CYBR-2000,answer,c4,c4-s1,A lock on the server room door,Detect,Prevent,0,13169,0,425
2026-10-06T09:13:40.353325,2026-10-06T09:13:40.353325,s-sample-01,Sample Student 01,CYBR-2000,answer,c4,c4-s2,A firewall that blocks bad traffic,Prevent,Prevent,1,10393,20,425
2026-10-06T09:13:49.846630,2026-10-06T09:13:49.846630,s-sample-01,Sample Student 01,CYBR-2000,answer,c4,c4-s3,Multi-factor authentication (MFA),Prevent,Prevent,1,9493,15,445
2026-10-06T09:14:00.587949,2026-10-06T09:14:00.587949,s-sample-01,Sample Student 01,CYBR-2000,answer,c4,c4-s4,A security camera in the hallway,Detect,Detect,1,10741,15,460
2026-10-06T09:14:05.530816,2026-10-06T09:14:05.530816,s-sample-01,Sample Student 01,CYBR-2000,answer,c4,c4-s5,An alert when someone logs in at 3 AM from another country,Detect,Detect,1,4942,10,475
2026-10-06T09:14:11.069812,2026-10-06T09:14:11.069812,s-sample-01,Sample Student 01,CYBR-2000,answer,c4,c4-s6,An intrusion detection system (IDS),Detect,Detect,1,5538,20,485
2026-10-06T09:14:15.073078,2026-10-06T09:14:15.073078,s-sample-01,Sample Student 01,CYBR-2000,answer,c4,c4-s7,Restoring files from last night's backup,Fix,Fix,1,4003,10,505
2026-10-06T09:14:32.358361,2026-10-06T09:14:32.358361,s-sample-01,Sample Student 01,CYBR-2000,answer,c4,c4-s8,Antivirus removing a virus it found,Fix,Fix,1,17285,20,515
2026-10-06T09:14:48.599014,2026-10-06T09:14:48.599014,s-sample-01,Sample Student 01,CYBR-2000,answer,c4,c4-s9,Rebuilding a laptop after ransomware,Fix,Fix,1,16240,20,535
2026-10-06T09:15:01.480748,2026-10-06T09:15:01.480748,s-sample-01,Sample Student 01,CYBR-2000,answer,c4,c4-k1,A tall fence around the data center,Physical,Physical,1,12881,15,555
2026-10-06T09:15:12.118868,2026-10-06T09:15:12.118868,s-sample-01,Sample Student 01,CYBR-2000,answer,c4,c4-k2,Encrypting files so only the owner can read them,Technical,Technical,1,10638,10,570
2026-10-06T09:15:30.022306,2026-10-06T09:15:30.022306,s-sample-01,Sample Student 01,CYBR-2000,answer,c4,c4-k3,"A school rule: ""Never share your password""",Administrative,Administrative,1,17903,15,580
2026-10-06T09:15:38.388238,2026-10-06T09:15:38.388238,s-sample-01,Sample Student 01,CYBR-2000,answer,c4,c4-k4,Training every student to spot phishing,other answer,Administrative,0,8365,0,595
2026-10-06T09:15:58.388238,2026-10-06T09:15:58.388238,s-sample-01,Sample Student 01,CYBR-2000,chapter_complete,c4,c4-done,c4,2 stars,,86,214588,230,620
2026-10-06T09:16:30.353787,2026-10-06T09:16:30.353787,s-sample-01,Sample Student 01,CYBR-2000,lesson,c5,c5-l1,lesson,,,,31965,5,620
2026-10-06T09:17:14.128426,2026-10-06T09:17:14.128426,s-sample-01,Sample Student 01,CYBR-2000,lesson,c5,c5-l2,lesson,,,,43774,5,620
2026-10-06T09:17:56.982071,2026-10-06T09:17:56.982071,s-sample-01,Sample Student 01,CYBR-2000,lesson,c5,c5-l3,lesson,,,,42853,5,620
2026-10-06T09:18:09.982910,2026-10-06T09:18:09.982910,s-sample-01,Sample Student 01,CYBR-2000,check,c5,c5-check,"The firewall rule is ""Allow port 443 only."" A packet wants port 3389. What happens?",Blocked,Blocked,1,13000,10,635
2026-10-06T09:18:17.638523,2026-10-06T09:18:17.638523,s-sample-01,Sample Student 01,CYBR-2000,answer,c5,c5-lane-website-ok,Gate Duty: website ok packets,ALLOW,ALLOW,1,7655,15,645
2026-10-06T09:18:26.618269,2026-10-06T09:18:26.618269,s-sample-01,Sample Student 01,CYBR-2000,answer,c5,c5-lane-website-ok,Gate Duty: website ok packets,BLOCK,ALLOW,0,8979,0,660
2026-10-06T09:18:38.200209,2026-10-06T09:18:38.200209,s-sample-01,Sample Student 01,CYBR-2000,answer,c5,c5-lane-website-ok,Gate Duty: website ok packets,ALLOW,ALLOW,1,11581,20,660
2026-10-06T09:18:45.322792,2026-10-06T09:18:45.322792,s-sample-01,Sample Student 01,CYBR-2000,answer,c5,c5-lane-website-ok,Gate Duty: website ok packets,ALLOW,ALLOW,1,7122,10,680
2026-10-06T09:19:00.779453,2026-10-06T09:19:00.779453,s-sample-01,Sample Student 01,CYBR-2000,answer,c5,c5-lane-website-ok,Gate Duty: website ok packets,ALLOW,ALLOW,1,15456,20,690
2026-10-06T09:19:07.578305,2026-10-06T09:19:07.578305,s-sample-01,Sample Student 01,CYBR-2000,answer,c5,c5-lane-bad-port,Gate Duty: bad port packets,BLOCK,BLOCK,1,6798,15,710
2026-10-06T09:19:11.984027,2026-10-06T09:19:11.984027,s-sample-01,Sample Student 01,CYBR-2000,answer,c5,c5-lane-bad-port,Gate Duty: bad port packets,BLOCK,BLOCK,1,4405,10,725
2026-10-06T09:19:22.595388,2026-10-06T09:19:22.595388,s-sample-01,Sample Student 01,CYBR-2000,answer,c5,c5-lane-bad-port,Gate Duty: bad port packets,BLOCK,BLOCK,1,10611,10,735
2026-10-06T09:19:39.986599,2026-10-06T09:19:39.986599,s-sample-01,Sample Student 01,CYBR-2000,answer,c5,c5-lane-bad-port,Gate Duty: bad port packets,BLOCK,BLOCK,1,17391,15,745
2026-10-06T09:19:54.110390,2026-10-06T09:19:54.110390,s-sample-01,Sample Student 01,CYBR-2000,answer,c5,c5-lane-bad-port,Gate Duty: bad port packets,BLOCK,BLOCK,1,14123,15,760
2026-10-06T09:20:03.215292,2026-10-06T09:20:03.215292,s-sample-01,Sample Student 01,CYBR-2000,answer,c5,c5-lane-blocklist,Gate Duty: blocklist packets,ALLOW,BLOCK,0,9104,0,775
2026-10-06T09:20:10.391134,2026-10-06T09:20:10.391134,s-sample-01,Sample Student 01,CYBR-2000,answer,c5,c5-lane-blocklist,Gate Duty: blocklist packets,BLOCK,BLOCK,1,7175,10,775
2026-10-06T09:20:21.148280,2026-10-06T09:20:21.148280,s-sample-01,Sample Student 01,CYBR-2000,answer,c5,c5-lane-blocklist,Gate Duty: blocklist packets,BLOCK,BLOCK,1,10757,20,785
2026-10-06T09:20:31.860908,2026-10-06T09:20:31.860908,s-sample-01,Sample Student 01,CYBR-2000,answer,c5,c5-lane-blocklist,Gate Duty: blocklist packets,ALLOW,BLOCK,0,10712,0,805
2026-10-06T09:20:47.055920,2026-10-06T09:20:47.055920,s-sample-01,Sample Student 01,CYBR-2000,answer,c5,c5-lane-blocklist,Gate Duty: blocklist packets,ALLOW,BLOCK,0,15195,0,805
2026-10-06T09:21:07.055920,2026-10-06T09:21:07.055920,s-sample-01,Sample Student 01,CYBR-2000,chapter_complete,c5,c5-done,c5,2 stars,,75,200346,210,830
2026-10-06T09:21:12.698263,2026-10-06T09:21:12.698263,s-sample-01,Sample Student 01,CYBR-2000,lesson,c6,c6-l1,lesson,,,,5642,5,830
2026-10-06T09:21:38.196175,2026-10-06T09:21:38.196175,s-sample-01,Sample Student 01,CYBR-2000,lesson,c6,c6-l2,lesson,,,,25497,5,830
2026-10-06T09:21:55.442490,2026-10-06T09:21:55.442490,s-sample-01,Sample Student 01,CYBR-2000,check,c6,c6-check,"Where should ""Block everything"" go?",At the bottom,At the bottom,1,17246,20,840
2026-10-06T09:22:05.061905,2026-10-06T09:22:05.061905,s-sample-01,Sample Student 01,CYBR-2000,answer,c6,c6-o1-try1,Let website visitors in. Keep everything else out.,all tests pass,all tests pass,1,9619,10,860
2026-10-06T09:22:11.441956,2026-10-06T09:22:11.441956,s-sample-01,Sample Student 01,CYBR-2000,answer,c6,c6-o2-try1,"Let website visitors in, except the known bad IP 203.0.113.66.",all tests pass,all tests pass,1,6380,10,870
2026-10-06T09:22:23.713328,2026-10-06T09:22:23.713328,s-sample-01,Sample Student 01,CYBR-2000,answer,c6,c6-o3-try1,Only the IT laptop (10.0.5.20) may use remote login on port 22. Websites stay open to all.,all tests pass,all tests pass,1,12271,15,880
2026-10-06T09:22:43.713328,2026-10-06T09:22:43.713328,s-sample-01,Sample Student 01,CYBR-2000,chapter_complete,c6,c6-done,c6,3 stars,,100,373560,115,945
2026-10-06T09:23:28.220977,2026-10-06T09:23:28.220977,s-sample-01,Sample Student 01,CYBR-2000,lesson,c7,c7-l1,lesson,,,,44507,5,945
2026-10-06T09:23:34.970847,2026-10-06T09:23:34.970847,s-sample-01,Sample Student 01,CYBR-2000,lesson,c7,c7-l2,lesson,,,,6749,5,945
2026-10-06T09:24:11.212714,2026-10-06T09:24:11.212714,s-sample-01,Sample Student 01,CYBR-2000,lesson,c7,c7-l3,lesson,,,,36241,5,945
2026-10-06T09:24:17.162224,2026-10-06T09:24:17.162224,s-sample-01,Sample Student 01,CYBR-2000,check,c7,c7-check,What does an IDS do when it finds an attack?,Raises an alert,Raises an alert,1,5949,10,960
2026-10-06T09:24:24.116817,2026-10-06T09:24:24.116817,s-sample-01,Sample Student 01,CYBR-2000,answer,c7,c7-w1,Message: Search: ' OR 1=1 --,Alert,Alert,1,6954,15,970
2026-10-06T09:24:35.133084,2026-10-06T09:24:35.133084,s-sample-01,Sample Student 01,CYBR-2000,answer,c7,c7-w2,Message: Show me the school calendar,Normal,Normal,1,11016,20,985
2026-10-06T09:24:46.754023,2026-10-06T09:24:46.754023,s-sample-01,Sample Student 01,CYBR-2000,answer,c7,c7-w3,Message: Comment: <script>steal()</script>,Alert,Alert,1,11620,10,1005
2026-10-06T09:25:01.112932,2026-10-06T09:25:01.112932,s-sample-01,Sample Student 01,CYBR-2000,answer,c7,c7-w4,Message: Search: script for the school play,Normal,Normal,1,14358,15,1015
2026-10-06T09:25:16.523590,2026-10-06T09:25:16.523590,s-sample-01,Sample Student 01,CYBR-2000,answer,c7,c7-w5,Activity: A school laptop sends 5 GB to an unknown server at 3:12 AM,Alert,Alert,1,15410,20,1030
2026-10-06T09:25:33.371685,2026-10-06T09:25:33.371685,s-sample-01,Sample Student 01,CYBR-2000,answer,c7,c7-w6,Activity: A student downloads a 20 MB PDF for class at 10 AM,Normal,Normal,1,16848,20,1050
2026-10-06T09:25:39.497394,2026-10-06T09:25:39.497394,s-sample-01,Sample Student 01,CYBR-2000,answer,c7,c7-w7,Message: Get file: ../../secret/grades.txt,Alert,Alert,1,6125,20,1070
2026-10-06T09:25:49.659143,2026-10-06T09:25:49.659143,s-sample-01,Sample Student 01,CYBR-2000,answer,c7,c7-w8,Activity: The same account fails to log in 50 times in one minute,Alert,Alert,1,10161,10,1090
2026-10-06T09:26:09.659143,2026-10-06T09:26:09.659143,s-sample-01,Sample Student 01,CYBR-2000,chapter_complete,c7,c7-done,c7,3 stars,,100,326053,205,1150
2026-10-06T09:26:33.198117,2026-10-06T09:26:33.198117,s-sample-01,Sample Student 01,CYBR-2000,lesson,c8,c8-l1,lesson,,,,23538,5,1150
2026-10-06T09:27:01.347671,2026-10-06T09:27:01.347671,s-sample-01,Sample Student 01,CYBR-2000,lesson,c8,c8-l2,lesson,,,,28149,5,1150
2026-10-06T09:27:40.759924,2026-10-06T09:27:40.759924,s-sample-01,Sample Student 01,CYBR-2000,lesson,c8,c8-l3,lesson,,,,39412,5,1150
2026-10-06T09:27:47.438210,2026-10-06T09:27:47.438210,s-sample-01,Sample Student 01,CYBR-2000,check,c8,c8-check,The IPS blocks a student's real homework upload by mistake. This is a...,False positive,False positive,1,6678,10,1165
2026-10-06T09:27:58.546206,2026-10-06T09:27:58.546206,s-sample-01,Sample Student 01,CYBR-2000,answer,c8,c8-lane-clean,Night Shift: clean packets,ALLOW,ALLOW,1,11107,20,1175
2026-10-06T09:28:15.062375,2026-10-06T09:28:15.062375,s-sample-01,Sample Student 01,CYBR-2000,answer,c8,c8-lane-clean,Night Shift: clean packets,ALLOW,ALLOW,1,16516,10,1195
2026-10-06T09:28:27.637765,2026-10-06T09:28:27.637765,s-sample-01,Sample Student 01,CYBR-2000,answer,c8,c8-lane-clean,Night Shift: clean packets,ALLOW,ALLOW,1,12575,20,1205
2026-10-06T09:28:34.429410,2026-10-06T09:28:34.429410,s-sample-01,Sample Student 01,CYBR-2000,answer,c8,c8-lane-clean,Night Shift: clean packets,ALLOW,ALLOW,1,6791,15,1225
2026-10-06T09:28:45.895406,2026-10-06T09:28:45.895406,s-sample-01,Sample Student 01,CYBR-2000,answer,c8,c8-lane-clean,Night Shift: clean packets,ALLOW,ALLOW,1,11465,15,1240
2026-10-06T09:28:53.362587,2026-10-06T09:28:53.362587,s-sample-01,Sample Student 01,CYBR-2000,answer,c8,c8-lane-tricky-clean,Night Shift: tricky clean packets,BLOCK,ALLOW,0,7467,0,1255
2026-10-06T09:29:09.626260,2026-10-06T09:29:09.626260,s-sample-01,Sample Student 01,CYBR-2000,answer,c8,c8-lane-tricky-clean,Night Shift: tricky clean packets,BLOCK,ALLOW,0,16263,0,1255
2026-10-06T09:29:26.545239,2026-10-06T09:29:26.545239,s-sample-01,Sample Student 01,CYBR-2000,answer,c8,c8-lane-tricky-clean,Night Shift: tricky clean packets,BLOCK,ALLOW,0,16918,0,1255
2026-10-06T09:29:33.381478,2026-10-06T09:29:33.381478,s-sample-01,Sample Student 01,CYBR-2000,answer,c8,c8-lane-tricky-clean,Night Shift: tricky clean packets,BLOCK,ALLOW,0,6836,0,1255
2026-10-06T09:29:43.214397,2026-10-06T09:29:43.214397,s-sample-01,Sample Student 01,CYBR-2000,answer,c8,c8-lane-tricky-clean,Night Shift: tricky clean packets,BLOCK,ALLOW,0,9832,0,1255
2026-10-06T09:29:51.638114,2026-10-06T09:29:51.638114,s-sample-01,Sample Student 01,CYBR-2000,answer,c8,c8-lane-signature,Night Shift: signature packets,BLOCK,BLOCK,1,8423,20,1255
2026-10-06T09:29:56.661805,2026-10-06T09:29:56.661805,s-sample-01,Sample Student 01,CYBR-2000,answer,c8,c8-lane-signature,Night Shift: signature packets,BLOCK,BLOCK,1,5023,20,1275
2026-10-06T09:30:02.374703,2026-10-06T09:30:02.374703,s-sample-01,Sample Student 01,CYBR-2000,answer,c8,c8-lane-signature,Night Shift: signature packets,BLOCK,BLOCK,1,5712,10,1295
2026-10-06T09:30:15.383115,2026-10-06T09:30:15.383115,s-sample-01,Sample Student 01,CYBR-2000,answer,c8,c8-lane-signature,Night Shift: signature packets,ALLOW,BLOCK,0,13008,0,1305
2026-10-06T09:30:22.926625,2026-10-06T09:30:22.926625,s-sample-01,Sample Student 01,CYBR-2000,answer,c8,c8-lane-signature,Night Shift: signature packets,BLOCK,BLOCK,1,7543,10,1305
2026-10-06T09:30:30.000855,2026-10-06T09:30:30.000855,s-sample-01,Sample Student 01,CYBR-2000,answer,c8,c8-lane-bad-port,Night Shift: bad port packets,ALLOW,BLOCK,0,7074,0,1315
2026-10-06T09:30:39.576451,2026-10-06T09:30:39.576451,s-sample-01,Sample Student 01,CYBR-2000,answer,c8,c8-lane-bad-port,Night Shift: bad port packets,ALLOW,BLOCK,0,9575,0,1315
2026-10-06T09:30:57.434651,2026-10-06T09:30:57.434651,s-sample-01,Sample Student 01,CYBR-2000,answer,c8,c8-lane-bad-port,Night Shift: bad port packets,BLOCK,BLOCK,1,17858,10,1315
2026-10-06T09:31:07.475956,2026-10-06T09:31:07.475956,s-sample-01,Sample Student 01,CYBR-2000,answer,c8,c8-lane-bad-port,Night Shift: bad port packets,BLOCK,BLOCK,1,10041,20,1325
2026-10-06T09:31:17.373827,2026-10-06T09:31:17.373827,s-sample-01,Sample Student 01,CYBR-2000,answer,c8,c8-lane-bad-port,Night Shift: bad port packets,BLOCK,BLOCK,1,9897,15,1345
2026-10-06T09:31:31.483939,2026-10-06T09:31:31.483939,s-sample-01,Sample Student 01,CYBR-2000,answer,c8,c8-lane-blocklist,Night Shift: blocklist packets,BLOCK,BLOCK,1,14110,10,1360
2026-10-06T09:31:41.905330,2026-10-06T09:31:41.905330,s-sample-01,Sample Student 01,CYBR-2000,answer,c8,c8-lane-blocklist,Night Shift: blocklist packets,BLOCK,BLOCK,1,10421,20,1370
2026-10-06T09:31:50.546300,2026-10-06T09:31:50.546300,s-sample-01,Sample Student 01,CYBR-2000,answer,c8,c8-lane-blocklist,Night Shift: blocklist packets,BLOCK,BLOCK,1,8640,20,1390
2026-10-06T09:32:07.997146,2026-10-06T09:32:07.997146,s-sample-01,Sample Student 01,CYBR-2000,answer,c8,c8-lane-blocklist,Night Shift: blocklist packets,BLOCK,BLOCK,1,17450,10,1410
2026-10-06T09:32:23.034229,2026-10-06T09:32:23.034229,s-sample-01,Sample Student 01,CYBR-2000,answer,c8,c8-lane-blocklist,Night Shift: blocklist packets,ALLOW,BLOCK,0,15037,0,1420
2026-10-06T09:32:43.034229,2026-10-06T09:32:43.034229,s-sample-01,Sample Student 01,CYBR-2000,chapter_complete,c8,c8-done,c8,1 stars,,65,413207,295,1445
2026-10-06T09:32:43.034229,2026-10-06T09:32:43.034229,s-sample-01,Sample Student 01,CYBR-2000,finish,,,,,,,,0,1445
2026-10-06T09:02:00,2026-10-06T09:02:00,s-sample-02,Sample Student 02,CYBR-2000,start,,,,avatar 0,,,,0,0
2026-10-06T09:02:03.158353,2026-10-06T09:02:03.158353,s-sample-02,Sample Student 02,CYBR-2000,lesson,c1,c1-l1,lesson,,,,3158,5,0
2026-10-06T09:02:56.841042,2026-10-06T09:02:56.841042,s-sample-02,Sample Student 02,CYBR-2000,lesson,c1,c1-l2,lesson,,,,53682,5,0
2026-10-06T09:03:37.378195,2026-10-06T09:03:37.378195,s-sample-02,Sample Student 02,CYBR-2000,lesson,c1,c1-l3,lesson,,,,40537,5,0
2026-10-06T09:03:42.630666,2026-10-06T09:03:42.630666,s-sample-02,Sample Student 02,CYBR-2000,check,c1,c1-check,Someone changes your grade from a C to an A without permission. Which part of CIA is broken?,Integrity,Integrity,1,5252,10,15
2026-10-06T09:03:49.197482,2026-10-06T09:03:49.197482,s-sample-02,Sample Student 02,CYBR-2000,answer,c1,c1-s1,A stranger reads your private messages.,Integrity,Confidentiality,0,6566,0,25
2026-10-06T09:03:56.962410,2026-10-06T09:03:56.962410,s-sample-02,Sample Student 02,CYBR-2000,answer,c1,c1-s2,A hacker changes the price of shoes on a store website to $1.,Availability,Integrity,0,7764,0,25
2026-10-06T09:04:02.202333,2026-10-06T09:04:02.202333,s-sample-02,Sample Student 02,CYBR-2000,answer,c1,c1-s3,The school website crashes on the first day of class.,Availability,Availability,1,5239,15,25
2026-10-06T09:04:18.189534,2026-10-06T09:04:18.189534,s-sample-02,Sample Student 02,CYBR-2000,answer,c1,c1-s4,Your friend watches over your shoulder as you type your PIN.,Confidentiality,Confidentiality,1,15987,10,40
2026-10-06T09:04:23.893020,2026-10-06T09:04:23.893020,s-sample-02,Sample Student 02,CYBR-2000,answer,c1,c1-s5,A virus edits files so the numbers in them are wrong.,Integrity,Integrity,1,5703,10,50
2026-10-06T09:04:35.635918,2026-10-06T09:04:35.635918,s-sample-02,Sample Student 02,CYBR-2000,answer,c1,c1-s6,A storm knocks out power to the server room.,Availability,Availability,1,11742,15,60
2026-10-06T09:04:40.240798,2026-10-06T09:04:40.240798,s-sample-02,Sample Student 02,CYBR-2000,answer,c1,c1-s7,"Thousands of fake visitors flood a game server, so real players cannot log in.",Confidentiality,Availability,0,4604,0,75
2026-10-06T09:04:57.374561,2026-10-06T09:04:57.374561,s-sample-02,Sample Student 02,CYBR-2000,answer,c1,c1-s8,Someone posts your password online.,Confidentiality,Confidentiality,1,17133,10,75
2026-10-06T09:05:17.374561,2026-10-06T09:05:17.374561,s-sample-02,Sample Student 02,CYBR-2000,chapter_complete,c1,c1-done,c1,1 stars,,67,242854,110,110
2026-10-06T09:05:53.091338,2026-10-06T09:05:53.091338,s-sample-02,Sample Student 02,CYBR-2000,lesson,c2,c2-l1,lesson,,,,35716,5,110
2026-10-06T09:05:59.129331,2026-10-06T09:05:59.129331,s-sample-02,Sample Student 02,CYBR-2000,lesson,c2,c2-l2,lesson,,,,6037,5,110
2026-10-06T09:06:03.211420,2026-10-06T09:06:03.211420,s-sample-02,Sample Student 02,CYBR-2000,lesson,c2,c2-l3,lesson,,,,4082,5,110
2026-10-06T09:06:17.474545,2026-10-06T09:06:17.474545,s-sample-02,Sample Student 02,CYBR-2000,check,c2,c2-check,Which one is MFA?,A password and a code sent to your phone,A password and a code sent to your phone,1,14263,20,125
2026-10-06T09:06:28.673834,2026-10-06T09:06:28.673834,s-sample-02,Sample Student 02,CYBR-2000,answer,c2,c2-p1,Which password is stronger?,other answer,blue-river-pizza-cloud,0,11199,0,145
2026-10-06T09:06:38.932612,2026-10-06T09:06:38.932612,s-sample-02,Sample Student 02,CYBR-2000,answer,c2,c2-p2,Which password is stronger?,maple-guitar-orbit-sock,maple-guitar-orbit-sock,1,10258,20,145
2026-10-06T09:06:48.983098,2026-10-06T09:06:48.983098,s-sample-02,Sample Student 02,CYBR-2000,answer,c2,c2-p3,Which password is stronger?,other answer,correct-horse-lamp-yellow,0,10050,0,165
2026-10-06T09:07:04.667693,2026-10-06T09:07:04.667693,s-sample-02,Sample Student 02,CYBR-2000,answer,c2,c2-p4,Which habit is safer?,"A different password on every site, saved in a password manager","A different password on every site, saved in a password manager",1,15684,15,165
2026-10-06T09:07:12.976656,2026-10-06T09:07:12.976656,s-sample-02,Sample Student 02,CYBR-2000,answer,c2,c2-p5,Which password is stronger?,other answer,Qz8#mL2!vR9p,0,8308,0,180
2026-10-06T09:07:20.190583,2026-10-06T09:07:20.190583,s-sample-02,Sample Student 02,CYBR-2000,answer,c2,c2-q1,You get a text with a login code you did not ask for. What should you do?,Ignore the code and change your password,Ignore the code and change your password,1,7213,10,180
2026-10-06T09:07:34.084739,2026-10-06T09:07:34.084739,s-sample-02,Sample Student 02,CYBR-2000,answer,c2,c2-q2,A friend asks for your game password so they can level up your character. What do you do?,other answer,"Say no, and keep your password private",0,13894,0,190
2026-10-06T09:07:54.084739,2026-10-06T09:07:54.084739,s-sample-02,Sample Student 02,CYBR-2000,chapter_complete,c2,c2-done,c2,1 stars,,50,332634,105,215
2026-10-06T09:07:58.703530,2026-10-06T09:07:58.703530,s-sample-02,Sample Student 02,CYBR-2000,lesson,c3,c3-l1,lesson,,,,4618,5,215
2026-10-06T09:08:42.972359,2026-10-06T09:08:42.972359,s-sample-02,Sample Student 02,CYBR-2000,lesson,c3,c3-l2,lesson,,,,44268,5,215
2026-10-06T09:09:24.004084,2026-10-06T09:09:24.004084,s-sample-02,Sample Student 02,CYBR-2000,lesson,c3,c3-l3,lesson,,,,41031,5,215
2026-10-06T09:09:31.951150,2026-10-06T09:09:31.951150,s-sample-02,Sample Student 02,CYBR-2000,check,c3,c3-check,Which is the biggest red flag?,The email asks you to type your password on a link,The email asks you to type your password on a link,1,7947,10,230
2026-10-06T09:09:36.584475,2026-10-06T09:09:36.584475,s-sample-02,Sample Student 02,CYBR-2000,answer,c3,c3-e1,Netflix: Account suspended! Update payment in 2 hours,Phish,Phish,1,4633,10,240
2026-10-06T09:09:46.826020,2026-10-06T09:09:46.826020,s-sample-02,Sample Student 02,CYBR-2000,answer,c3,c3-e2,Ms. Carter: Reminder: quiz moved to Friday,Safe,Safe,1,10241,15,250
2026-10-06T09:09:55.430986,2026-10-06T09:09:55.430986,s-sample-02,Sample Student 02,CYBR-2000,answer,c3,c3-e3,"Roblox Rewards: YOU WON 10,000 ROBUX!!!",Phish,Phish,1,8604,20,265
2026-10-06T09:09:59.913240,2026-10-06T09:09:59.913240,s-sample-02,Sample Student 02,CYBR-2000,answer,c3,c3-e4,"Principal Grant: Quick favor, keep it secret",Phish,Phish,1,4482,15,285
2026-10-06T09:10:06.474650,2026-10-06T09:10:06.474650,s-sample-02,Sample Student 02,CYBR-2000,answer,c3,c3-e5,USPS: Package on hold,Phish,Phish,1,6561,15,300
2026-10-06T09:10:17.119661,2026-10-06T09:10:17.119661,s-sample-02,Sample Student 02,CYBR-2000,answer,c3,c3-e6,Library: Your book is due Monday,Safe,Safe,1,10645,20,315
2026-10-06T09:10:37.119661,2026-10-06T09:10:37.119661,s-sample-02,Sample Student 02,CYBR-2000,chapter_complete,c3,c3-done,c3,3 stars,,100,337444,170,385
2026-10-06T09:10:41.112379,2026-10-06T09:10:41.112379,s-sample-02,Sample Student 02,CYBR-2000,lesson,c4,c4-l1,lesson,,,,3992,5,385
2026-10-06T09:11:23.758010,2026-10-06T09:11:23.758010,s-sample-02,Sample Student 02,CYBR-2000,lesson,c4,c4-l2,lesson,,,,42645,5,385
2026-10-06T09:11:58.397592,2026-10-06T09:11:58.397592,s-sample-02,Sample Student 02,CYBR-2000,lesson,c4,c4-l3,lesson,,,,34639,5,385
2026-10-06T09:12:04.571122,2026-10-06T09:12:04.571122,s-sample-02,Sample Student 02,CYBR-2000,check,c4,c4-check,A security camera is mainly a...,other answer,Detect control,0,6173,0,400
2026-10-06T09:12:19.547697,2026-10-06T09:12:19.547697,s-sample-02,Sample Student 02,CYBR-2000,answer,c4,c4-s1,A lock on the server room door,Detect,Prevent,0,14976,0,400
2026-10-06T09:12:34.248056,2026-10-06T09:12:34.248056,s-sample-02,Sample Student 02,CYBR-2000,answer,c4,c4-s2,A firewall that blocks bad traffic,Prevent,Prevent,1,14700,20,400
2026-10-06T09:12:40.340540,2026-10-06T09:12:40.340540,s-sample-02,Sample Student 02,CYBR-2000,answer,c4,c4-s3,Multi-factor authentication (MFA),Detect,Prevent,0,6092,0,420
2026-10-06T09:12:53.345612,2026-10-06T09:12:53.345612,s-sample-02,Sample Student 02,CYBR-2000,answer,c4,c4-s4,A security camera in the hallway,Detect,Detect,1,13005,10,420
2026-10-06T09:13:07.355766,2026-10-06T09:13:07.355766,s-sample-02,Sample Student 02,CYBR-2000,answer,c4,c4-s5,An alert when someone logs in at 3 AM from another country,Fix,Detect,0,14010,0,430
2026-10-06T09:13:17.365192,2026-10-06T09:13:17.365192,s-sample-02,Sample Student 02,CYBR-2000,answer,c4,c4-s6,An intrusion detection system (IDS),Detect,Detect,1,10009,20,430
2026-10-06T09:13:23.315499,2026-10-06T09:13:23.315499,s-sample-02,Sample Student 02,CYBR-2000,answer,c4,c4-s7,Restoring files from last night's backup,Prevent,Fix,0,5950,0,450
2026-10-06T09:13:34.376694,2026-10-06T09:13:34.376694,s-sample-02,Sample Student 02,CYBR-2000,answer,c4,c4-s8,Antivirus removing a virus it found,Fix,Fix,1,11061,10,450
2026-10-06T09:13:46.553555,2026-10-06T09:13:46.553555,s-sample-02,Sample Student 02,CYBR-2000,answer,c4,c4-s9,Rebuilding a laptop after ransomware,Prevent,Fix,0,12176,0,460
2026-10-06T09:14:00.114090,2026-10-06T09:14:00.114090,s-sample-02,Sample Student 02,CYBR-2000,answer,c4,c4-k1,A tall fence around the data center,other answer,Physical,0,13560,0,460
2026-10-06T09:14:07.333260,2026-10-06T09:14:07.333260,s-sample-02,Sample Student 02,CYBR-2000,answer,c4,c4-k2,Encrypting files so only the owner can read them,Technical,Technical,1,7219,10,460
2026-10-06T09:14:20.252938,2026-10-06T09:14:20.252938,s-sample-02,Sample Student 02,CYBR-2000,answer,c4,c4-k3,"A school rule: ""Never share your password""",Administrative,Administrative,1,12919,10,470
2026-10-06T09:14:30.572345,2026-10-06T09:14:30.572345,s-sample-02,Sample Student 02,CYBR-2000,answer,c4,c4-k4,Training every student to spot phishing,Administrative,Administrative,1,10319,10,480
2026-10-06T09:14:50.572345,2026-10-06T09:14:50.572345,s-sample-02,Sample Student 02,CYBR-2000,chapter_complete,c4,c4-done,c4,1 stars,,50,330664,130,515
2026-10-06T09:14:56.077251,2026-10-06T09:14:56.077251,s-sample-02,Sample Student 02,CYBR-2000,lesson,c5,c5-l1,lesson,,,,5504,5,515
2026-10-06T09:15:39.389867,2026-10-06T09:15:39.389867,s-sample-02,Sample Student 02,CYBR-2000,lesson,c5,c5-l2,lesson,,,,43312,5,515
2026-10-06T09:16:19.481453,2026-10-06T09:16:19.481453,s-sample-02,Sample Student 02,CYBR-2000,lesson,c5,c5-l3,lesson,,,,40091,5,515
2026-10-06T09:16:24.523753,2026-10-06T09:16:24.523753,s-sample-02,Sample Student 02,CYBR-2000,check,c5,c5-check,"The firewall rule is ""Allow port 443 only."" A packet wants port 3389. What happens?",Blocked,Blocked,1,5042,15,530
2026-10-06T09:16:39.113933,2026-10-06T09:16:39.113933,s-sample-02,Sample Student 02,CYBR-2000,answer,c5,c5-lane-website-ok,Gate Duty: website ok packets,ALLOW,ALLOW,1,14590,10,545
2026-10-06T09:16:56.774224,2026-10-06T09:16:56.774224,s-sample-02,Sample Student 02,CYBR-2000,answer,c5,c5-lane-website-ok,Gate Duty: website ok packets,ALLOW,ALLOW,1,17660,15,555
2026-10-06T09:17:01.848582,2026-10-06T09:17:01.848582,s-sample-02,Sample Student 02,CYBR-2000,answer,c5,c5-lane-website-ok,Gate Duty: website ok packets,BLOCK,ALLOW,0,5074,0,570
2026-10-06T09:17:09.871050,2026-10-06T09:17:09.871050,s-sample-02,Sample Student 02,CYBR-2000,answer,c5,c5-lane-website-ok,Gate Duty: website ok packets,BLOCK,ALLOW,0,8022,0,570
2026-10-06T09:17:22.730150,2026-10-06T09:17:22.730150,s-sample-02,Sample Student 02,CYBR-2000,answer,c5,c5-lane-website-ok,Gate Duty: website ok packets,ALLOW,ALLOW,1,12859,10,570
2026-10-06T09:17:28.794101,2026-10-06T09:17:28.794101,s-sample-02,Sample Student 02,CYBR-2000,answer,c5,c5-lane-bad-port,Gate Duty: bad port packets,BLOCK,BLOCK,1,6063,15,580
2026-10-06T09:17:42.494517,2026-10-06T09:17:42.494517,s-sample-02,Sample Student 02,CYBR-2000,answer,c5,c5-lane-bad-port,Gate Duty: bad port packets,BLOCK,BLOCK,1,13700,20,595
2026-10-06T09:17:46.669086,2026-10-06T09:17:46.669086,s-sample-02,Sample Student 02,CYBR-2000,answer,c5,c5-lane-bad-port,Gate Duty: bad port packets,BLOCK,BLOCK,1,4174,10,615
2026-10-06T09:18:04.284212,2026-10-06T09:18:04.284212,s-sample-02,Sample Student 02,CYBR-2000,answer,c5,c5-lane-bad-port,Gate Duty: bad port packets,BLOCK,BLOCK,1,17615,10,625
2026-10-06T09:18:17.744119,2026-10-06T09:18:17.744119,s-sample-02,Sample Student 02,CYBR-2000,answer,c5,c5-lane-bad-port,Gate Duty: bad port packets,BLOCK,BLOCK,1,13459,15,635
2026-10-06T09:18:25.741729,2026-10-06T09:18:25.741729,s-sample-02,Sample Student 02,CYBR-2000,answer,c5,c5-lane-blocklist,Gate Duty: blocklist packets,ALLOW,BLOCK,0,7997,0,650
2026-10-06T09:18:40.482106,2026-10-06T09:18:40.482106,s-sample-02,Sample Student 02,CYBR-2000,answer,c5,c5-lane-blocklist,Gate Duty: blocklist packets,ALLOW,BLOCK,0,14740,0,650
2026-10-06T09:18:52.169177,2026-10-06T09:18:52.169177,s-sample-02,Sample Student 02,CYBR-2000,answer,c5,c5-lane-blocklist,Gate Duty: blocklist packets,ALLOW,BLOCK,0,11687,0,650
2026-10-06T09:18:57.371137,2026-10-06T09:18:57.371137,s-sample-02,Sample Student 02,CYBR-2000,answer,c5,c5-lane-blocklist,Gate Duty: blocklist packets,BLOCK,BLOCK,1,5201,15,650
2026-10-06T09:19:07.796729,2026-10-06T09:19:07.796729,s-sample-02,Sample Student 02,CYBR-2000,answer,c5,c5-lane-blocklist,Gate Duty: blocklist packets,BLOCK,BLOCK,1,10425,20,665
2026-10-06T09:19:27.796729,2026-10-06T09:19:27.796729,s-sample-02,Sample Student 02,CYBR-2000,chapter_complete,c5,c5-done,c5,1 stars,,69,412345,195,710
2026-10-06T09:19:32.594533,2026-10-06T09:19:32.594533,s-sample-02,Sample Student 02,CYBR-2000,lesson,c6,c6-l1,lesson,,,,4797,5,710
2026-10-06T09:19:54.387263,2026-10-06T09:19:54.387263,s-sample-02,Sample Student 02,CYBR-2000,lesson,c6,c6-l2,lesson,,,,21792,5,710
2026-10-06T09:20:00.243734,2026-10-06T09:20:00.243734,s-sample-02,Sample Student 02,CYBR-2000,check,c6,c6-check,"Where should ""Block everything"" go?",other answer,At the bottom,0,5856,0,720
2026-10-06T09:20:11.366155,2026-10-06T09:20:11.366155,s-sample-02,Sample Student 02,CYBR-2000,answer,c6,c6-o1-try1,Let website visitors in. Keep everything else out.,other answer,all tests pass,0,11122,0,720
2026-10-06T09:20:25.212874,2026-10-06T09:20:25.212874,s-sample-02,Sample Student 02,CYBR-2000,answer,c6,c6-o2-try1,"Let website visitors in, except the known bad IP 203.0.113.66.",other answer,all tests pass,0,13846,0,720
2026-10-06T09:20:41.780754,2026-10-06T09:20:41.780754,s-sample-02,Sample Student 02,CYBR-2000,answer,c6,c6-o3-try1,Only the IT laptop (10.0.5.20) may use remote login on port 22. Websites stay open to all.,all tests pass,all tests pass,1,16567,15,720
2026-10-06T09:21:01.780754,2026-10-06T09:21:01.780754,s-sample-02,Sample Student 02,CYBR-2000,chapter_complete,c6,c6-done,c6,1 stars,,25,274579,50,760
2026-10-06T09:21:59.679056,2026-10-06T09:21:59.679056,s-sample-02,Sample Student 02,CYBR-2000,lesson,c7,c7-l1,lesson,,,,57898,5,760
2026-10-06T09:22:23.588759,2026-10-06T09:22:23.588759,s-sample-02,Sample Student 02,CYBR-2000,lesson,c7,c7-l2,lesson,,,,23909,5,760
2026-10-06T09:22:55.504382,2026-10-06T09:22:55.504382,s-sample-02,Sample Student 02,CYBR-2000,lesson,c7,c7-l3,lesson,,,,31915,5,760
2026-10-06T09:23:01.184961,2026-10-06T09:23:01.184961,s-sample-02,Sample Student 02,CYBR-2000,check,c7,c7-check,What does an IDS do when it finds an attack?,other answer,Raises an alert,0,5680,0,775
2026-10-06T09:23:15.167291,2026-10-06T09:23:15.167291,s-sample-02,Sample Student 02,CYBR-2000,answer,c7,c7-w1,Message: Search: ' OR 1=1 --,Normal,Alert,0,13982,0,775
2026-10-06T09:23:23.224952,2026-10-06T09:23:23.224952,s-sample-02,Sample Student 02,CYBR-2000,answer,c7,c7-w2,Message: Show me the school calendar,Alert,Normal,0,8057,0,775
2026-10-06T09:23:32.725543,2026-10-06T09:23:32.725543,s-sample-02,Sample Student 02,CYBR-2000,answer,c7,c7-w3,Message: Comment: <script>steal()</script>,Alert,Alert,1,9500,20,775
2026-10-06T09:23:49.681360,2026-10-06T09:23:49.681360,s-sample-02,Sample Student 02,CYBR-2000,answer,c7,c7-w4,Message: Search: script for the school play,Normal,Normal,1,16955,15,795
2026-10-06T09:23:57.610288,2026-10-06T09:23:57.610288,s-sample-02,Sample Student 02,CYBR-2000,answer,c7,c7-w5,Activity: A school laptop sends 5 GB to an unknown server at 3:12 AM,Normal,Alert,0,7928,0,810
2026-10-06T09:24:10.877983,2026-10-06T09:24:10.877983,s-sample-02,Sample Student 02,CYBR-2000,answer,c7,c7-w6,Activity: A student downloads a 20 MB PDF for class at 10 AM,Normal,Normal,1,13267,20,810
2026-10-06T09:24:18.368529,2026-10-06T09:24:18.368529,s-sample-02,Sample Student 02,CYBR-2000,answer,c7,c7-w7,Message: Get file: ../../secret/grades.txt,Normal,Alert,0,7490,0,830
2026-10-06T09:24:29.522011,2026-10-06T09:24:29.522011,s-sample-02,Sample Student 02,CYBR-2000,answer,c7,c7-w8,Activity: The same account fails to log in 50 times in one minute,Alert,Alert,1,11153,10,830
2026-10-06T09:24:49.522011,2026-10-06T09:24:49.522011,s-sample-02,Sample Student 02,CYBR-2000,chapter_complete,c7,c7-done,c7,1 stars,,44,365564,105,865
2026-10-06T09:25:10.247294,2026-10-06T09:25:10.247294,s-sample-02,Sample Student 02,CYBR-2000,lesson,c8,c8-l1,lesson,,,,20725,5,865
2026-10-06T09:25:14.847461,2026-10-06T09:25:14.847461,s-sample-02,Sample Student 02,CYBR-2000,lesson,c8,c8-l2,lesson,,,,4600,5,865
2026-10-06T09:25:34.925454,2026-10-06T09:25:34.925454,s-sample-02,Sample Student 02,CYBR-2000,lesson,c8,c8-l3,lesson,,,,20077,5,865
2026-10-06T09:25:40.865469,2026-10-06T09:25:40.865469,s-sample-02,Sample Student 02,CYBR-2000,check,c8,c8-check,The IPS blocks a student's real homework upload by mistake. This is a...,False positive,False positive,1,5940,15,880
2026-10-06T09:25:57.632142,2026-10-06T09:25:57.632142,s-sample-02,Sample Student 02,CYBR-2000,answer,c8,c8-lane-clean,Night Shift: clean packets,ALLOW,ALLOW,1,16766,20,895
2026-10-06T09:26:08.242719,2026-10-06T09:26:08.242719,s-sample-02,Sample Student 02,CYBR-2000,answer,c8,c8-lane-clean,Night Shift: clean packets,ALLOW,ALLOW,1,10610,15,915
2026-10-06T09:26:15.823118,2026-10-06T09:26:15.823118,s-sample-02,Sample Student 02,CYBR-2000,answer,c8,c8-lane-clean,Night Shift: clean packets,ALLOW,ALLOW,1,7580,20,930
2026-10-06T09:26:23.465485,2026-10-06T09:26:23.465485,s-sample-02,Sample Student 02,CYBR-2000,answer,c8,c8-lane-clean,Night Shift: clean packets,BLOCK,ALLOW,0,7642,0,950
2026-10-06T09:26:31.677193,2026-10-06T09:26:31.677193,s-sample-02,Sample Student 02,CYBR-2000,answer,c8,c8-lane-clean,Night Shift: clean packets,ALLOW,ALLOW,1,8211,20,950
2026-10-06T09:26:37.353588,2026-10-06T09:26:37.353588,s-sample-02,Sample Student 02,CYBR-2000,answer,c8,c8-lane-tricky-clean,Night Shift: tricky clean packets,BLOCK,ALLOW,0,5676,0,970
2026-10-06T09:26:42.405976,2026-10-06T09:26:42.405976,s-sample-02,Sample Student 02,CYBR-2000,answer,c8,c8-lane-tricky-clean,Night Shift: tricky clean packets,BLOCK,ALLOW,0,5052,0,970
2026-10-06T09:26:57.771548,2026-10-06T09:26:57.771548,s-sample-02,Sample Student 02,CYBR-2000,answer,c8,c8-lane-tricky-clean,Night Shift: tricky clean packets,BLOCK,ALLOW,0,15365,0,970
2026-10-06T09:27:08.113353,2026-10-06T09:27:08.113353,s-sample-02,Sample Student 02,CYBR-2000,answer,c8,c8-lane-tricky-clean,Night Shift: tricky clean packets,BLOCK,ALLOW,0,10341,0,970
2026-10-06T09:27:22.742823,2026-10-06T09:27:22.742823,s-sample-02,Sample Student 02,CYBR-2000,answer,c8,c8-lane-tricky-clean,Night Shift: tricky clean packets,ALLOW,ALLOW,1,14629,15,970
2026-10-06T09:27:29.436522,2026-10-06T09:27:29.436522,s-sample-02,Sample Student 02,CYBR-2000,answer,c8,c8-lane-signature,Night Shift: signature packets,BLOCK,BLOCK,1,6693,10,985
2026-10-06T09:27:41.218759,2026-10-06T09:27:41.218759,s-sample-02,Sample Student 02,CYBR-2000,answer,c8,c8-lane-signature,Night Shift: signature packets,BLOCK,BLOCK,1,11782,15,995
2026-10-06T09:27:48.835765,2026-10-06T09:27:48.835765,s-sample-02,Sample Student 02,CYBR-2000,answer,c8,c8-lane-signature,Night Shift: signature packets,BLOCK,BLOCK,1,7617,20,1010
2026-10-06T09:27:53.116909,2026-10-06T09:27:53.116909,s-sample-02,Sample Student 02,CYBR-2000,answer,c8,c8-lane-signature,Night Shift: signature packets,BLOCK,BLOCK,1,4281,15,1030
2026-10-06T09:28:07.558677,2026-10-06T09:28:07.558677,s-sample-02,Sample Student 02,CYBR-2000,answer,c8,c8-lane-signature,Night Shift: signature packets,BLOCK,BLOCK,1,14441,10,1045
2026-10-06T09:28:16.293520,2026-10-06T09:28:16.293520,s-sample-02,Sample Student 02,CYBR-2000,answer,c8,c8-lane-bad-port,Night Shift: bad port packets,BLOCK,BLOCK,1,8734,10,1055
2026-10-06T09:28:28.333451,2026-10-06T09:28:28.333451,s-sample-02,Sample Student 02,CYBR-2000,answer,c8,c8-lane-bad-port,Night Shift: bad port packets,BLOCK,BLOCK,1,12039,15,1065
2026-10-06T09:28:39.380991,2026-10-06T09:28:39.380991,s-sample-02,Sample Student 02,CYBR-2000,answer,c8,c8-lane-bad-port,Night Shift: bad port packets,BLOCK,BLOCK,1,11047,20,1080
2026-10-06T09:28:55.261843,2026-10-06T09:28:55.261843,s-sample-02,Sample Student 02,CYBR-2000,answer,c8,c8-lane-bad-port,Night Shift: bad port packets,ALLOW,BLOCK,0,15880,0,1100
2026-10-06T09:29:11.816905,2026-10-06T09:29:11.816905,s-sample-02,Sample Student 02,CYBR-2000,answer,c8,c8-lane-bad-port,Night Shift: bad port packets,BLOCK,BLOCK,1,16555,15,1100
2026-10-06T09:29:22.058922,2026-10-06T09:29:22.058922,s-sample-02,Sample Student 02,CYBR-2000,answer,c8,c8-lane-blocklist,Night Shift: blocklist packets,BLOCK,BLOCK,1,10242,15,1115
2026-10-06T09:29:38.279396,2026-10-06T09:29:38.279396,s-sample-02,Sample Student 02,CYBR-2000,answer,c8,c8-lane-blocklist,Night Shift: blocklist packets,ALLOW,BLOCK,0,16220,0,1130
2026-10-06T09:29:42.730805,2026-10-06T09:29:42.730805,s-sample-02,Sample Student 02,CYBR-2000,answer,c8,c8-lane-blocklist,Night Shift: blocklist packets,BLOCK,BLOCK,1,4451,20,1130
2026-10-06T09:29:57.990295,2026-10-06T09:29:57.990295,s-sample-02,Sample Student 02,CYBR-2000,answer,c8,c8-lane-blocklist,Night Shift: blocklist packets,ALLOW,BLOCK,0,15259,0,1150
2026-10-06T09:30:08.847836,2026-10-06T09:30:08.847836,s-sample-02,Sample Student 02,CYBR-2000,answer,c8,c8-lane-blocklist,Night Shift: blocklist packets,ALLOW,BLOCK,0,10857,0,1150
2026-10-06T09:30:28.847836,2026-10-06T09:30:28.847836,s-sample-02,Sample Student 02,CYBR-2000,chapter_complete,c8,c8-done,c8,1 stars,,65,197553,310,1175
2026-10-06T09:30:28.847836,2026-10-06T09:30:28.847836,s-sample-02,Sample Student 02,CYBR-2000,finish,,,,,,,,0,1175
2026-10-06T09:04:00,2026-10-06T09:04:00,s-sample-03,Sample Student 03,CYBR-2000,start,,,,avatar 0,,,,0,0
2026-10-06T09:04:06.421851,2026-10-06T09:04:06.421851,s-sample-03,Sample Student 03,CYBR-2000,lesson,c1,c1-l1,lesson,,,,6421,5,0
2026-10-06T09:04:10.317053,2026-10-06T09:04:10.317053,s-sample-03,Sample Student 03,CYBR-2000,lesson,c1,c1-l2,lesson,,,,3895,5,0
2026-10-06T09:04:58.629935,2026-10-06T09:04:58.629935,s-sample-03,Sample Student 03,CYBR-2000,lesson,c1,c1-l3,lesson,,,,48312,5,0
2026-10-06T09:05:13.505998,2026-10-06T09:05:13.505998,s-sample-03,Sample Student 03,CYBR-2000,check,c1,c1-check,Someone changes your grade from a C to an A without permission. Which part of CIA is broken?,Integrity,Integrity,1,14876,10,15
2026-10-06T09:05:20.762074,2026-10-06T09:05:20.762074,s-sample-03,Sample Student 03,CYBR-2000,answer,c1,c1-s1,A stranger reads your private messages.,Confidentiality,Confidentiality,1,7256,10,25
2026-10-06T09:05:29.015026,2026-10-06T09:05:29.015026,s-sample-03,Sample Student 03,CYBR-2000,answer,c1,c1-s2,A hacker changes the price of shoes on a store website to $1.,Integrity,Integrity,1,8252,10,35
2026-10-06T09:05:40.410570,2026-10-06T09:05:40.410570,s-sample-03,Sample Student 03,CYBR-2000,answer,c1,c1-s3,The school website crashes on the first day of class.,Availability,Availability,1,11395,15,45
2026-10-06T09:05:45.980428,2026-10-06T09:05:45.980428,s-sample-03,Sample Student 03,CYBR-2000,answer,c1,c1-s4,Your friend watches over your shoulder as you type your PIN.,Confidentiality,Confidentiality,1,5569,10,60
2026-10-06T09:06:03.189994,2026-10-06T09:06:03.189994,s-sample-03,Sample Student 03,CYBR-2000,answer,c1,c1-s5,A virus edits files so the numbers in them are wrong.,Integrity,Integrity,1,17209,10,70
2026-10-06T09:06:10.320156,2026-10-06T09:06:10.320156,s-sample-03,Sample Student 03,CYBR-2000,answer,c1,c1-s6,A storm knocks out power to the server room.,Availability,Availability,1,7130,20,80
2026-10-06T09:06:21.844824,2026-10-06T09:06:21.844824,s-sample-03,Sample Student 03,CYBR-2000,answer,c1,c1-s7,"Thousands of fake visitors flood a game server, so real players cannot log in.",Availability,Availability,1,11524,15,100
2026-10-06T09:06:30.273822,2026-10-06T09:06:30.273822,s-sample-03,Sample Student 03,CYBR-2000,answer,c1,c1-s8,Someone posts your password online.,Confidentiality,Confidentiality,1,8428,10,115
2026-10-06T09:06:50.273822,2026-10-06T09:06:50.273822,s-sample-03,Sample Student 03,CYBR-2000,chapter_complete,c1,c1-done,c1,3 stars,,100,294073,175,175
2026-10-06T09:07:34.289178,2026-10-06T09:07:34.289178,s-sample-03,Sample Student 03,CYBR-2000,lesson,c2,c2-l1,lesson,,,,44015,5,175
2026-10-06T09:07:59.142059,2026-10-06T09:07:59.142059,s-sample-03,Sample Student 03,CYBR-2000,lesson,c2,c2-l2,lesson,,,,24852,5,175
2026-10-06T09:08:20.547926,2026-10-06T09:08:20.547926,s-sample-03,Sample Student 03,CYBR-2000,lesson,c2,c2-l3,lesson,,,,21405,5,175
2026-10-06T09:08:27.722931,2026-10-06T09:08:27.722931,s-sample-03,Sample Student 03,CYBR-2000,check,c2,c2-check,Which one is MFA?,A password and a code sent to your phone,A password and a code sent to your phone,1,7175,10,190
2026-10-06T09:08:41.779582,2026-10-06T09:08:41.779582,s-sample-03,Sample Student 03,CYBR-2000,answer,c2,c2-p1,Which password is stronger?,blue-river-pizza-cloud,blue-river-pizza-cloud,1,14056,15,200
2026-10-06T09:08:48.552697,2026-10-06T09:08:48.552697,s-sample-03,Sample Student 03,CYBR-2000,answer,c2,c2-p2,Which password is stronger?,maple-guitar-orbit-sock,maple-guitar-orbit-sock,1,6773,15,215
2026-10-06T09:08:59.620994,2026-10-06T09:08:59.620994,s-sample-03,Sample Student 03,CYBR-2000,answer,c2,c2-p3,Which password is stronger?,other answer,correct-horse-lamp-yellow,0,11068,0,230
2026-10-06T09:09:17.199016,2026-10-06T09:09:17.199016,s-sample-03,Sample Student 03,CYBR-2000,answer,c2,c2-p4,Which habit is safer?,"A different password on every site, saved in a password manager","A different password on every site, saved in a password manager",1,17578,15,230
2026-10-06T09:09:23.914082,2026-10-06T09:09:23.914082,s-sample-03,Sample Student 03,CYBR-2000,answer,c2,c2-p5,Which password is stronger?,Qz8#mL2!vR9p,Qz8#mL2!vR9p,1,6715,15,245
2026-10-06T09:09:38.560672,2026-10-06T09:09:38.560672,s-sample-03,Sample Student 03,CYBR-2000,answer,c2,c2-q1,You get a text with a login code you did not ask for. What should you do?,Ignore the code and change your password,Ignore the code and change your password,1,14646,15,260
2026-10-06T09:09:51.291030,2026-10-06T09:09:51.291030,s-sample-03,Sample Student 03,CYBR-2000,answer,c2,c2-q2,A friend asks for your game password so they can level up your character. What do you do?,"Say no, and keep your password private","Say no, and keep your password private",1,12730,20,275
2026-10-06T09:10:11.291030,2026-10-06T09:10:11.291030,s-sample-03,Sample Student 03,CYBR-2000,chapter_complete,c2,c2-done,c2,2 stars,,88,224955,145,320
2026-10-06T09:10:47.923386,2026-10-06T09:10:47.923386,s-sample-03,Sample Student 03,CYBR-2000,lesson,c3,c3-l1,lesson,,,,36632,5,320
2026-10-06T09:11:13.247113,2026-10-06T09:11:13.247113,s-sample-03,Sample Student 03,CYBR-2000,lesson,c3,c3-l2,lesson,,,,25323,5,320
2026-10-06T09:11:33.424416,2026-10-06T09:11:33.424416,s-sample-03,Sample Student 03,CYBR-2000,lesson,c3,c3-l3,lesson,,,,20177,5,320
2026-10-06T09:11:47.392902,2026-10-06T09:11:47.392902,s-sample-03,Sample Student 03,CYBR-2000,check,c3,c3-check,Which is the biggest red flag?,The email asks you to type your password on a link,The email asks you to type your password on a link,1,13968,15,335
2026-10-06T09:12:05.358319,2026-10-06T09:12:05.358319,s-sample-03,Sample Student 03,CYBR-2000,answer,c3,c3-e1,Netflix: Account suspended! Update payment in 2 hours,Phish,Phish,1,17965,10,350
2026-10-06T09:12:11.955490,2026-10-06T09:12:11.955490,s-sample-03,Sample Student 03,CYBR-2000,answer,c3,c3-e2,Ms. Carter: Reminder: quiz moved to Friday,Safe,Safe,1,6597,20,360
2026-10-06T09:12:16.402002,2026-10-06T09:12:16.402002,s-sample-03,Sample Student 03,CYBR-2000,answer,c3,c3-e3,"Roblox Rewards: YOU WON 10,000 ROBUX!!!",Phish,Phish,1,4446,20,380
2026-10-06T09:12:32.149780,2026-10-06T09:12:32.149780,s-sample-03,Sample Student 03,CYBR-2000,answer,c3,c3-e4,"Principal Grant: Quick favor, keep it secret",Phish,Phish,1,15747,15,400
2026-10-06T09:12:37.675187,2026-10-06T09:12:37.675187,s-sample-03,Sample Student 03,CYBR-2000,answer,c3,c3-e5,USPS: Package on hold,Phish,Phish,1,5525,10,415
2026-10-06T09:12:46.595723,2026-10-06T09:12:46.595723,s-sample-03,Sample Student 03,CYBR-2000,answer,c3,c3-e6,Library: Your book is due Monday,Safe,Safe,1,8920,10,425
2026-10-06T09:13:06.595723,2026-10-06T09:13:06.595723,s-sample-03,Sample Student 03,CYBR-2000,chapter_complete,c3,c3-done,c3,3 stars,,100,314670,165,485
2026-10-06T09:13:40.561170,2026-10-06T09:13:40.561170,s-sample-03,Sample Student 03,CYBR-2000,lesson,c4,c4-l1,lesson,,,,33965,5,485
2026-10-06T09:14:16.724042,2026-10-06T09:14:16.724042,s-sample-03,Sample Student 03,CYBR-2000,lesson,c4,c4-l2,lesson,,,,36162,5,485
2026-10-06T09:14:57.468262,2026-10-06T09:14:57.468262,s-sample-03,Sample Student 03,CYBR-2000,lesson,c4,c4-l3,lesson,,,,40744,5,485
2026-10-06T09:15:14.026169,2026-10-06T09:15:14.026169,s-sample-03,Sample Student 03,CYBR-2000,check,c4,c4-check,A security camera is mainly a...,Detect control,Detect control,1,16557,10,500
2026-10-06T09:15:21.498352,2026-10-06T09:15:21.498352,s-sample-03,Sample Student 03,CYBR-2000,answer,c4,c4-s1,A lock on the server room door,Prevent,Prevent,1,7472,20,510
2026-10-06T09:15:26.067445,2026-10-06T09:15:26.067445,s-sample-03,Sample Student 03,CYBR-2000,answer,c4,c4-s2,A firewall that blocks bad traffic,Prevent,Prevent,1,4569,10,530
2026-10-06T09:15:41.314178,2026-10-06T09:15:41.314178,s-sample-03,Sample Student 03,CYBR-2000,answer,c4,c4-s3,Multi-factor authentication (MFA),Prevent,Prevent,1,15246,10,540
2026-10-06T09:15:55.776193,2026-10-06T09:15:55.776193,s-sample-03,Sample Student 03,CYBR-2000,answer,c4,c4-s4,A security camera in the hallway,Detect,Detect,1,14462,20,550
2026-10-06T09:16:03.588598,2026-10-06T09:16:03.588598,s-sample-03,Sample Student 03,CYBR-2000,answer,c4,c4-s5,An alert when someone logs in at 3 AM from another country,Detect,Detect,1,7812,20,570
2026-10-06T09:16:18.038728,2026-10-06T09:16:18.038728,s-sample-03,Sample Student 03,CYBR-2000,answer,c4,c4-s6,An intrusion detection system (IDS),Detect,Detect,1,14450,20,590
2026-10-06T09:16:25.897553,2026-10-06T09:16:25.897553,s-sample-03,Sample Student 03,CYBR-2000,answer,c4,c4-s7,Restoring files from last night's backup,Fix,Fix,1,7858,10,610
2026-10-06T09:16:38.235507,2026-10-06T09:16:38.235507,s-sample-03,Sample Student 03,CYBR-2000,answer,c4,c4-s8,Antivirus removing a virus it found,Fix,Fix,1,12337,20,620
2026-10-06T09:16:43.150156,2026-10-06T09:16:43.150156,s-sample-03,Sample Student 03,CYBR-2000,answer,c4,c4-s9,Rebuilding a laptop after ransomware,Fix,Fix,1,4914,10,640
2026-10-06T09:16:57.168153,2026-10-06T09:16:57.168153,s-sample-03,Sample Student 03,CYBR-2000,answer,c4,c4-k1,A tall fence around the data center,Physical,Physical,1,14017,15,650
2026-10-06T09:17:06.579360,2026-10-06T09:17:06.579360,s-sample-03,Sample Student 03,CYBR-2000,answer,c4,c4-k2,Encrypting files so only the owner can read them,Technical,Technical,1,9411,15,665
2026-10-06T09:17:21.986564,2026-10-06T09:17:21.986564,s-sample-03,Sample Student 03,CYBR-2000,answer,c4,c4-k3,"A school rule: ""Never share your password""",Administrative,Administrative,1,15407,10,680
2026-10-06T09:17:28.547713,2026-10-06T09:17:28.547713,s-sample-03,Sample Student 03,CYBR-2000,answer,c4,c4-k4,Training every student to spot phishing,other answer,Administrative,0,6561,0,690
2026-10-06T09:17:48.547713,2026-10-06T09:17:48.547713,s-sample-03,Sample Student 03,CYBR-2000,chapter_complete,c4,c4-done,c4,3 stars,,93,372616,255,740
2026-10-06T09:18:27.867947,2026-10-06T09:18:27.867947,s-sample-03,Sample Student 03,CYBR-2000,lesson,c5,c5-l1,lesson,,,,39320,5,740
2026-10-06T09:18:59.387477,2026-10-06T09:18:59.387477,s-sample-03,Sample Student 03,CYBR-2000,lesson,c5,c5-l2,lesson,,,,31519,5,740
2026-10-06T09:19:02.703536,2026-10-06T09:19:02.703536,s-sample-03,Sample Student 03,CYBR-2000,lesson,c5,c5-l3,lesson,,,,3316,5,740
2026-10-06T09:19:15.797180,2026-10-06T09:19:15.797180,s-sample-03,Sample Student 03,CYBR-2000,check,c5,c5-check,"The firewall rule is ""Allow port 443 only."" A packet wants port 3389. What happens?",Blocked,Blocked,1,13093,15,755
2026-10-06T09:19:24.357797,2026-10-06T09:19:24.357797,s-sample-03,Sample Student 03,CYBR-2000,answer,c5,c5-lane-website-ok,Gate Duty: website ok packets,ALLOW,ALLOW,1,8560,15,770
2026-10-06T09:19:42.187331,2026-10-06T09:19:42.187331,s-sample-03,Sample Student 03,CYBR-2000,answer,c5,c5-lane-website-ok,Gate Duty: website ok packets,ALLOW,ALLOW,1,17829,15,785
2026-10-06T09:19:49.104106,2026-10-06T09:19:49.104106,s-sample-03,Sample Student 03,CYBR-2000,answer,c5,c5-lane-website-ok,Gate Duty: website ok packets,ALLOW,ALLOW,1,6916,15,800
2026-10-06T09:20:03.040902,2026-10-06T09:20:03.040902,s-sample-03,Sample Student 03,CYBR-2000,answer,c5,c5-lane-website-ok,Gate Duty: website ok packets,ALLOW,ALLOW,1,13936,15,815
2026-10-06T09:20:08.901938,2026-10-06T09:20:08.901938,s-sample-03,Sample Student 03,CYBR-2000,answer,c5,c5-lane-website-ok,Gate Duty: website ok packets,ALLOW,ALLOW,1,5861,15,830
2026-10-06T09:20:22.339459,2026-10-06T09:20:22.339459,s-sample-03,Sample Student 03,CYBR-2000,answer,c5,c5-lane-bad-port,Gate Duty: bad port packets,BLOCK,BLOCK,1,13437,20,845
2026-10-06T09:20:37.173691,2026-10-06T09:20:37.173691,s-sample-03,Sample Student 03,CYBR-2000,answer,c5,c5-lane-bad-port,Gate Duty: bad port packets,BLOCK,BLOCK,1,14834,10,865
2026-10-06T09:20:45.288619,2026-10-06T09:20:45.288619,s-sample-03,Sample Student 03,CYBR-2000,answer,c5,c5-lane-bad-port,Gate Duty: bad port packets,BLOCK,BLOCK,1,8114,15,875
2026-10-06T09:20:54.510214,2026-10-06T09:20:54.510214,s-sample-03,Sample Student 03,CYBR-2000,answer,c5,c5-lane-bad-port,Gate Duty: bad port packets,BLOCK,BLOCK,1,9221,20,890
2026-10-06T09:21:04.661783,2026-10-06T09:21:04.661783,s-sample-03,Sample Student 03,CYBR-2000,answer,c5,c5-lane-bad-port,Gate Duty: bad port packets,BLOCK,BLOCK,1,10151,10,910
2026-10-06T09:21:10.808294,2026-10-06T09:21:10.808294,s-sample-03,Sample Student 03,CYBR-2000,answer,c5,c5-lane-blocklist,Gate Duty: blocklist packets,BLOCK,BLOCK,1,6146,20,920
2026-10-06T09:21:15.715551,2026-10-06T09:21:15.715551,s-sample-03,Sample Student 03,CYBR-2000,answer,c5,c5-lane-blocklist,Gate Duty: blocklist packets,BLOCK,BLOCK,1,4907,15,940
2026-10-06T09:21:26.818094,2026-10-06T09:21:26.818094,s-sample-03,Sample Student 03,CYBR-2000,answer,c5,c5-lane-blocklist,Gate Duty: blocklist packets,ALLOW,BLOCK,0,11102,0,955
2026-10-06T09:21:42.136294,2026-10-06T09:21:42.136294,s-sample-03,Sample Student 03,CYBR-2000,answer,c5,c5-lane-blocklist,Gate Duty: blocklist packets,BLOCK,BLOCK,1,15318,20,955
2026-10-06T09:21:46.654618,2026-10-06T09:21:46.654618,s-sample-03,Sample Student 03,CYBR-2000,answer,c5,c5-lane-blocklist,Gate Duty: blocklist packets,BLOCK,BLOCK,1,4518,10,975
2026-10-06T09:22:06.654618,2026-10-06T09:22:06.654618,s-sample-03,Sample Student 03,CYBR-2000,chapter_complete,c5,c5-done,c5,3 stars,,94,293943,295,1035
2026-10-06T09:03:00,2026-10-06T09:03:00,s-sample-04,Sample Student 04,CYBR-2000,start,,,,avatar 0,,,,0,0
2026-10-06T09:03:06.657502,2026-10-06T09:03:06.657502,s-sample-04,Sample Student 04,CYBR-2000,lesson,c1,c1-l1,lesson,,,,6657,5,0
2026-10-06T09:03:09.859067,2026-10-06T09:03:09.859067,s-sample-04,Sample Student 04,CYBR-2000,lesson,c1,c1-l2,lesson,,,,3201,5,0
2026-10-06T09:03:43.493019,2026-10-06T09:03:43.493019,s-sample-04,Sample Student 04,CYBR-2000,lesson,c1,c1-l3,lesson,,,,33633,5,0
2026-10-06T09:03:58.342994,2026-10-06T09:03:58.342994,s-sample-04,Sample Student 04,CYBR-2000,check,c1,c1-check,Someone changes your grade from a C to an A without permission. Which part of CIA is broken?,Integrity,Integrity,1,14849,20,15
2026-10-06T09:04:03.823915,2026-10-06T09:04:03.823915,s-sample-04,Sample Student 04,CYBR-2000,answer,c1,c1-s1,A stranger reads your private messages.,Confidentiality,Confidentiality,1,5480,20,35
2026-10-06T09:04:12.719710,2026-10-06T09:04:12.719710,s-sample-04,Sample Student 04,CYBR-2000,answer,c1,c1-s2,A hacker changes the price of shoes on a store website to $1.,Integrity,Integrity,1,8895,10,55
2026-10-06T09:04:18.698883,2026-10-06T09:04:18.698883,s-sample-04,Sample Student 04,CYBR-2000,answer,c1,c1-s3,The school website crashes on the first day of class.,Availability,Availability,1,5979,10,65
2026-10-06T09:04:23.234187,2026-10-06T09:04:23.234187,s-sample-04,Sample Student 04,CYBR-2000,answer,c1,c1-s4,Your friend watches over your shoulder as you type your PIN.,Integrity,Confidentiality,0,4535,0,75
2026-10-06T09:04:40.029559,2026-10-06T09:04:40.029559,s-sample-04,Sample Student 04,CYBR-2000,answer,c1,c1-s5,A virus edits files so the numbers in them are wrong.,Integrity,Integrity,1,16795,10,75
2026-10-06T09:04:49.755488,2026-10-06T09:04:49.755488,s-sample-04,Sample Student 04,CYBR-2000,answer,c1,c1-s6,A storm knocks out power to the server room.,Availability,Availability,1,9725,15,85
2026-10-06T09:04:58.126228,2026-10-06T09:04:58.126228,s-sample-04,Sample Student 04,CYBR-2000,answer,c1,c1-s7,"Thousands of fake visitors flood a game server, so real players cannot log in.",Availability,Availability,1,8370,10,100
2026-10-06T09:05:09.064981,2026-10-06T09:05:09.064981,s-sample-04,Sample Student 04,CYBR-2000,answer,c1,c1-s8,Someone posts your password online.,Confidentiality,Confidentiality,1,10938,15,110
2026-10-06T09:05:29.064981,2026-10-06T09:05:29.064981,s-sample-04,Sample Student 04,CYBR-2000,chapter_complete,c1,c1-done,c1,2 stars,,89,195185,150,150
2026-10-06T09:06:02.818421,2026-10-06T09:06:02.818421,s-sample-04,Sample Student 04,CYBR-2000,lesson,c2,c2-l1,lesson,,,,33753,5,150
2026-10-06T09:06:48.246872,2026-10-06T09:06:48.246872,s-sample-04,Sample Student 04,CYBR-2000,lesson,c2,c2-l2,lesson,,,,45428,5,150
2026-10-06T09:06:52.886028,2026-10-06T09:06:52.886028,s-sample-04,Sample Student 04,CYBR-2000,lesson,c2,c2-l3,lesson,,,,4639,5,150
2026-10-06T09:07:04.817309,2026-10-06T09:07:04.817309,s-sample-04,Sample Student 04,CYBR-2000,check,c2,c2-check,Which one is MFA?,A password and a code sent to your phone,A password and a code sent to your phone,1,11931,15,165
2026-10-06T09:07:09.072294,2026-10-06T09:07:09.072294,s-sample-04,Sample Student 04,CYBR-2000,answer,c2,c2-p1,Which password is stronger?,blue-river-pizza-cloud,blue-river-pizza-cloud,1,4254,15,180
2026-10-06T09:07:18.542530,2026-10-06T09:07:18.542530,s-sample-04,Sample Student 04,CYBR-2000,answer,c2,c2-p2,Which password is stronger?,maple-guitar-orbit-sock,maple-guitar-orbit-sock,1,9470,15,195
2026-10-06T09:07:22.624802,2026-10-06T09:07:22.624802,s-sample-04,Sample Student 04,CYBR-2000,answer,c2,c2-p3,Which password is stronger?,correct-horse-lamp-yellow,correct-horse-lamp-yellow,1,4082,10,210
2026-10-06T09:07:38.109962,2026-10-06T09:07:38.109962,s-sample-04,Sample Student 04,CYBR-2000,answer,c2,c2-p4,Which habit is safer?,"A different password on every site, saved in a password manager","A different password on every site, saved in a password manager",1,15485,15,220
2026-10-06T09:07:47.216142,2026-10-06T09:07:47.216142,s-sample-04,Sample Student 04,CYBR-2000,answer,c2,c2-p5,Which password is stronger?,Qz8#mL2!vR9p,Qz8#mL2!vR9p,1,9106,10,235
2026-10-06T09:07:51.939878,2026-10-06T09:07:51.939878,s-sample-04,Sample Student 04,CYBR-2000,answer,c2,c2-q1,You get a text with a login code you did not ask for. What should you do?,Ignore the code and change your password,Ignore the code and change your password,1,4723,10,245
2026-10-06T09:08:08.677001,2026-10-06T09:08:08.677001,s-sample-04,Sample Student 04,CYBR-2000,answer,c2,c2-q2,A friend asks for your game password so they can level up your character. What do you do?,"Say no, and keep your password private","Say no, and keep your password private",1,16737,10,255
2026-10-06T09:08:28.677001,2026-10-06T09:08:28.677001,s-sample-04,Sample Student 04,CYBR-2000,chapter_complete,c2,c2-done,c2,3 stars,,100,317487,165,315
2026-10-06T09:09:17.641456,2026-10-06T09:09:17.641456,s-sample-04,Sample Student 04,CYBR-2000,lesson,c3,c3-l1,lesson,,,,48964,5,315
2026-10-06T09:09:21.774636,2026-10-06T09:09:21.774636,s-sample-04,Sample Student 04,CYBR-2000,lesson,c3,c3-l2,lesson,,,,4133,5,315
2026-10-06T09:09:26.309575,2026-10-06T09:09:26.309575,s-sample-04,Sample Student 04,CYBR-2000,lesson,c3,c3-l3,lesson,,,,4534,5,315
2026-10-06T09:09:42.031667,2026-10-06T09:09:42.031667,s-sample-04,Sample Student 04,CYBR-2000,check,c3,c3-check,Which is the biggest red flag?,The email asks you to type your password on a link,The email asks you to type your password on a link,1,15722,10,330
2026-10-06T09:09:52.789978,2026-10-06T09:09:52.789978,s-sample-04,Sample Student 04,CYBR-2000,answer,c3,c3-e1,Netflix: Account suspended! Update payment in 2 hours,Phish,Phish,1,10758,10,340
2026-10-06T09:10:05.699126,2026-10-06T09:10:05.699126,s-sample-04,Sample Student 04,CYBR-2000,answer,c3,c3-e2,Ms. Carter: Reminder: quiz moved to Friday,Safe,Safe,1,12909,10,350
2026-10-06T09:10:18.383928,2026-10-06T09:10:18.383928,s-sample-04,Sample Student 04,CYBR-2000,answer,c3,c3-e3,"Roblox Rewards: YOU WON 10,000 ROBUX!!!",Phish,Phish,1,12684,10,360
2026-10-06T09:10:34.376154,2026-10-06T09:10:34.376154,s-sample-04,Sample Student 04,CYBR-2000,answer,c3,c3-e4,"Principal Grant: Quick favor, keep it secret",Phish,Phish,1,15992,20,370
2026-10-06T09:10:50.225073,2026-10-06T09:10:50.225073,s-sample-04,Sample Student 04,CYBR-2000,answer,c3,c3-e5,USPS: Package on hold,Phish,Phish,1,15848,15,390
2026-10-06T09:10:57.278989,2026-10-06T09:10:57.278989,s-sample-04,Sample Student 04,CYBR-2000,answer,c3,c3-e6,Library: Your book is due Monday,Safe,Safe,1,7053,15,405
2026-10-06T09:11:17.278989,2026-10-06T09:11:17.278989,s-sample-04,Sample Student 04,CYBR-2000,chapter_complete,c3,c3-done,c3,3 stars,,100,405251,155,470
2026-10-06T09:11:41.015668,2026-10-06T09:11:41.015668,s-sample-04,Sample Student 04,CYBR-2000,lesson,c4,c4-l1,lesson,,,,23736,5,470
2026-10-06T09:12:23.112231,2026-10-06T09:12:23.112231,s-sample-04,Sample Student 04,CYBR-2000,lesson,c4,c4-l2,lesson,,,,42096,5,470
2026-10-06T09:12:46.055506,2026-10-06T09:12:46.055506,s-sample-04,Sample Student 04,CYBR-2000,lesson,c4,c4-l3,lesson,,,,22943,5,470
2026-10-06T09:13:01.941641,2026-10-06T09:13:01.941641,s-sample-04,Sample Student 04,CYBR-2000,check,c4,c4-check,A security camera is mainly a...,Detect control,Detect control,1,15886,15,485
2026-10-06T09:13:10.256604,2026-10-06T09:13:10.256604,s-sample-04,Sample Student 04,CYBR-2000,answer,c4,c4-s1,A lock on the server room door,Prevent,Prevent,1,8314,10,500
2026-10-06T09:13:23.480402,2026-10-06T09:13:23.480402,s-sample-04,Sample Student 04,CYBR-2000,answer,c4,c4-s2,A firewall that blocks bad traffic,Prevent,Prevent,1,13223,15,510
2026-10-06T09:13:29.983097,2026-10-06T09:13:29.983097,s-sample-04,Sample Student 04,CYBR-2000,answer,c4,c4-s3,Multi-factor authentication (MFA),Prevent,Prevent,1,6502,10,525
2026-10-06T09:13:40.836119,2026-10-06T09:13:40.836119,s-sample-04,Sample Student 04,CYBR-2000,answer,c4,c4-s4,A security camera in the hallway,Detect,Detect,1,10853,10,535
2026-10-06T09:13:53.496173,2026-10-06T09:13:53.496173,s-sample-04,Sample Student 04,CYBR-2000,answer,c4,c4-s5,An alert when someone logs in at 3 AM from another country,Detect,Detect,1,12660,15,545
2026-10-06T09:14:08.843584,2026-10-06T09:14:08.843584,s-sample-04,Sample Student 04,CYBR-2000,answer,c4,c4-s6,An intrusion detection system (IDS),Detect,Detect,1,15347,15,560
2026-10-06T09:14:14.641966,2026-10-06T09:14:14.641966,s-sample-04,Sample Student 04,CYBR-2000,answer,c4,c4-s7,Restoring files from last night's backup,Fix,Fix,1,5798,15,575
2026-10-06T09:14:29.873914,2026-10-06T09:14:29.873914,s-sample-04,Sample Student 04,CYBR-2000,answer,c4,c4-s8,Antivirus removing a virus it found,Fix,Fix,1,15231,20,590
2026-10-06T09:14:34.444649,2026-10-06T09:14:34.444649,s-sample-04,Sample Student 04,CYBR-2000,answer,c4,c4-s9,Rebuilding a laptop after ransomware,Fix,Fix,1,4570,20,610
2026-10-06T09:14:51.354413,2026-10-06T09:14:51.354413,s-sample-04,Sample Student 04,CYBR-2000,answer,c4,c4-k1,A tall fence around the data center,Physical,Physical,1,16909,15,630
2026-10-06T09:15:02.515157,2026-10-06T09:15:02.515157,s-sample-04,Sample Student 04,CYBR-2000,answer,c4,c4-k2,Encrypting files so only the owner can read them,Technical,Technical,1,11160,10,645
2026-10-06T09:15:19.043302,2026-10-06T09:15:19.043302,s-sample-04,Sample Student 04,CYBR-2000,answer,c4,c4-k3,"A school rule: ""Never share your password""",Administrative,Administrative,1,16528,20,655
2026-10-06T09:15:24.949902,2026-10-06T09:15:24.949902,s-sample-04,Sample Student 04,CYBR-2000,answer,c4,c4-k4,Training every student to spot phishing,other answer,Administrative,0,5906,0,675
2026-10-06T09:15:44.949902,2026-10-06T09:15:44.949902,s-sample-04,Sample Student 04,CYBR-2000,chapter_complete,c4,c4-done,c4,3 stars,,93,385696,255,725
2026-10-06T09:15:51.934399,2026-10-06T09:15:51.934399,s-sample-04,Sample Student 04,CYBR-2000,lesson,c5,c5-l1,lesson,,,,6984,5,725
2026-10-06T09:15:55.460869,2026-10-06T09:15:55.460869,s-sample-04,Sample Student 04,CYBR-2000,lesson,c5,c5-l2,lesson,,,,3526,5,725
2026-10-06T09:16:43.746199,2026-10-06T09:16:43.746199,s-sample-04,Sample Student 04,CYBR-2000,lesson,c5,c5-l3,lesson,,,,48285,5,725
2026-10-06T09:16:51.277290,2026-10-06T09:16:51.277290,s-sample-04,Sample Student 04,CYBR-2000,check,c5,c5-check,"The firewall rule is ""Allow port 443 only."" A packet wants port 3389. What happens?",Blocked,Blocked,1,7531,15,740
2026-10-06T09:16:59.127186,2026-10-06T09:16:59.127186,s-sample-04,Sample Student 04,CYBR-2000,answer,c5,c5-lane-website-ok,Gate Duty: website ok packets,ALLOW,ALLOW,1,7849,15,755
2026-10-06T09:17:10.158237,2026-10-06T09:17:10.158237,s-sample-04,Sample Student 04,CYBR-2000,answer,c5,c5-lane-website-ok,Gate Duty: website ok packets,ALLOW,ALLOW,1,11031,15,770
2026-10-06T09:17:17.838384,2026-10-06T09:17:17.838384,s-sample-04,Sample Student 04,CYBR-2000,answer,c5,c5-lane-website-ok,Gate Duty: website ok packets,ALLOW,ALLOW,1,7680,20,785
2026-10-06T09:17:27.050121,2026-10-06T09:17:27.050121,s-sample-04,Sample Student 04,CYBR-2000,answer,c5,c5-lane-website-ok,Gate Duty: website ok packets,ALLOW,ALLOW,1,9211,10,805
2026-10-06T09:17:33.307332,2026-10-06T09:17:33.307332,s-sample-04,Sample Student 04,CYBR-2000,answer,c5,c5-lane-website-ok,Gate Duty: website ok packets,ALLOW,ALLOW,1,6257,15,815
2026-10-06T09:17:49.843115,2026-10-06T09:17:49.843115,s-sample-04,Sample Student 04,CYBR-2000,answer,c5,c5-lane-bad-port,Gate Duty: bad port packets,BLOCK,BLOCK,1,16535,10,830
2026-10-06T09:17:57.543887,2026-10-06T09:17:57.543887,s-sample-04,Sample Student 04,CYBR-2000,answer,c5,c5-lane-bad-port,Gate Duty: bad port packets,BLOCK,BLOCK,1,7700,20,840
2026-10-06T09:18:13.559933,2026-10-06T09:18:13.559933,s-sample-04,Sample Student 04,CYBR-2000,answer,c5,c5-lane-bad-port,Gate Duty: bad port packets,BLOCK,BLOCK,1,16016,15,860
2026-10-06T09:18:25.680545,2026-10-06T09:18:25.680545,s-sample-04,Sample Student 04,CYBR-2000,answer,c5,c5-lane-bad-port,Gate Duty: bad port packets,BLOCK,BLOCK,1,12120,10,875
2026-10-06T09:18:37.180363,2026-10-06T09:18:37.180363,s-sample-04,Sample Student 04,CYBR-2000,answer,c5,c5-lane-bad-port,Gate Duty: bad port packets,BLOCK,BLOCK,1,11499,15,885
2026-10-06T09:18:46.380890,2026-10-06T09:18:46.380890,s-sample-04,Sample Student 04,CYBR-2000,answer,c5,c5-lane-blocklist,Gate Duty: blocklist packets,ALLOW,BLOCK,0,9200,0,900
2026-10-06T09:18:55.546113,2026-10-06T09:18:55.546113,s-sample-04,Sample Student 04,CYBR-2000,answer,c5,c5-lane-blocklist,Gate Duty: blocklist packets,BLOCK,BLOCK,1,9165,10,900
2026-10-06T09:19:10.251062,2026-10-06T09:19:10.251062,s-sample-04,Sample Student 04,CYBR-2000,answer,c5,c5-lane-blocklist,Gate Duty: blocklist packets,BLOCK,BLOCK,1,14704,15,910
2026-10-06T09:19:22.866293,2026-10-06T09:19:22.866293,s-sample-04,Sample Student 04,CYBR-2000,answer,c5,c5-lane-blocklist,Gate Duty: blocklist packets,BLOCK,BLOCK,1,12615,10,925
2026-10-06T09:19:34.091788,2026-10-06T09:19:34.091788,s-sample-04,Sample Student 04,CYBR-2000,answer,c5,c5-lane-blocklist,Gate Duty: blocklist packets,BLOCK,BLOCK,1,11225,15,935
2026-10-06T09:19:54.091788,2026-10-06T09:19:54.091788,s-sample-04,Sample Student 04,CYBR-2000,chapter_complete,c5,c5-done,c5,3 stars,,94,333417,275,1000
2026-10-06T09:02:00,2026-10-06T09:02:00,s-sample-05,Sample Student 05,CYBR-2000,start,,,,avatar 0,,,,0,0
2026-10-06T09:02:49.379031,2026-10-06T09:02:49.379031,s-sample-05,Sample Student 05,CYBR-2000,lesson,c1,c1-l1,lesson,,,,49379,5,0
2026-10-06T09:02:54.843239,2026-10-06T09:02:54.843239,s-sample-05,Sample Student 05,CYBR-2000,lesson,c1,c1-l2,lesson,,,,5464,5,0
2026-10-06T09:02:58.371332,2026-10-06T09:02:58.371332,s-sample-05,Sample Student 05,CYBR-2000,lesson,c1,c1-l3,lesson,,,,3528,5,0
2026-10-06T09:03:10.311028,2026-10-06T09:03:10.311028,s-sample-05,Sample Student 05,CYBR-2000,check,c1,c1-check,Someone changes your grade from a C to an A without permission. Which part of CIA is broken?,Integrity,Integrity,1,11939,15,15
2026-10-06T09:03:19.311150,2026-10-06T09:03:19.311150,s-sample-05,Sample Student 05,CYBR-2000,answer,c1,c1-s1,A stranger reads your private messages.,Confidentiality,Confidentiality,1,9000,10,30
2026-10-06T09:03:27.527320,2026-10-06T09:03:27.527320,s-sample-05,Sample Student 05,CYBR-2000,answer,c1,c1-s2,A hacker changes the price of shoes on a store website to $1.,Integrity,Integrity,1,8216,10,40
2026-10-06T09:03:40.262334,2026-10-06T09:03:40.262334,s-sample-05,Sample Student 05,CYBR-2000,answer,c1,c1-s3,The school website crashes on the first day of class.,Availability,Availability,1,12735,15,50
2026-10-06T09:03:44.459902,2026-10-06T09:03:44.459902,s-sample-05,Sample Student 05,CYBR-2000,answer,c1,c1-s4,Your friend watches over your shoulder as you type your PIN.,Confidentiality,Confidentiality,1,4197,10,65
2026-10-06T09:03:54.771845,2026-10-06T09:03:54.771845,s-sample-05,Sample Student 05,CYBR-2000,answer,c1,c1-s5,A virus edits files so the numbers in them are wrong.,Integrity,Integrity,1,10311,10,75
2026-10-06T09:04:10.969843,2026-10-06T09:04:10.969843,s-sample-05,Sample Student 05,CYBR-2000,answer,c1,c1-s6,A storm knocks out power to the server room.,Availability,Availability,1,16197,15,85
2026-10-06T09:04:18.669201,2026-10-06T09:04:18.669201,s-sample-05,Sample Student 05,CYBR-2000,answer,c1,c1-s7,"Thousands of fake visitors flood a game server, so real players cannot log in.",Availability,Availability,1,7699,10,100
2026-10-06T09:04:34.161531,2026-10-06T09:04:34.161531,s-sample-05,Sample Student 05,CYBR-2000,answer,c1,c1-s8,Someone posts your password online.,Confidentiality,Confidentiality,1,15492,15,110
2026-10-06T09:04:54.161531,2026-10-06T09:04:54.161531,s-sample-05,Sample Student 05,CYBR-2000,chapter_complete,c1,c1-done,c1,3 stars,,100,322733,175,175
2026-10-06T09:05:37.440553,2026-10-06T09:05:37.440553,s-sample-05,Sample Student 05,CYBR-2000,lesson,c2,c2-l1,lesson,,,,43279,5,175
2026-10-06T09:05:58.540603,2026-10-06T09:05:58.540603,s-sample-05,Sample Student 05,CYBR-2000,lesson,c2,c2-l2,lesson,,,,21100,5,175
2026-10-06T09:06:01.641504,2026-10-06T09:06:01.641504,s-sample-05,Sample Student 05,CYBR-2000,lesson,c2,c2-l3,lesson,,,,3100,5,175
2026-10-06T09:06:13.354425,2026-10-06T09:06:13.354425,s-sample-05,Sample Student 05,CYBR-2000,check,c2,c2-check,Which one is MFA?,A password and a code sent to your phone,A password and a code sent to your phone,1,11712,10,190
2026-10-06T09:06:20.147681,2026-10-06T09:06:20.147681,s-sample-05,Sample Student 05,CYBR-2000,answer,c2,c2-p1,Which password is stronger?,blue-river-pizza-cloud,blue-river-pizza-cloud,1,6793,20,200
2026-10-06T09:06:33.214035,2026-10-06T09:06:33.214035,s-sample-05,Sample Student 05,CYBR-2000,answer,c2,c2-p2,Which password is stronger?,maple-guitar-orbit-sock,maple-guitar-orbit-sock,1,13066,15,220
2026-10-06T09:06:39.658988,2026-10-06T09:06:39.658988,s-sample-05,Sample Student 05,CYBR-2000,answer,c2,c2-p3,Which password is stronger?,other answer,correct-horse-lamp-yellow,0,6444,0,235
2026-10-06T09:06:47.862714,2026-10-06T09:06:47.862714,s-sample-05,Sample Student 05,CYBR-2000,answer,c2,c2-p4,Which habit is safer?,"A different password on every site, saved in a password manager","A different password on every site, saved in a password manager",1,8203,10,235
2026-10-06T09:07:02.002999,2026-10-06T09:07:02.002999,s-sample-05,Sample Student 05,CYBR-2000,answer,c2,c2-p5,Which password is stronger?,other answer,Qz8#mL2!vR9p,0,14140,0,245
2026-10-06T09:07:13.540688,2026-10-06T09:07:13.540688,s-sample-05,Sample Student 05,CYBR-2000,answer,c2,c2-q1,You get a text with a login code you did not ask for. What should you do?,Ignore the code and change your password,Ignore the code and change your password,1,11537,15,245
2026-10-06T09:07:27.973312,2026-10-06T09:07:27.973312,s-sample-05,Sample Student 05,CYBR-2000,answer,c2,c2-q2,A friend asks for your game password so they can level up your character. What do you do?,"Say no, and keep your password private","Say no, and keep your password private",1,14432,15,260
2026-10-06T09:07:47.973312,2026-10-06T09:07:47.973312,s-sample-05,Sample Student 05,CYBR-2000,chapter_complete,c2,c2-done,c2,2 stars,,75,199314,125,300
2026-10-06T09:08:13.339765,2026-10-06T09:08:13.339765,s-sample-05,Sample Student 05,CYBR-2000,lesson,c3,c3-l1,lesson,,,,25366,5,300
2026-10-06T09:08:41.727666,2026-10-06T09:08:41.727666,s-sample-05,Sample Student 05,CYBR-2000,lesson,c3,c3-l2,lesson,,,,28387,5,300
2026-10-06T09:08:48.428379,2026-10-06T09:08:48.428379,s-sample-05,Sample Student 05,CYBR-2000,lesson,c3,c3-l3,lesson,,,,6700,5,300
2026-10-06T09:09:00.181408,2026-10-06T09:09:00.181408,s-sample-05,Sample Student 05,CYBR-2000,check,c3,c3-check,Which is the biggest red flag?,The email asks you to type your password on a link,The email asks you to type your password on a link,1,11753,15,315
2026-10-06T09:09:17.023261,2026-10-06T09:09:17.023261,s-sample-05,Sample Student 05,CYBR-2000,answer,c3,c3-e1,Netflix: Account suspended! Update payment in 2 hours,Phish,Phish,1,16841,15,330
2026-10-06T09:09:34.023250,2026-10-06T09:09:34.023250,s-sample-05,Sample Student 05,CYBR-2000,answer,c3,c3-e2,Ms. Carter: Reminder: quiz moved to Friday,Safe,Safe,1,16999,10,345
2026-10-06T09:09:45.127250,2026-10-06T09:09:45.127250,s-sample-05,Sample Student 05,CYBR-2000,answer,c3,c3-e3,"Roblox Rewards: YOU WON 10,000 ROBUX!!!",Phish,Phish,1,11104,10,355
2026-10-06T09:09:52.432780,2026-10-06T09:09:52.432780,s-sample-05,Sample Student 05,CYBR-2000,answer,c3,c3-e4,"Principal Grant: Quick favor, keep it secret",Phish,Phish,1,7305,20,365
2026-10-06T09:09:58.661388,2026-10-06T09:09:58.661388,s-sample-05,Sample Student 05,CYBR-2000,answer,c3,c3-e5,USPS: Package on hold,Phish,Phish,1,6228,15,385
2026-10-06T09:10:08.103288,2026-10-06T09:10:08.103288,s-sample-05,Sample Student 05,CYBR-2000,answer,c3,c3-e6,Library: Your book is due Monday,Safe,Safe,1,9441,20,400
2026-10-06T09:10:28.103288,2026-10-06T09:10:28.103288,s-sample-05,Sample Student 05,CYBR-2000,chapter_complete,c3,c3-done,c3,3 stars,,100,237400,170,470
2026-10-06T09:11:05.424362,2026-10-06T09:11:05.424362,s-sample-05,Sample Student 05,CYBR-2000,lesson,c4,c4-l1,lesson,,,,37321,5,470
2026-10-06T09:11:37.227875,2026-10-06T09:11:37.227875,s-sample-05,Sample Student 05,CYBR-2000,lesson,c4,c4-l2,lesson,,,,31803,5,470
2026-10-06T09:12:08.158225,2026-10-06T09:12:08.158225,s-sample-05,Sample Student 05,CYBR-2000,lesson,c4,c4-l3,lesson,,,,30930,5,470
2026-10-06T09:12:24.544847,2026-10-06T09:12:24.544847,s-sample-05,Sample Student 05,CYBR-2000,check,c4,c4-check,A security camera is mainly a...,Detect control,Detect control,1,16386,10,485
2026-10-06T09:12:36.739499,2026-10-06T09:12:36.739499,s-sample-05,Sample Student 05,CYBR-2000,answer,c4,c4-s1,A lock on the server room door,Prevent,Prevent,1,12194,20,495
2026-10-06T09:12:42.763828,2026-10-06T09:12:42.763828,s-sample-05,Sample Student 05,CYBR-2000,answer,c4,c4-s2,A firewall that blocks bad traffic,Prevent,Prevent,1,6024,10,515
2026-10-06T09:12:55.471396,2026-10-06T09:12:55.471396,s-sample-05,Sample Student 05,CYBR-2000,answer,c4,c4-s3,Multi-factor authentication (MFA),Prevent,Prevent,1,12707,10,525
2026-10-06T09:13:01.457178,2026-10-06T09:13:01.457178,s-sample-05,Sample Student 05,CYBR-2000,answer,c4,c4-s4,A security camera in the hallway,Detect,Detect,1,5985,10,535
2026-10-06T09:13:07.394809,2026-10-06T09:13:07.394809,s-sample-05,Sample Student 05,CYBR-2000,answer,c4,c4-s5,An alert when someone logs in at 3 AM from another country,Detect,Detect,1,5937,20,545
2026-10-06T09:13:21.152917,2026-10-06T09:13:21.152917,s-sample-05,Sample Student 05,CYBR-2000,answer,c4,c4-s6,An intrusion detection system (IDS),Detect,Detect,1,13758,20,565
2026-10-06T09:13:37.143889,2026-10-06T09:13:37.143889,s-sample-05,Sample Student 05,CYBR-2000,answer,c4,c4-s7,Restoring files from last night's backup,Fix,Fix,1,15990,15,585
2026-10-06T09:13:54.507866,2026-10-06T09:13:54.507866,s-sample-05,Sample Student 05,CYBR-2000,answer,c4,c4-s8,Antivirus removing a virus it found,Fix,Fix,1,17363,20,600
2026-10-06T09:13:59.431144,2026-10-06T09:13:59.431144,s-sample-05,Sample Student 05,CYBR-2000,answer,c4,c4-s9,Rebuilding a laptop after ransomware,Fix,Fix,1,4923,20,620
2026-10-06T09:14:04.930766,2026-10-06T09:14:04.930766,s-sample-05,Sample Student 05,CYBR-2000,answer,c4,c4-k1,A tall fence around the data center,Physical,Physical,1,5499,10,640
2026-10-06T09:14:09.404815,2026-10-06T09:14:09.404815,s-sample-05,Sample Student 05,CYBR-2000,answer,c4,c4-k2,Encrypting files so only the owner can read them,Technical,Technical,1,4474,20,650
2026-10-06T09:14:23.924785,2026-10-06T09:14:23.924785,s-sample-05,Sample Student 05,CYBR-2000,answer,c4,c4-k3,"A school rule: ""Never share your password""",Administrative,Administrative,1,14519,20,670
2026-10-06T09:14:29.323064,2026-10-06T09:14:29.323064,s-sample-05,Sample Student 05,CYBR-2000,answer,c4,c4-k4,Training every student to spot phishing,Administrative,Administrative,1,5398,10,690
2026-10-06T09:14:49.323064,2026-10-06T09:14:49.323064,s-sample-05,Sample Student 05,CYBR-2000,chapter_complete,c4,c4-done,c4,3 stars,,100,370072,280,750
2026-10-06T09:15:19.690359,2026-10-06T09:15:19.690359,s-sample-05,Sample Student 05,CYBR-2000,lesson,c5,c5-l1,lesson,,,,30367,5,750
2026-10-06T09:15:46.755190,2026-10-06T09:15:46.755190,s-sample-05,Sample Student 05,CYBR-2000,lesson,c5,c5-l2,lesson,,,,27064,5,750
2026-10-06T09:16:25.986128,2026-10-06T09:16:25.986128,s-sample-05,Sample Student 05,CYBR-2000,lesson,c5,c5-l3,lesson,,,,39230,5,750
2026-10-06T09:16:41.905411,2026-10-06T09:16:41.905411,s-sample-05,Sample Student 05,CYBR-2000,check,c5,c5-check,"The firewall rule is ""Allow port 443 only."" A packet wants port 3389. What happens?",Blocked,Blocked,1,15919,20,765
2026-10-06T09:16:56.952193,2026-10-06T09:16:56.952193,s-sample-05,Sample Student 05,CYBR-2000,answer,c5,c5-lane-website-ok,Gate Duty: website ok packets,ALLOW,ALLOW,1,15046,10,785
2026-10-06T09:17:11.774555,2026-10-06T09:17:11.774555,s-sample-05,Sample Student 05,CYBR-2000,answer,c5,c5-lane-website-ok,Gate Duty: website ok packets,ALLOW,ALLOW,1,14822,15,795
2026-10-06T09:17:16.448194,2026-10-06T09:17:16.448194,s-sample-05,Sample Student 05,CYBR-2000,answer,c5,c5-lane-website-ok,Gate Duty: website ok packets,ALLOW,ALLOW,1,4673,20,810
2026-10-06T09:17:32.519545,2026-10-06T09:17:32.519545,s-sample-05,Sample Student 05,CYBR-2000,answer,c5,c5-lane-website-ok,Gate Duty: website ok packets,ALLOW,ALLOW,1,16071,10,830
2026-10-06T09:17:40.539081,2026-10-06T09:17:40.539081,s-sample-05,Sample Student 05,CYBR-2000,answer,c5,c5-lane-website-ok,Gate Duty: website ok packets,ALLOW,ALLOW,1,8019,15,840
2026-10-06T09:17:47.367573,2026-10-06T09:17:47.367573,s-sample-05,Sample Student 05,CYBR-2000,answer,c5,c5-lane-bad-port,Gate Duty: bad port packets,BLOCK,BLOCK,1,6828,10,855
2026-10-06T09:17:58.239095,2026-10-06T09:17:58.239095,s-sample-05,Sample Student 05,CYBR-2000,answer,c5,c5-lane-bad-port,Gate Duty: bad port packets,BLOCK,BLOCK,1,10871,15,865
2026-10-06T09:18:13.793853,2026-10-06T09:18:13.793853,s-sample-05,Sample Student 05,CYBR-2000,answer,c5,c5-lane-bad-port,Gate Duty: bad port packets,BLOCK,BLOCK,1,15554,15,880
2026-10-06T09:18:31.194746,2026-10-06T09:18:31.194746,s-sample-05,Sample Student 05,CYBR-2000,answer,c5,c5-lane-bad-port,Gate Duty: bad port packets,BLOCK,BLOCK,1,17400,20,895
2026-10-06T09:18:48.408924,2026-10-06T09:18:48.408924,s-sample-05,Sample Student 05,CYBR-2000,answer,c5,c5-lane-bad-port,Gate Duty: bad port packets,BLOCK,BLOCK,1,17214,15,915
2026-10-06T09:19:05.544973,2026-10-06T09:19:05.544973,s-sample-05,Sample Student 05,CYBR-2000,answer,c5,c5-lane-blocklist,Gate Duty: blocklist packets,ALLOW,BLOCK,0,17136,0,930
2026-10-06T09:19:11.866047,2026-10-06T09:19:11.866047,s-sample-05,Sample Student 05,CYBR-2000,answer,c5,c5-lane-blocklist,Gate Duty: blocklist packets,BLOCK,BLOCK,1,6321,20,930
2026-10-06T09:19:22.730131,2026-10-06T09:19:22.730131,s-sample-05,Sample Student 05,CYBR-2000,answer,c5,c5-lane-blocklist,Gate Duty: blocklist packets,ALLOW,BLOCK,0,10864,0,950
2026-10-06T09:19:34.587696,2026-10-06T09:19:34.587696,s-sample-05,Sample Student 05,CYBR-2000,answer,c5,c5-lane-blocklist,Gate Duty: blocklist packets,ALLOW,BLOCK,0,11857,0,950
2026-10-06T09:19:43.160715,2026-10-06T09:19:43.160715,s-sample-05,Sample Student 05,CYBR-2000,answer,c5,c5-lane-blocklist,Gate Duty: blocklist packets,BLOCK,BLOCK,1,8573,10,950
2026-10-06T09:20:03.160715,2026-10-06T09:20:03.160715,s-sample-05,Sample Student 05,CYBR-2000,chapter_complete,c5,c5-done,c5,2 stars,,81,276304,235,985
2026-10-06T09:20:25.315038,2026-10-06T09:20:25.315038,s-sample-05,Sample Student 05,CYBR-2000,lesson,c6,c6-l1,lesson,,,,22154,5,985
2026-10-06T09:20:51.894924,2026-10-06T09:20:51.894924,s-sample-05,Sample Student 05,CYBR-2000,lesson,c6,c6-l2,lesson,,,,26579,5,985
2026-10-06T09:21:01.205196,2026-10-06T09:21:01.205196,s-sample-05,Sample Student 05,CYBR-2000,check,c6,c6-check,"Where should ""Block everything"" go?",At the bottom,At the bottom,1,9310,20,995
2026-10-06T09:21:11.657908,2026-10-06T09:21:11.657908,s-sample-05,Sample Student 05,CYBR-2000,answer,c6,c6-o1-try1,Let website visitors in. Keep everything else out.,all tests pass,all tests pass,1,10452,20,1015
2026-10-06T09:21:25.307195,2026-10-06T09:21:25.307195,s-sample-05,Sample Student 05,CYBR-2000,answer,c6,c6-o2-try1,"Let website visitors in, except the known bad IP 203.0.113.66.",all tests pass,all tests pass,1,13649,20,1035
2026-10-06T09:21:34.185991,2026-10-06T09:21:34.185991,s-sample-05,Sample Student 05,CYBR-2000,answer,c6,c6-o3-try1,Only the IT laptop (10.0.5.20) may use remote login on port 22. Websites stay open to all.,other answer,all tests pass,0,8878,0,1055
2026-10-06T09:21:54.185991,2026-10-06T09:21:54.185991,s-sample-05,Sample Student 05,CYBR-2000,chapter_complete,c6,c6-done,c6,2 stars,,75,258398,95,1080
2026-10-06T09:22:30.738495,2026-10-06T09:22:30.738495,s-sample-05,Sample Student 05,CYBR-2000,lesson,c7,c7-l1,lesson,,,,36552,5,1080
2026-10-06T09:23:08.191095,2026-10-06T09:23:08.191095,s-sample-05,Sample Student 05,CYBR-2000,lesson,c7,c7-l2,lesson,,,,37452,5,1080
2026-10-06T09:23:39.741544,2026-10-06T09:23:39.741544,s-sample-05,Sample Student 05,CYBR-2000,lesson,c7,c7-l3,lesson,,,,31550,5,1080
2026-10-06T09:23:46.423577,2026-10-06T09:23:46.423577,s-sample-05,Sample Student 05,CYBR-2000,check,c7,c7-check,What does an IDS do when it finds an attack?,Raises an alert,Raises an alert,1,6682,15,1095
2026-10-06T09:24:01.994914,2026-10-06T09:24:01.994914,s-sample-05,Sample Student 05,CYBR-2000,answer,c7,c7-w1,Message: Search: ' OR 1=1 --,Alert,Alert,1,15571,20,1110
2026-10-06T09:24:08.178714,2026-10-06T09:24:08.178714,s-sample-05,Sample Student 05,CYBR-2000,answer,c7,c7-w2,Message: Show me the school calendar,Normal,Normal,1,6183,10,1130
2026-10-06T09:24:20.619245,2026-10-06T09:24:20.619245,s-sample-05,Sample Student 05,CYBR-2000,answer,c7,c7-w3,Message: Comment: <script>steal()</script>,Alert,Alert,1,12440,15,1140
2026-10-06T09:24:29.212296,2026-10-06T09:24:29.212296,s-sample-05,Sample Student 05,CYBR-2000,answer,c7,c7-w4,Message: Search: script for the school play,Normal,Normal,1,8593,10,1155
2026-10-06T09:24:46.581855,2026-10-06T09:24:46.581855,s-sample-05,Sample Student 05,CYBR-2000,answer,c7,c7-w5,Activity: A school laptop sends 5 GB to an unknown server at 3:12 AM,Alert,Alert,1,17369,10,1165
2026-10-06T09:24:59.792453,2026-10-06T09:24:59.792453,s-sample-05,Sample Student 05,CYBR-2000,answer,c7,c7-w6,Activity: A student downloads a 20 MB PDF for class at 10 AM,Normal,Normal,1,13210,10,1175
2026-10-06T09:25:17.566112,2026-10-06T09:25:17.566112,s-sample-05,Sample Student 05,CYBR-2000,answer,c7,c7-w7,Message: Get file: ../../secret/grades.txt,Alert,Alert,1,17773,15,1185
2026-10-06T09:25:27.655034,2026-10-06T09:25:27.655034,s-sample-05,Sample Student 05,CYBR-2000,answer,c7,c7-w8,Activity: The same account fails to log in 50 times in one minute,Alert,Alert,1,10088,10,1200
2026-10-06T09:25:47.655034,2026-10-06T09:25:47.655034,s-sample-05,Sample Student 05,CYBR-2000,chapter_complete,c7,c7-done,c7,3 stars,,100,206226,180,1260
2026-10-06T09:01:00,2026-10-06T09:01:00,s-sample-06,Sample Student 06,CYBR-2000,start,,,,avatar 0,,,,0,0
2026-10-06T09:01:37.484487,2026-10-06T09:01:37.484487,s-sample-06,Sample Student 06,CYBR-2000,lesson,c1,c1-l1,lesson,,,,37484,5,0
2026-10-06T09:02:16.504923,2026-10-06T09:02:16.504923,s-sample-06,Sample Student 06,CYBR-2000,lesson,c1,c1-l2,lesson,,,,39020,5,0
2026-10-06T09:02:19.593392,2026-10-06T09:02:19.593392,s-sample-06,Sample Student 06,CYBR-2000,lesson,c1,c1-l3,lesson,,,,3088,5,0
2026-10-06T09:02:36.305446,2026-10-06T09:02:36.305446,s-sample-06,Sample Student 06,CYBR-2000,check,c1,c1-check,Someone changes your grade from a C to an A without permission. Which part of CIA is broken?,Integrity,Integrity,1,16712,15,15
2026-10-06T09:02:48.529422,2026-10-06T09:02:48.529422,s-sample-06,Sample Student 06,CYBR-2000,answer,c1,c1-s1,A stranger reads your private messages.,Confidentiality,Confidentiality,1,12223,20,30
2026-10-06T09:02:55.729327,2026-10-06T09:02:55.729327,s-sample-06,Sample Student 06,CYBR-2000,answer,c1,c1-s2,A hacker changes the price of shoes on a store website to $1.,Integrity,Integrity,1,7199,20,50
2026-10-06T09:03:12.015825,2026-10-06T09:03:12.015825,s-sample-06,Sample Student 06,CYBR-2000,answer,c1,c1-s3,The school website crashes on the first day of class.,Availability,Availability,1,16286,20,70
2026-10-06T09:03:27.950041,2026-10-06T09:03:27.950041,s-sample-06,Sample Student 06,CYBR-2000,answer,c1,c1-s4,Your friend watches over your shoulder as you type your PIN.,Confidentiality,Confidentiality,1,15934,20,90
2026-10-06T09:03:33.689058,2026-10-06T09:03:33.689058,s-sample-06,Sample Student 06,CYBR-2000,answer,c1,c1-s5,A virus edits files so the numbers in them are wrong.,Integrity,Integrity,1,5739,15,110
2026-10-06T09:03:46.484935,2026-10-06T09:03:46.484935,s-sample-06,Sample Student 06,CYBR-2000,answer,c1,c1-s6,A storm knocks out power to the server room.,Availability,Availability,1,12795,10,125
2026-10-06T09:03:53.878481,2026-10-06T09:03:53.878481,s-sample-06,Sample Student 06,CYBR-2000,answer,c1,c1-s7,"Thousands of fake visitors flood a game server, so real players cannot log in.",Confidentiality,Availability,0,7393,0,135
2026-10-06T09:04:07.855378,2026-10-06T09:04:07.855378,s-sample-06,Sample Student 06,CYBR-2000,answer,c1,c1-s8,Someone posts your password online.,Confidentiality,Confidentiality,1,13976,10,135
2026-10-06T09:04:27.855378,2026-10-06T09:04:27.855378,s-sample-06,Sample Student 06,CYBR-2000,chapter_complete,c1,c1-done,c1,2 stars,,89,240014,170,170
2026-10-06T09:05:04.973546,2026-10-06T09:05:04.973546,s-sample-06,Sample Student 06,CYBR-2000,lesson,c2,c2-l1,lesson,,,,37118,5,170
2026-10-06T09:05:46.798367,2026-10-06T09:05:46.798367,s-sample-06,Sample Student 06,CYBR-2000,lesson,c2,c2-l2,lesson,,,,41824,5,170
2026-10-06T09:05:51.110581,2026-10-06T09:05:51.110581,s-sample-06,Sample Student 06,CYBR-2000,lesson,c2,c2-l3,lesson,,,,4312,5,170
2026-10-06T09:06:02.717620,2026-10-06T09:06:02.717620,s-sample-06,Sample Student 06,CYBR-2000,check,c2,c2-check,Which one is MFA?,A password and a code sent to your phone,A password and a code sent to your phone,1,11607,10,185
2026-10-06T09:06:20.036188,2026-10-06T09:06:20.036188,s-sample-06,Sample Student 06,CYBR-2000,answer,c2,c2-p1,Which password is stronger?,blue-river-pizza-cloud,blue-river-pizza-cloud,1,17318,10,195
2026-10-06T09:06:25.451406,2026-10-06T09:06:25.451406,s-sample-06,Sample Student 06,CYBR-2000,answer,c2,c2-p2,Which password is stronger?,maple-guitar-orbit-sock,maple-guitar-orbit-sock,1,5415,20,205
2026-10-06T09:06:32.321153,2026-10-06T09:06:32.321153,s-sample-06,Sample Student 06,CYBR-2000,answer,c2,c2-p3,Which password is stronger?,correct-horse-lamp-yellow,correct-horse-lamp-yellow,1,6869,15,225
2026-10-06T09:06:45.270811,2026-10-06T09:06:45.270811,s-sample-06,Sample Student 06,CYBR-2000,answer,c2,c2-p4,Which habit is safer?,"A different password on every site, saved in a password manager","A different password on every site, saved in a password manager",1,12949,15,240
2026-10-06T09:06:55.015692,2026-10-06T09:06:55.015692,s-sample-06,Sample Student 06,CYBR-2000,answer,c2,c2-p5,Which password is stronger?,Qz8#mL2!vR9p,Qz8#mL2!vR9p,1,9744,15,255
2026-10-06T09:07:08.596736,2026-10-06T09:07:08.596736,s-sample-06,Sample Student 06,CYBR-2000,answer,c2,c2-q1,You get a text with a login code you did not ask for. What should you do?,Ignore the code and change your password,Ignore the code and change your password,1,13581,15,270
2026-10-06T09:07:25.654424,2026-10-06T09:07:25.654424,s-sample-06,Sample Student 06,CYBR-2000,answer,c2,c2-q2,A friend asks for your game password so they can level up your character. What do you do?,"Say no, and keep your password private","Say no, and keep your password private",1,17057,20,285
2026-10-06T09:07:45.654424,2026-10-06T09:07:45.654424,s-sample-06,Sample Student 06,CYBR-2000,chapter_complete,c2,c2-done,c2,3 stars,,100,416272,185,355
2026-10-06T09:08:06.032393,2026-10-06T09:08:06.032393,s-sample-06,Sample Student 06,CYBR-2000,lesson,c3,c3-l1,lesson,,,,20377,5,355
2026-10-06T09:08:48.918285,2026-10-06T09:08:48.918285,s-sample-06,Sample Student 06,CYBR-2000,lesson,c3,c3-l2,lesson,,,,42885,5,355
2026-10-06T09:08:54.711296,2026-10-06T09:08:54.711296,s-sample-06,Sample Student 06,CYBR-2000,lesson,c3,c3-l3,lesson,,,,5793,5,355
2026-10-06T09:09:04.317984,2026-10-06T09:09:04.317984,s-sample-06,Sample Student 06,CYBR-2000,check,c3,c3-check,Which is the biggest red flag?,The email asks you to type your password on a link,The email asks you to type your password on a link,1,9606,20,370
2026-10-06T09:09:22.237208,2026-10-06T09:09:22.237208,s-sample-06,Sample Student 06,CYBR-2000,answer,c3,c3-e1,Netflix: Account suspended! Update payment in 2 hours,Phish,Phish,1,17919,15,390
2026-10-06T09:09:28.540675,2026-10-06T09:09:28.540675,s-sample-06,Sample Student 06,CYBR-2000,answer,c3,c3-e2,Ms. Carter: Reminder: quiz moved to Friday,Safe,Safe,1,6303,10,405
2026-10-06T09:09:41.420853,2026-10-06T09:09:41.420853,s-sample-06,Sample Student 06,CYBR-2000,answer,c3,c3-e3,"Roblox Rewards: YOU WON 10,000 ROBUX!!!",Phish,Phish,1,12880,15,415
2026-10-06T09:09:55.510719,2026-10-06T09:09:55.510719,s-sample-06,Sample Student 06,CYBR-2000,answer,c3,c3-e4,"Principal Grant: Quick favor, keep it secret",Phish,Phish,1,14089,10,430
2026-10-06T09:10:08.453870,2026-10-06T09:10:08.453870,s-sample-06,Sample Student 06,CYBR-2000,answer,c3,c3-e5,USPS: Package on hold,Phish,Phish,1,12943,15,440
2026-10-06T09:10:16.574663,2026-10-06T09:10:16.574663,s-sample-06,Sample Student 06,CYBR-2000,answer,c3,c3-e6,Library: Your book is due Monday,Safe,Safe,1,8120,20,455
2026-10-06T09:10:36.574663,2026-10-06T09:10:36.574663,s-sample-06,Sample Student 06,CYBR-2000,chapter_complete,c3,c3-done,c3,3 stars,,100,335905,170,525
2026-10-06T09:10:42.694050,2026-10-06T09:10:42.694050,s-sample-06,Sample Student 06,CYBR-2000,lesson,c4,c4-l1,lesson,,,,6119,5,525
2026-10-06T09:11:16.492287,2026-10-06T09:11:16.492287,s-sample-06,Sample Student 06,CYBR-2000,lesson,c4,c4-l2,lesson,,,,33798,5,525
2026-10-06T09:11:54.718184,2026-10-06T09:11:54.718184,s-sample-06,Sample Student 06,CYBR-2000,lesson,c4,c4-l3,lesson,,,,38225,5,525
2026-10-06T09:12:07.879822,2026-10-06T09:12:07.879822,s-sample-06,Sample Student 06,CYBR-2000,check,c4,c4-check,A security camera is mainly a...,Detect control,Detect control,1,13161,15,540
2026-10-06T09:12:17.878728,2026-10-06T09:12:17.878728,s-sample-06,Sample Student 06,CYBR-2000,answer,c4,c4-s1,A lock on the server room door,Prevent,Prevent,1,9998,20,555
2026-10-06T09:12:34.436918,2026-10-06T09:12:34.436918,s-sample-06,Sample Student 06,CYBR-2000,answer,c4,c4-s2,A firewall that blocks bad traffic,Prevent,Prevent,1,16558,10,575
2026-10-06T09:12:50.399154,2026-10-06T09:12:50.399154,s-sample-06,Sample Student 06,CYBR-2000,answer,c4,c4-s3,Multi-factor authentication (MFA),Prevent,Prevent,1,15962,10,585
2026-10-06T09:13:02.303404,2026-10-06T09:13:02.303404,s-sample-06,Sample Student 06,CYBR-2000,answer,c4,c4-s4,A security camera in the hallway,Detect,Detect,1,11904,15,595
2026-10-06T09:13:08.269028,2026-10-06T09:13:08.269028,s-sample-06,Sample Student 06,CYBR-2000,answer,c4,c4-s5,An alert when someone logs in at 3 AM from another country,Fix,Detect,0,5965,0,610
2026-10-06T09:13:21.133301,2026-10-06T09:13:21.133301,s-sample-06,Sample Student 06,CYBR-2000,answer,c4,c4-s6,An intrusion detection system (IDS),Detect,Detect,1,12864,10,610
2026-10-06T09:13:28.069794,2026-10-06T09:13:28.069794,s-sample-06,Sample Student 06,CYBR-2000,answer,c4,c4-s7,Restoring files from last night's backup,Fix,Fix,1,6936,10,620
2026-10-06T09:13:35.570166,2026-10-06T09:13:35.570166,s-sample-06,Sample Student 06,CYBR-2000,answer,c4,c4-s8,Antivirus removing a virus it found,Fix,Fix,1,7500,10,630
2026-10-06T09:13:51.528600,2026-10-06T09:13:51.528600,s-sample-06,Sample Student 06,CYBR-2000,answer,c4,c4-s9,Rebuilding a laptop after ransomware,Fix,Fix,1,15958,10,640
2026-10-06T09:14:00.378817,2026-10-06T09:14:00.378817,s-sample-06,Sample Student 06,CYBR-2000,answer,c4,c4-k1,A tall fence around the data center,Physical,Physical,1,8850,10,650
2026-10-06T09:14:10.013598,2026-10-06T09:14:10.013598,s-sample-06,Sample Student 06,CYBR-2000,answer,c4,c4-k2,Encrypting files so only the owner can read them,Technical,Technical,1,9634,20,660
2026-10-06T09:14:26.489493,2026-10-06T09:14:26.489493,s-sample-06,Sample Student 06,CYBR-2000,answer,c4,c4-k3,"A school rule: ""Never share your password""",Administrative,Administrative,1,16475,20,680
2026-10-06T09:14:31.755174,2026-10-06T09:14:31.755174,s-sample-06,Sample Student 06,CYBR-2000,answer,c4,c4-k4,Training every student to spot phishing,other answer,Administrative,0,5265,0,700
2026-10-06T09:14:51.755174,2026-10-06T09:14:51.755174,s-sample-06,Sample Student 06,CYBR-2000,chapter_complete,c4,c4-done,c4,2 stars,,86,396394,200,725
2026-10-06T09:15:36.492174,2026-10-06T09:15:36.492174,s-sample-06,Sample Student 06,CYBR-2000,lesson,c5,c5-l1,lesson,,,,44737,5,725
2026-10-06T09:16:16.785584,2026-10-06T09:16:16.785584,s-sample-06,Sample Student 06,CYBR-2000,lesson,c5,c5-l2,lesson,,,,40293,5,725
2026-10-06T09:16:39.698770,2026-10-06T09:16:39.698770,s-sample-06,Sample Student 06,CYBR-2000,lesson,c5,c5-l3,lesson,,,,22913,5,725
2026-10-06T09:16:45.649506,2026-10-06T09:16:45.649506,s-sample-06,Sample Student 06,CYBR-2000,check,c5,c5-check,"The firewall rule is ""Allow port 443 only."" A packet wants port 3389. What happens?",Blocked,Blocked,1,5950,15,740
2026-10-06T09:16:56.430695,2026-10-06T09:16:56.430695,s-sample-06,Sample Student 06,CYBR-2000,answer,c5,c5-lane-website-ok,Gate Duty: website ok packets,ALLOW,ALLOW,1,10781,10,755
2026-10-06T09:17:03.882628,2026-10-06T09:17:03.882628,s-sample-06,Sample Student 06,CYBR-2000,answer,c5,c5-lane-website-ok,Gate Duty: website ok packets,ALLOW,ALLOW,1,7451,10,765
2026-10-06T09:17:19.962916,2026-10-06T09:17:19.962916,s-sample-06,Sample Student 06,CYBR-2000,answer,c5,c5-lane-website-ok,Gate Duty: website ok packets,ALLOW,ALLOW,1,16080,10,775
2026-10-06T09:17:28.452492,2026-10-06T09:17:28.452492,s-sample-06,Sample Student 06,CYBR-2000,answer,c5,c5-lane-website-ok,Gate Duty: website ok packets,ALLOW,ALLOW,1,8489,20,785
2026-10-06T09:17:41.766700,2026-10-06T09:17:41.766700,s-sample-06,Sample Student 06,CYBR-2000,answer,c5,c5-lane-website-ok,Gate Duty: website ok packets,ALLOW,ALLOW,1,13314,15,805
2026-10-06T09:17:51.630135,2026-10-06T09:17:51.630135,s-sample-06,Sample Student 06,CYBR-2000,answer,c5,c5-lane-bad-port,Gate Duty: bad port packets,BLOCK,BLOCK,1,9863,20,820
2026-10-06T09:18:04.548708,2026-10-06T09:18:04.548708,s-sample-06,Sample Student 06,CYBR-2000,answer,c5,c5-lane-bad-port,Gate Duty: bad port packets,BLOCK,BLOCK,1,12918,20,840
2026-10-06T09:18:08.836545,2026-10-06T09:18:08.836545,s-sample-06,Sample Student 06,CYBR-2000,answer,c5,c5-lane-bad-port,Gate Duty: bad port packets,BLOCK,BLOCK,1,4287,10,860
2026-10-06T09:18:25.877448,2026-10-06T09:18:25.877448,s-sample-06,Sample Student 06,CYBR-2000,answer,c5,c5-lane-bad-port,Gate Duty: bad port packets,BLOCK,BLOCK,1,17040,15,870
2026-10-06T09:18:31.193108,2026-10-06T09:18:31.193108,s-sample-06,Sample Student 06,CYBR-2000,answer,c5,c5-lane-bad-port,Gate Duty: bad port packets,BLOCK,BLOCK,1,5315,15,885
2026-10-06T09:18:47.758973,2026-10-06T09:18:47.758973,s-sample-06,Sample Student 06,CYBR-2000,answer,c5,c5-lane-blocklist,Gate Duty: blocklist packets,BLOCK,BLOCK,1,16565,10,900
2026-10-06T09:18:57.577255,2026-10-06T09:18:57.577255,s-sample-06,Sample Student 06,CYBR-2000,answer,c5,c5-lane-blocklist,Gate Duty: blocklist packets,BLOCK,BLOCK,1,9818,10,910
2026-10-06T09:19:13.640915,2026-10-06T09:19:13.640915,s-sample-06,Sample Student 06,CYBR-2000,answer,c5,c5-lane-blocklist,Gate Duty: blocklist packets,BLOCK,BLOCK,1,16063,15,920
2026-10-06T09:19:28.540251,2026-10-06T09:19:28.540251,s-sample-06,Sample Student 06,CYBR-2000,answer,c5,c5-lane-blocklist,Gate Duty: blocklist packets,BLOCK,BLOCK,1,14899,20,935
2026-10-06T09:19:35.490405,2026-10-06T09:19:35.490405,s-sample-06,Sample Student 06,CYBR-2000,answer,c5,c5-lane-blocklist,Gate Duty: blocklist packets,ALLOW,BLOCK,0,6950,0,955
2026-10-06T09:19:55.490405,2026-10-06T09:19:55.490405,s-sample-06,Sample Student 06,CYBR-2000,chapter_complete,c5,c5-done,c5,3 stars,,94,284445,280,1005
2026-10-06T09:20:36.759565,2026-10-06T09:20:36.759565,s-sample-06,Sample Student 06,CYBR-2000,lesson,c6,c6-l1,lesson,,,,41269,5,1005
2026-10-06T09:21:15.496237,2026-10-06T09:21:15.496237,s-sample-06,Sample Student 06,CYBR-2000,lesson,c6,c6-l2,lesson,,,,38736,5,1005
2026-10-06T09:21:24.323580,2026-10-06T09:21:24.323580,s-sample-06,Sample Student 06,CYBR-2000,check,c6,c6-check,"Where should ""Block everything"" go?",At the bottom,At the bottom,1,8827,10,1015
2026-10-06T09:21:39.410896,2026-10-06T09:21:39.410896,s-sample-06,Sample Student 06,CYBR-2000,answer,c6,c6-o1-try1,Let website visitors in. Keep everything else out.,all tests pass,all tests pass,1,15087,15,1025
2026-10-06T09:21:53.395430,2026-10-06T09:21:53.395430,s-sample-06,Sample Student 06,CYBR-2000,answer,c6,c6-o2-try1,"Let website visitors in, except the known bad IP 203.0.113.66.",all tests pass,all tests pass,1,13984,10,1040
2026-10-06T09:22:06.282922,2026-10-06T09:22:06.282922,s-sample-06,Sample Student 06,CYBR-2000,answer,c6,c6-o3-try1,Only the IT laptop (10.0.5.20) may use remote login on port 22. Websites stay open to all.,other answer,all tests pass,0,12887,0,1050
2026-10-06T09:22:26.282922,2026-10-06T09:22:26.282922,s-sample-06,Sample Student 06,CYBR-2000,chapter_complete,c6,c6-done,c6,2 stars,,75,368211,70,1075
2026-10-06T09:23:08.422956,2026-10-06T09:23:08.422956,s-sample-06,Sample Student 06,CYBR-2000,lesson,c7,c7-l1,lesson,,,,42140,5,1075
2026-10-06T09:23:13.719132,2026-10-06T09:23:13.719132,s-sample-06,Sample Student 06,CYBR-2000,lesson,c7,c7-l2,lesson,,,,5296,5,1075
2026-10-06T09:23:48.936272,2026-10-06T09:23:48.936272,s-sample-06,Sample Student 06,CYBR-2000,lesson,c7,c7-l3,lesson,,,,35217,5,1075
2026-10-06T09:23:59.948071,2026-10-06T09:23:59.948071,s-sample-06,Sample Student 06,CYBR-2000,check,c7,c7-check,What does an IDS do when it finds an attack?,Raises an alert,Raises an alert,1,11011,20,1090
2026-10-06T09:24:12.581859,2026-10-06T09:24:12.581859,s-sample-06,Sample Student 06,CYBR-2000,answer,c7,c7-w1,Message: Search: ' OR 1=1 --,Alert,Alert,1,12633,20,1110
2026-10-06T09:24:26.229607,2026-10-06T09:24:26.229607,s-sample-06,Sample Student 06,CYBR-2000,answer,c7,c7-w2,Message: Show me the school calendar,Normal,Normal,1,13647,20,1130
2026-10-06T09:24:30.782246,2026-10-06T09:24:30.782246,s-sample-06,Sample Student 06,CYBR-2000,answer,c7,c7-w3,Message: Comment: <script>steal()</script>,Alert,Alert,1,4552,20,1150
2026-10-06T09:24:45.459693,2026-10-06T09:24:45.459693,s-sample-06,Sample Student 06,CYBR-2000,answer,c7,c7-w4,Message: Search: script for the school play,Normal,Normal,1,14677,10,1170
2026-10-06T09:25:01.628575,2026-10-06T09:25:01.628575,s-sample-06,Sample Student 06,CYBR-2000,answer,c7,c7-w5,Activity: A school laptop sends 5 GB to an unknown server at 3:12 AM,Alert,Alert,1,16168,15,1180
2026-10-06T09:25:18.425735,2026-10-06T09:25:18.425735,s-sample-06,Sample Student 06,CYBR-2000,answer,c7,c7-w6,Activity: A student downloads a 20 MB PDF for class at 10 AM,Normal,Normal,1,16797,20,1195
2026-10-06T09:25:34.632644,2026-10-06T09:25:34.632644,s-sample-06,Sample Student 06,CYBR-2000,answer,c7,c7-w7,Message: Get file: ../../secret/grades.txt,Alert,Alert,1,16206,10,1215
2026-10-06T09:25:46.502065,2026-10-06T09:25:46.502065,s-sample-06,Sample Student 06,CYBR-2000,answer,c7,c7-w8,Activity: The same account fails to log in 50 times in one minute,Alert,Alert,1,11869,15,1225
2026-10-06T09:26:06.502065,2026-10-06T09:26:06.502065,s-sample-06,Sample Student 06,CYBR-2000,chapter_complete,c7,c7-done,c7,3 stars,,100,386988,215,1290
2026-10-06T09:26:27.011866,2026-10-06T09:26:27.011866,s-sample-06,Sample Student 06,CYBR-2000,lesson,c8,c8-l1,lesson,,,,20509,5,1290
2026-10-06T09:26:48.377312,2026-10-06T09:26:48.377312,s-sample-06,Sample Student 06,CYBR-2000,lesson,c8,c8-l2,lesson,,,,21365,5,1290
2026-10-06T09:27:41.017074,2026-10-06T09:27:41.017074,s-sample-06,Sample Student 06,CYBR-2000,lesson,c8,c8-l3,lesson,,,,52639,5,1290
2026-10-06T09:27:57.877890,2026-10-06T09:27:57.877890,s-sample-06,Sample Student 06,CYBR-2000,check,c8,c8-check,The IPS blocks a student's real homework upload by mistake. This is a...,False positive,False positive,1,16860,15,1305
2026-10-06T09:28:11.397369,2026-10-06T09:28:11.397369,s-sample-06,Sample Student 06,CYBR-2000,answer,c8,c8-lane-clean,Night Shift: clean packets,ALLOW,ALLOW,1,13519,20,1320
2026-10-06T09:28:28.525441,2026-10-06T09:28:28.525441,s-sample-06,Sample Student 06,CYBR-2000,answer,c8,c8-lane-clean,Night Shift: clean packets,ALLOW,ALLOW,1,17128,10,1340
2026-10-06T09:28:38.299280,2026-10-06T09:28:38.299280,s-sample-06,Sample Student 06,CYBR-2000,answer,c8,c8-lane-clean,Night Shift: clean packets,ALLOW,ALLOW,1,9773,10,1350
2026-10-06T09:28:48.909975,2026-10-06T09:28:48.909975,s-sample-06,Sample Student 06,CYBR-2000,answer,c8,c8-lane-clean,Night Shift: clean packets,ALLOW,ALLOW,1,10610,10,1360
2026-10-06T09:28:58.887972,2026-10-06T09:28:58.887972,s-sample-06,Sample Student 06,CYBR-2000,answer,c8,c8-lane-clean,Night Shift: clean packets,ALLOW,ALLOW,1,9977,10,1370
2026-10-06T09:29:04.591364,2026-10-06T09:29:04.591364,s-sample-06,Sample Student 06,CYBR-2000,answer,c8,c8-lane-tricky-clean,Night Shift: tricky clean packets,BLOCK,ALLOW,0,5703,0,1380
2026-10-06T09:29:09.825314,2026-10-06T09:29:09.825314,s-sample-06,Sample Student 06,CYBR-2000,answer,c8,c8-lane-tricky-clean,Night Shift: tricky clean packets,BLOCK,ALLOW,0,5233,0,1380
2026-10-06T09:29:15.630873,2026-10-06T09:29:15.630873,s-sample-06,Sample Student 06,CYBR-2000,answer,c8,c8-lane-tricky-clean,Night Shift: tricky clean packets,BLOCK,ALLOW,0,5805,0,1380
2026-10-06T09:29:29.701787,2026-10-06T09:29:29.701787,s-sample-06,Sample Student 06,CYBR-2000,answer,c8,c8-lane-tricky-clean,Night Shift: tricky clean packets,ALLOW,ALLOW,1,14070,10,1380
2026-10-06T09:29:44.120690,2026-10-06T09:29:44.120690,s-sample-06,Sample Student 06,CYBR-2000,answer,c8,c8-lane-tricky-clean,Night Shift: tricky clean packets,ALLOW,ALLOW,1,14418,10,1390
2026-10-06T09:29:58.582075,2026-10-06T09:29:58.582075,s-sample-06,Sample Student 06,CYBR-2000,answer,c8,c8-lane-signature,Night Shift: signature packets,BLOCK,BLOCK,1,14461,20,1400
2026-10-06T09:30:12.798180,2026-10-06T09:30:12.798180,s-sample-06,Sample Student 06,CYBR-2000,answer,c8,c8-lane-signature,Night Shift: signature packets,ALLOW,BLOCK,0,14216,0,1420
2026-10-06T09:30:25.598904,2026-10-06T09:30:25.598904,s-sample-06,Sample Student 06,CYBR-2000,answer,c8,c8-lane-signature,Night Shift: signature packets,BLOCK,BLOCK,1,12800,20,1420
2026-10-06T09:30:38.972482,2026-10-06T09:30:38.972482,s-sample-06,Sample Student 06,CYBR-2000,answer,c8,c8-lane-signature,Night Shift: signature packets,BLOCK,BLOCK,1,13373,15,1440
2026-10-06T09:30:43.709734,2026-10-06T09:30:43.709734,s-sample-06,Sample Student 06,CYBR-2000,answer,c8,c8-lane-signature,Night Shift: signature packets,ALLOW,BLOCK,0,4737,0,1455
2026-10-06T09:30:48.557448,2026-10-06T09:30:48.557448,s-sample-06,Sample Student 06,CYBR-2000,answer,c8,c8-lane-bad-port,Night Shift: bad port packets,BLOCK,BLOCK,1,4847,20,1455
2026-10-06T09:31:01.212580,2026-10-06T09:31:01.212580,s-sample-06,Sample Student 06,CYBR-2000,answer,c8,c8-lane-bad-port,Night Shift: bad port packets,BLOCK,BLOCK,1,12655,15,1475
2026-10-06T09:31:15.424767,2026-10-06T09:31:15.424767,s-sample-06,Sample Student 06,CYBR-2000,answer,c8,c8-lane-bad-port,Night Shift: bad port packets,BLOCK,BLOCK,1,14212,10,1490
2026-10-06T09:31:31.113580,2026-10-06T09:31:31.113580,s-sample-06,Sample Student 06,CYBR-2000,answer,c8,c8-lane-bad-port,Night Shift: bad port packets,BLOCK,BLOCK,1,15688,20,1500
2026-10-06T09:31:40.259498,2026-10-06T09:31:40.259498,s-sample-06,Sample Student 06,CYBR-2000,answer,c8,c8-lane-bad-port,Night Shift: bad port packets,BLOCK,BLOCK,1,9145,20,1520
2026-10-06T09:31:50.836727,2026-10-06T09:31:50.836727,s-sample-06,Sample Student 06,CYBR-2000,answer,c8,c8-lane-blocklist,Night Shift: blocklist packets,BLOCK,BLOCK,1,10577,10,1540
2026-10-06T09:32:05.999778,2026-10-06T09:32:05.999778,s-sample-06,Sample Student 06,CYBR-2000,answer,c8,c8-lane-blocklist,Night Shift: blocklist packets,BLOCK,BLOCK,1,15163,15,1550
2026-10-06T09:32:12.296138,2026-10-06T09:32:12.296138,s-sample-06,Sample Student 06,CYBR-2000,answer,c8,c8-lane-blocklist,Night Shift: blocklist packets,BLOCK,BLOCK,1,6296,15,1565
2026-10-06T09:32:27.189445,2026-10-06T09:32:27.189445,s-sample-06,Sample Student 06,CYBR-2000,answer,c8,c8-lane-blocklist,Night Shift: blocklist packets,BLOCK,BLOCK,1,14893,15,1580
2026-10-06T09:32:42.174184,2026-10-06T09:32:42.174184,s-sample-06,Sample Student 06,CYBR-2000,answer,c8,c8-lane-blocklist,Night Shift: blocklist packets,BLOCK,BLOCK,1,14984,20,1595
2026-10-06T09:33:02.174184,2026-10-06T09:33:02.174184,s-sample-06,Sample Student 06,CYBR-2000,chapter_complete,c8,c8-done,c8,2 stars,,81,260132,350,1640
2026-10-06T09:33:02.174184,2026-10-06T09:33:02.174184,s-sample-06,Sample Student 06,CYBR-2000,finish,,,,,,,,0,1640
2026-10-06T09:04:00,2026-10-06T09:04:00,s-sample-07,Sample Student 07,CYBR-2000,start,,,,avatar 0,,,,0,0
2026-10-06T09:04:04.328160,2026-10-06T09:04:04.328160,s-sample-07,Sample Student 07,CYBR-2000,lesson,c1,c1-l1,lesson,,,,4328,5,0
2026-10-06T09:04:09.732709,2026-10-06T09:04:09.732709,s-sample-07,Sample Student 07,CYBR-2000,lesson,c1,c1-l2,lesson,,,,5404,5,0
2026-10-06T09:04:14.239416,2026-10-06T09:04:14.239416,s-sample-07,Sample Student 07,CYBR-2000,lesson,c1,c1-l3,lesson,,,,4506,5,0
2026-10-06T09:04:22.205746,2026-10-06T09:04:22.205746,s-sample-07,Sample Student 07,CYBR-2000,check,c1,c1-check,Someone changes your grade from a C to an A without permission. Which part of CIA is broken?,Integrity,Integrity,1,7966,10,15
2026-10-06T09:04:29.958068,2026-10-06T09:04:29.958068,s-sample-07,Sample Student 07,CYBR-2000,answer,c1,c1-s1,A stranger reads your private messages.,Confidentiality,Confidentiality,1,7752,10,25
2026-10-06T09:04:45.381874,2026-10-06T09:04:45.381874,s-sample-07,Sample Student 07,CYBR-2000,answer,c1,c1-s2,A hacker changes the price of shoes on a store website to $1.,Integrity,Integrity,1,15423,10,35
2026-10-06T09:04:51.351250,2026-10-06T09:04:51.351250,s-sample-07,Sample Student 07,CYBR-2000,answer,c1,c1-s3,The school website crashes on the first day of class.,Availability,Availability,1,5969,20,45
2026-10-06T09:05:09.006435,2026-10-06T09:05:09.006435,s-sample-07,Sample Student 07,CYBR-2000,answer,c1,c1-s4,Your friend watches over your shoulder as you type your PIN.,Confidentiality,Confidentiality,1,17655,20,65
2026-10-06T09:05:25.798925,2026-10-06T09:05:25.798925,s-sample-07,Sample Student 07,CYBR-2000,answer,c1,c1-s5,A virus edits files so the numbers in them are wrong.,Integrity,Integrity,1,16792,15,85
2026-10-06T09:05:37.358662,2026-10-06T09:05:37.358662,s-sample-07,Sample Student 07,CYBR-2000,answer,c1,c1-s6,A storm knocks out power to the server room.,Availability,Availability,1,11559,15,100
2026-10-06T09:05:44.164690,2026-10-06T09:05:44.164690,s-sample-07,Sample Student 07,CYBR-2000,answer,c1,c1-s7,"Thousands of fake visitors flood a game server, so real players cannot log in.",Confidentiality,Availability,0,6806,0,115
2026-10-06T09:06:01.208808,2026-10-06T09:06:01.208808,s-sample-07,Sample Student 07,CYBR-2000,answer,c1,c1-s8,Someone posts your password online.,Confidentiality,Confidentiality,1,17044,10,115
2026-10-06T09:06:21.208808,2026-10-06T09:06:21.208808,s-sample-07,Sample Student 07,CYBR-2000,chapter_complete,c1,c1-done,c1,2 stars,,89,254272,150,150
2026-10-06T09:06:55.819637,2026-10-06T09:06:55.819637,s-sample-07,Sample Student 07,CYBR-2000,lesson,c2,c2-l1,lesson,,,,34610,5,150
2026-10-06T09:07:25.443989,2026-10-06T09:07:25.443989,s-sample-07,Sample Student 07,CYBR-2000,lesson,c2,c2-l2,lesson,,,,29624,5,150
2026-10-06T09:07:28.794793,2026-10-06T09:07:28.794793,s-sample-07,Sample Student 07,CYBR-2000,lesson,c2,c2-l3,lesson,,,,3350,5,150
2026-10-06T09:07:40.089348,2026-10-06T09:07:40.089348,s-sample-07,Sample Student 07,CYBR-2000,check,c2,c2-check,Which one is MFA?,A password and a code sent to your phone,A password and a code sent to your phone,1,11294,15,165
2026-10-06T09:07:51.395367,2026-10-06T09:07:51.395367,s-sample-07,Sample Student 07,CYBR-2000,answer,c2,c2-p1,Which password is stronger?,other answer,blue-river-pizza-cloud,0,11306,0,180
2026-10-06T09:08:03.645968,2026-10-06T09:08:03.645968,s-sample-07,Sample Student 07,CYBR-2000,answer,c2,c2-p2,Which password is stronger?,maple-guitar-orbit-sock,maple-guitar-orbit-sock,1,12250,10,180
2026-10-06T09:08:08.936605,2026-10-06T09:08:08.936605,s-sample-07,Sample Student 07,CYBR-2000,answer,c2,c2-p3,Which password is stronger?,correct-horse-lamp-yellow,correct-horse-lamp-yellow,1,5290,20,190
2026-10-06T09:08:21.026729,2026-10-06T09:08:21.026729,s-sample-07,Sample Student 07,CYBR-2000,answer,c2,c2-p4,Which habit is safer?,"A different password on every site, saved in a password manager","A different password on every site, saved in a password manager",1,12090,15,210
2026-10-06T09:08:32.267772,2026-10-06T09:08:32.267772,s-sample-07,Sample Student 07,CYBR-2000,answer,c2,c2-p5,Which password is stronger?,Qz8#mL2!vR9p,Qz8#mL2!vR9p,1,11241,10,225
2026-10-06T09:08:49.184426,2026-10-06T09:08:49.184426,s-sample-07,Sample Student 07,CYBR-2000,answer,c2,c2-q1,You get a text with a login code you did not ask for. What should you do?,Ignore the code and change your password,Ignore the code and change your password,1,16916,15,235
2026-10-06T09:08:54.670082,2026-10-06T09:08:54.670082,s-sample-07,Sample Student 07,CYBR-2000,answer,c2,c2-q2,A friend asks for your game password so they can level up your character. What do you do?,"Say no, and keep your password private","Say no, and keep your password private",1,5485,20,250
2026-10-06T09:09:14.670082,2026-10-06T09:09:14.670082,s-sample-07,Sample Student 07,CYBR-2000,chapter_complete,c2,c2-done,c2,2 stars,,88,291224,145,295
2026-10-06T09:09:45.933240,2026-10-06T09:09:45.933240,s-sample-07,Sample Student 07,CYBR-2000,lesson,c3,c3-l1,lesson,,,,31263,5,295
2026-10-06T09:10:06.772717,2026-10-06T09:10:06.772717,s-sample-07,Sample Student 07,CYBR-2000,lesson,c3,c3-l2,lesson,,,,20839,5,295
2026-10-06T09:10:48.594443,2026-10-06T09:10:48.594443,s-sample-07,Sample Student 07,CYBR-2000,lesson,c3,c3-l3,lesson,,,,41821,5,295
2026-10-06T09:11:05.845437,2026-10-06T09:11:05.845437,s-sample-07,Sample Student 07,CYBR-2000,check,c3,c3-check,Which is the biggest red flag?,The email asks you to type your password on a link,The email asks you to type your password on a link,1,17250,20,310
2026-10-06T09:11:23.333992,2026-10-06T09:11:23.333992,s-sample-07,Sample Student 07,CYBR-2000,answer,c3,c3-e1,Netflix: Account suspended! Update payment in 2 hours,Phish,Phish,1,17488,15,330
2026-10-06T09:11:32.077796,2026-10-06T09:11:32.077796,s-sample-07,Sample Student 07,CYBR-2000,answer,c3,c3-e2,Ms. Carter: Reminder: quiz moved to Friday,Phish,Safe,0,8743,0,345
2026-10-06T09:11:41.372624,2026-10-06T09:11:41.372624,s-sample-07,Sample Student 07,CYBR-2000,answer,c3,c3-e3,"Roblox Rewards: YOU WON 10,000 ROBUX!!!",Safe,Phish,0,9294,0,345
2026-10-06T09:11:45.859965,2026-10-06T09:11:45.859965,s-sample-07,Sample Student 07,CYBR-2000,answer,c3,c3-e4,"Principal Grant: Quick favor, keep it secret",Phish,Phish,1,4487,15,345
2026-10-06T09:11:56.275898,2026-10-06T09:11:56.275898,s-sample-07,Sample Student 07,CYBR-2000,answer,c3,c3-e5,USPS: Package on hold,Safe,Phish,0,10415,0,360
2026-10-06T09:12:13.014774,2026-10-06T09:12:13.014774,s-sample-07,Sample Student 07,CYBR-2000,answer,c3,c3-e6,Library: Your book is due Monday,Phish,Safe,0,16738,0,360
2026-10-06T09:12:33.014774,2026-10-06T09:12:33.014774,s-sample-07,Sample Student 07,CYBR-2000,chapter_complete,c3,c3-done,c3,1 stars,,43,195404,90,385
2026-10-06T09:12:38.407047,2026-10-06T09:12:38.407047,s-sample-07,Sample Student 07,CYBR-2000,lesson,c4,c4-l1,lesson,,,,5392,5,385
2026-10-06T09:13:14.422871,2026-10-06T09:13:14.422871,s-sample-07,Sample Student 07,CYBR-2000,lesson,c4,c4-l2,lesson,,,,36015,5,385
2026-10-06T09:13:40.095023,2026-10-06T09:13:40.095023,s-sample-07,Sample Student 07,CYBR-2000,lesson,c4,c4-l3,lesson,,,,25672,5,385
2026-10-06T09:13:57.979044,2026-10-06T09:13:57.979044,s-sample-07,Sample Student 07,CYBR-2000,check,c4,c4-check,A security camera is mainly a...,other answer,Detect control,0,17884,0,400
2026-10-06T09:14:02.519887,2026-10-06T09:14:02.519887,s-sample-07,Sample Student 07,CYBR-2000,answer,c4,c4-s1,A lock on the server room door,Prevent,Prevent,1,4540,15,400
2026-10-06T09:14:07.349762,2026-10-06T09:14:07.349762,s-sample-07,Sample Student 07,CYBR-2000,answer,c4,c4-s2,A firewall that blocks bad traffic,Detect,Prevent,0,4829,0,415
2026-10-06T09:14:11.738766,2026-10-06T09:14:11.738766,s-sample-07,Sample Student 07,CYBR-2000,answer,c4,c4-s3,Multi-factor authentication (MFA),Prevent,Prevent,1,4389,10,415
2026-10-06T09:14:22.925446,2026-10-06T09:14:22.925446,s-sample-07,Sample Student 07,CYBR-2000,answer,c4,c4-s4,A security camera in the hallway,Detect,Detect,1,11186,20,425
2026-10-06T09:14:40.721410,2026-10-06T09:14:40.721410,s-sample-07,Sample Student 07,CYBR-2000,answer,c4,c4-s5,An alert when someone logs in at 3 AM from another country,Fix,Detect,0,17795,0,445
2026-10-06T09:14:46.748576,2026-10-06T09:14:46.748576,s-sample-07,Sample Student 07,CYBR-2000,answer,c4,c4-s6,An intrusion detection system (IDS),Detect,Detect,1,6027,10,445
2026-10-06T09:15:00.225024,2026-10-06T09:15:00.225024,s-sample-07,Sample Student 07,CYBR-2000,answer,c4,c4-s7,Restoring files from last night's backup,Prevent,Fix,0,13476,0,455
2026-10-06T09:15:12.505539,2026-10-06T09:15:12.505539,s-sample-07,Sample Student 07,CYBR-2000,answer,c4,c4-s8,Antivirus removing a virus it found,Fix,Fix,1,12280,20,455
2026-10-06T09:15:21.040397,2026-10-06T09:15:21.040397,s-sample-07,Sample Student 07,CYBR-2000,answer,c4,c4-s9,Rebuilding a laptop after ransomware,Fix,Fix,1,8534,15,475
2026-10-06T09:15:30.290161,2026-10-06T09:15:30.290161,s-sample-07,Sample Student 07,CYBR-2000,answer,c4,c4-k1,A tall fence around the data center,Physical,Physical,1,9249,15,490
2026-10-06T09:15:37.628565,2026-10-06T09:15:37.628565,s-sample-07,Sample Student 07,CYBR-2000,answer,c4,c4-k2,Encrypting files so only the owner can read them,Technical,Technical,1,7338,10,505
2026-10-06T09:15:54.118942,2026-10-06T09:15:54.118942,s-sample-07,Sample Student 07,CYBR-2000,answer,c4,c4-k3,"A school rule: ""Never share your password""",other answer,Administrative,0,16490,0,515
2026-10-06T09:16:10.895158,2026-10-06T09:16:10.895158,s-sample-07,Sample Student 07,CYBR-2000,answer,c4,c4-k4,Training every student to spot phishing,other answer,Administrative,0,16776,0,515
2026-10-06T09:16:30.895158,2026-10-06T09:16:30.895158,s-sample-07,Sample Student 07,CYBR-2000,chapter_complete,c4,c4-done,c4,1 stars,,57,371723,155,540
2026-10-06T09:16:52.839820,2026-10-06T09:16:52.839820,s-sample-07,Sample Student 07,CYBR-2000,lesson,c5,c5-l1,lesson,,,,21944,5,540
2026-10-06T09:17:48.165537,2026-10-06T09:17:48.165537,s-sample-07,Sample Student 07,CYBR-2000,lesson,c5,c5-l2,lesson,,,,55325,5,540
2026-10-06T09:17:54.997353,2026-10-06T09:17:54.997353,s-sample-07,Sample Student 07,CYBR-2000,lesson,c5,c5-l3,lesson,,,,6831,5,540
2026-10-06T09:18:05.330027,2026-10-06T09:18:05.330027,s-sample-07,Sample Student 07,CYBR-2000,check,c5,c5-check,"The firewall rule is ""Allow port 443 only."" A packet wants port 3389. What happens?",Blocked,Blocked,1,10332,15,555
2026-10-06T09:18:12.604373,2026-10-06T09:18:12.604373,s-sample-07,Sample Student 07,CYBR-2000,answer,c5,c5-lane-website-ok,Gate Duty: website ok packets,ALLOW,ALLOW,1,7274,10,570
2026-10-06T09:18:18.603123,2026-10-06T09:18:18.603123,s-sample-07,Sample Student 07,CYBR-2000,answer,c5,c5-lane-website-ok,Gate Duty: website ok packets,ALLOW,ALLOW,1,5998,10,580
2026-10-06T09:18:25.126478,2026-10-06T09:18:25.126478,s-sample-07,Sample Student 07,CYBR-2000,answer,c5,c5-lane-website-ok,Gate Duty: website ok packets,ALLOW,ALLOW,1,6523,15,590
2026-10-06T09:18:31.152431,2026-10-06T09:18:31.152431,s-sample-07,Sample Student 07,CYBR-2000,answer,c5,c5-lane-website-ok,Gate Duty: website ok packets,ALLOW,ALLOW,1,6025,10,605
2026-10-06T09:18:40.917374,2026-10-06T09:18:40.917374,s-sample-07,Sample Student 07,CYBR-2000,answer,c5,c5-lane-website-ok,Gate Duty: website ok packets,ALLOW,ALLOW,1,9764,10,615
2026-10-06T09:18:52.911239,2026-10-06T09:18:52.911239,s-sample-07,Sample Student 07,CYBR-2000,answer,c5,c5-lane-bad-port,Gate Duty: bad port packets,BLOCK,BLOCK,1,11993,15,625
2026-10-06T09:18:59.260409,2026-10-06T09:18:59.260409,s-sample-07,Sample Student 07,CYBR-2000,answer,c5,c5-lane-bad-port,Gate Duty: bad port packets,BLOCK,BLOCK,1,6349,15,640
2026-10-06T09:19:09.646994,2026-10-06T09:19:09.646994,s-sample-07,Sample Student 07,CYBR-2000,answer,c5,c5-lane-bad-port,Gate Duty: bad port packets,BLOCK,BLOCK,1,10386,15,655
2026-10-06T09:19:27.347699,2026-10-06T09:19:27.347699,s-sample-07,Sample Student 07,CYBR-2000,answer,c5,c5-lane-bad-port,Gate Duty: bad port packets,BLOCK,BLOCK,1,17700,10,670
2026-10-06T09:19:42.374163,2026-10-06T09:19:42.374163,s-sample-07,Sample Student 07,CYBR-2000,answer,c5,c5-lane-bad-port,Gate Duty: bad port packets,BLOCK,BLOCK,1,15026,10,680
2026-10-06T09:19:58.068115,2026-10-06T09:19:58.068115,s-sample-07,Sample Student 07,CYBR-2000,answer,c5,c5-lane-blocklist,Gate Duty: blocklist packets,ALLOW,BLOCK,0,15693,0,690
2026-10-06T09:20:12.636027,2026-10-06T09:20:12.636027,s-sample-07,Sample Student 07,CYBR-2000,answer,c5,c5-lane-blocklist,Gate Duty: blocklist packets,BLOCK,BLOCK,1,14567,15,690
2026-10-06T09:20:20.297346,2026-10-06T09:20:20.297346,s-sample-07,Sample Student 07,CYBR-2000,answer,c5,c5-lane-blocklist,Gate Duty: blocklist packets,BLOCK,BLOCK,1,7661,10,705
2026-10-06T09:20:25.663254,2026-10-06T09:20:25.663254,s-sample-07,Sample Student 07,CYBR-2000,answer,c5,c5-lane-blocklist,Gate Duty: blocklist packets,ALLOW,BLOCK,0,5365,0,715
2026-10-06T09:20:42.210047,2026-10-06T09:20:42.210047,s-sample-07,Sample Student 07,CYBR-2000,answer,c5,c5-lane-blocklist,Gate Duty: blocklist packets,BLOCK,BLOCK,1,16546,10,715
2026-10-06T09:21:02.210047,2026-10-06T09:21:02.210047,s-sample-07,Sample Student 07,CYBR-2000,chapter_complete,c5,c5-done,c5,2 stars,,88,379757,210,750
2026-10-06T09:21:26.272796,2026-10-06T09:21:26.272796,s-sample-07,Sample Student 07,CYBR-2000,lesson,c6,c6-l1,lesson,,,,24062,5,750
2026-10-06T09:21:32.500888,2026-10-06T09:21:32.500888,s-sample-07,Sample Student 07,CYBR-2000,lesson,c6,c6-l2,lesson,,,,6228,5,750
2026-10-06T09:21:49.711935,2026-10-06T09:21:49.711935,s-sample-07,Sample Student 07,CYBR-2000,check,c6,c6-check,"Where should ""Block everything"" go?",At the bottom,At the bottom,1,17211,15,760
2026-10-06T09:21:59.805426,2026-10-06T09:21:59.805426,s-sample-07,Sample Student 07,CYBR-2000,answer,c6,c6-o1-try1,Let website visitors in. Keep everything else out.,all tests pass,all tests pass,1,10093,15,775
2026-10-06T09:22:11.804184,2026-10-06T09:22:11.804184,s-sample-07,Sample Student 07,CYBR-2000,answer,c6,c6-o2-try1,"Let website visitors in, except the known bad IP 203.0.113.66.",all tests pass,all tests pass,1,11998,10,790
2026-10-06T09:22:23.107322,2026-10-06T09:22:23.107322,s-sample-07,Sample Student 07,CYBR-2000,answer,c6,c6-o3-try1,Only the IT laptop (10.0.5.20) may use remote login on port 22. Websites stay open to all.,other answer,all tests pass,0,11303,0,800
2026-10-06T09:22:43.107322,2026-10-06T09:22:43.107322,s-sample-07,Sample Student 07,CYBR-2000,chapter_complete,c6,c6-done,c6,2 stars,,75,235300,75,825
2026-10-06T09:23:23.831594,2026-10-06T09:23:23.831594,s-sample-07,Sample Student 07,CYBR-2000,lesson,c7,c7-l1,lesson,,,,40724,5,825
2026-10-06T09:23:29.754991,2026-10-06T09:23:29.754991,s-sample-07,Sample Student 07,CYBR-2000,lesson,c7,c7-l2,lesson,,,,5923,5,825
2026-10-06T09:24:10.044584,2026-10-06T09:24:10.044584,s-sample-07,Sample Student 07,CYBR-2000,lesson,c7,c7-l3,lesson,,,,40289,5,825
2026-10-06T09:24:14.185093,2026-10-06T09:24:14.185093,s-sample-07,Sample Student 07,CYBR-2000,check,c7,c7-check,What does an IDS do when it finds an attack?,Raises an alert,Raises an alert,1,4140,20,840
2026-10-06T09:24:23.898815,2026-10-06T09:24:23.898815,s-sample-07,Sample Student 07,CYBR-2000,answer,c7,c7-w1,Message: Search: ' OR 1=1 --,Alert,Alert,1,9713,20,860
2026-10-06T09:24:35.157244,2026-10-06T09:24:35.157244,s-sample-07,Sample Student 07,CYBR-2000,answer,c7,c7-w2,Message: Show me the school calendar,Alert,Normal,0,11258,0,880
2026-10-06T09:24:43.101853,2026-10-06T09:24:43.101853,s-sample-07,Sample Student 07,CYBR-2000,answer,c7,c7-w3,Message: Comment: <script>steal()</script>,Alert,Alert,1,7944,20,880
2026-10-06T09:24:54.004093,2026-10-06T09:24:54.004093,s-sample-07,Sample Student 07,CYBR-2000,answer,c7,c7-w4,Message: Search: script for the school play,Alert,Normal,0,10902,0,900
2026-10-06T09:25:10.747117,2026-10-06T09:25:10.747117,s-sample-07,Sample Student 07,CYBR-2000,answer,c7,c7-w5,Activity: A school laptop sends 5 GB to an unknown server at 3:12 AM,Alert,Alert,1,16743,15,900
2026-10-06T09:25:24.063868,2026-10-06T09:25:24.063868,s-sample-07,Sample Student 07,CYBR-2000,answer,c7,c7-w6,Activity: A student downloads a 20 MB PDF for class at 10 AM,Normal,Normal,1,13316,10,915
2026-10-06T09:25:39.706588,2026-10-06T09:25:39.706588,s-sample-07,Sample Student 07,CYBR-2000,answer,c7,c7-w7,Message: Get file: ../../secret/grades.txt,Alert,Alert,1,15642,15,925
2026-10-06T09:25:53.538190,2026-10-06T09:25:53.538190,s-sample-07,Sample Student 07,CYBR-2000,answer,c7,c7-w8,Activity: The same account fails to log in 50 times in one minute,Alert,Alert,1,13831,20,940
2026-10-06T09:26:13.538190,2026-10-06T09:26:13.538190,s-sample-07,Sample Student 07,CYBR-2000,chapter_complete,c7,c7-done,c7,2 stars,,78,322774,160,985
2026-10-06T09:03:00,2026-10-06T09:03:00,s-sample-08,Sample Student 08,CYBR-2000,start,,,,avatar 0,,,,0,0
2026-10-06T09:03:06.874940,2026-10-06T09:03:06.874940,s-sample-08,Sample Student 08,CYBR-2000,lesson,c1,c1-l1,lesson,,,,6874,5,0
2026-10-06T09:03:34.899410,2026-10-06T09:03:34.899410,s-sample-08,Sample Student 08,CYBR-2000,lesson,c1,c1-l2,lesson,,,,28024,5,0
2026-10-06T09:04:17.104505,2026-10-06T09:04:17.104505,s-sample-08,Sample Student 08,CYBR-2000,lesson,c1,c1-l3,lesson,,,,42205,5,0
2026-10-06T09:04:34.461233,2026-10-06T09:04:34.461233,s-sample-08,Sample Student 08,CYBR-2000,check,c1,c1-check,Someone changes your grade from a C to an A without permission. Which part of CIA is broken?,Availability,Integrity,0,17356,0,15
2026-10-06T09:04:45.647630,2026-10-06T09:04:45.647630,s-sample-08,Sample Student 08,CYBR-2000,answer,c1,c1-s1,A stranger reads your private messages.,Confidentiality,Confidentiality,1,11186,20,15
2026-10-06T09:04:51.528833,2026-10-06T09:04:51.528833,s-sample-08,Sample Student 08,CYBR-2000,answer,c1,c1-s2,A hacker changes the price of shoes on a store website to $1.,Availability,Integrity,0,5881,0,35
2026-10-06T09:04:56.769040,2026-10-06T09:04:56.769040,s-sample-08,Sample Student 08,CYBR-2000,answer,c1,c1-s3,The school website crashes on the first day of class.,Availability,Availability,1,5240,20,35
2026-10-06T09:05:02.206496,2026-10-06T09:05:02.206496,s-sample-08,Sample Student 08,CYBR-2000,answer,c1,c1-s4,Your friend watches over your shoulder as you type your PIN.,Confidentiality,Confidentiality,1,5437,15,55
2026-10-06T09:05:19.581453,2026-10-06T09:05:19.581453,s-sample-08,Sample Student 08,CYBR-2000,answer,c1,c1-s5,A virus edits files so the numbers in them are wrong.,Integrity,Integrity,1,17374,10,70
2026-10-06T09:05:33.366995,2026-10-06T09:05:33.366995,s-sample-08,Sample Student 08,CYBR-2000,answer,c1,c1-s6,A storm knocks out power to the server room.,Availability,Availability,1,13785,10,80
2026-10-06T09:05:49.089641,2026-10-06T09:05:49.089641,s-sample-08,Sample Student 08,CYBR-2000,answer,c1,c1-s7,"Thousands of fake visitors flood a game server, so real players cannot log in.",Availability,Availability,1,15722,20,90
2026-10-06T09:06:00.410399,2026-10-06T09:06:00.410399,s-sample-08,Sample Student 08,CYBR-2000,answer,c1,c1-s8,Someone posts your password online.,Confidentiality,Confidentiality,1,11320,20,110
2026-10-06T09:06:20.410399,2026-10-06T09:06:20.410399,s-sample-08,Sample Student 08,CYBR-2000,chapter_complete,c1,c1-done,c1,2 stars,,78,286610,155,155
2026-10-06T09:06:42.354463,2026-10-06T09:06:42.354463,s-sample-08,Sample Student 08,CYBR-2000,lesson,c2,c2-l1,lesson,,,,21944,5,155
2026-10-06T09:07:21.085323,2026-10-06T09:07:21.085323,s-sample-08,Sample Student 08,CYBR-2000,lesson,c2,c2-l2,lesson,,,,38730,5,155
2026-10-06T09:08:03.196272,2026-10-06T09:08:03.196272,s-sample-08,Sample Student 08,CYBR-2000,lesson,c2,c2-l3,lesson,,,,42110,5,155
2026-10-06T09:08:19.251535,2026-10-06T09:08:19.251535,s-sample-08,Sample Student 08,CYBR-2000,check,c2,c2-check,Which one is MFA?,A password and a code sent to your phone,A password and a code sent to your phone,1,16055,10,170
2026-10-06T09:08:29.720301,2026-10-06T09:08:29.720301,s-sample-08,Sample Student 08,CYBR-2000,answer,c2,c2-p1,Which password is stronger?,blue-river-pizza-cloud,blue-river-pizza-cloud,1,10468,15,180
2026-10-06T09:08:45.284495,2026-10-06T09:08:45.284495,s-sample-08,Sample Student 08,CYBR-2000,answer,c2,c2-p2,Which password is stronger?,maple-guitar-orbit-sock,maple-guitar-orbit-sock,1,15564,20,195
2026-10-06T09:08:55.171272,2026-10-06T09:08:55.171272,s-sample-08,Sample Student 08,CYBR-2000,answer,c2,c2-p3,Which password is stronger?,other answer,correct-horse-lamp-yellow,0,9886,0,215
2026-10-06T09:09:06.529888,2026-10-06T09:09:06.529888,s-sample-08,Sample Student 08,CYBR-2000,answer,c2,c2-p4,Which habit is safer?,other answer,"A different password on every site, saved in a password manager",0,11358,0,215
2026-10-06T09:09:23.707975,2026-10-06T09:09:23.707975,s-sample-08,Sample Student 08,CYBR-2000,answer,c2,c2-p5,Which password is stronger?,Qz8#mL2!vR9p,Qz8#mL2!vR9p,1,17178,15,215
2026-10-06T09:09:31.073254,2026-10-06T09:09:31.073254,s-sample-08,Sample Student 08,CYBR-2000,answer,c2,c2-q1,You get a text with a login code you did not ask for. What should you do?,Ignore the code and change your password,Ignore the code and change your password,1,7365,15,230
2026-10-06T09:09:46.875621,2026-10-06T09:09:46.875621,s-sample-08,Sample Student 08,CYBR-2000,answer,c2,c2-q2,A friend asks for your game password so they can level up your character. What do you do?,other answer,"Say no, and keep your password private",0,15802,0,245
2026-10-06T09:10:06.875621,2026-10-06T09:10:06.875621,s-sample-08,Sample Student 08,CYBR-2000,chapter_complete,c2,c2-done,c2,1 stars,,62,315461,115,270
2026-10-06T09:10:36.890422,2026-10-06T09:10:36.890422,s-sample-08,Sample Student 08,CYBR-2000,lesson,c3,c3-l1,lesson,,,,30014,5,270
2026-10-06T09:11:16.620151,2026-10-06T09:11:16.620151,s-sample-08,Sample Student 08,CYBR-2000,lesson,c3,c3-l2,lesson,,,,39729,5,270
2026-10-06T09:11:52.349869,2026-10-06T09:11:52.349869,s-sample-08,Sample Student 08,CYBR-2000,lesson,c3,c3-l3,lesson,,,,35729,5,270
2026-10-06T09:11:58.974810,2026-10-06T09:11:58.974810,s-sample-08,Sample Student 08,CYBR-2000,check,c3,c3-check,Which is the biggest red flag?,The email asks you to type your password on a link,The email asks you to type your password on a link,1,6624,15,285
2026-10-06T09:12:10.041655,2026-10-06T09:12:10.041655,s-sample-08,Sample Student 08,CYBR-2000,answer,c3,c3-e1,Netflix: Account suspended! Update payment in 2 hours,Phish,Phish,1,11066,10,300
2026-10-06T09:12:19.931847,2026-10-06T09:12:19.931847,s-sample-08,Sample Student 08,CYBR-2000,answer,c3,c3-e2,Ms. Carter: Reminder: quiz moved to Friday,Safe,Safe,1,9890,15,310
2026-10-06T09:12:37.048933,2026-10-06T09:12:37.048933,s-sample-08,Sample Student 08,CYBR-2000,answer,c3,c3-e3,"Roblox Rewards: YOU WON 10,000 ROBUX!!!",Safe,Phish,0,17117,0,325
2026-10-06T09:12:52.378693,2026-10-06T09:12:52.378693,s-sample-08,Sample Student 08,CYBR-2000,answer,c3,c3-e4,"Principal Grant: Quick favor, keep it secret",Phish,Phish,1,15329,10,325
2026-10-06T09:13:05.360734,2026-10-06T09:13:05.360734,s-sample-08,Sample Student 08,CYBR-2000,answer,c3,c3-e5,USPS: Package on hold,Phish,Phish,1,12982,15,335
2026-10-06T09:13:18.089324,2026-10-06T09:13:18.089324,s-sample-08,Sample Student 08,CYBR-2000,answer,c3,c3-e6,Library: Your book is due Monday,Phish,Safe,0,12728,0,350
2026-10-06T09:13:38.089324,2026-10-06T09:13:38.089324,s-sample-08,Sample Student 08,CYBR-2000,chapter_complete,c3,c3-done,c3,2 stars,,71,330779,105,375
2026-10-06T09:13:44.314643,2026-10-06T09:13:44.314643,s-sample-08,Sample Student 08,CYBR-2000,lesson,c4,c4-l1,lesson,,,,6225,5,375
2026-10-06T09:14:20.529676,2026-10-06T09:14:20.529676,s-sample-08,Sample Student 08,CYBR-2000,lesson,c4,c4-l2,lesson,,,,36215,5,375
2026-10-06T09:14:23.981851,2026-10-06T09:14:23.981851,s-sample-08,Sample Student 08,CYBR-2000,lesson,c4,c4-l3,lesson,,,,3452,5,375
2026-10-06T09:14:41.367038,2026-10-06T09:14:41.367038,s-sample-08,Sample Student 08,CYBR-2000,check,c4,c4-check,A security camera is mainly a...,Detect control,Detect control,1,17385,20,390
2026-10-06T09:14:46.549675,2026-10-06T09:14:46.549675,s-sample-08,Sample Student 08,CYBR-2000,answer,c4,c4-s1,A lock on the server room door,Detect,Prevent,0,5182,0,410
2026-10-06T09:15:03.596639,2026-10-06T09:15:03.596639,s-sample-08,Sample Student 08,CYBR-2000,answer,c4,c4-s2,A firewall that blocks bad traffic,Prevent,Prevent,1,17046,15,410
2026-10-06T09:15:09.435809,2026-10-06T09:15:09.435809,s-sample-08,Sample Student 08,CYBR-2000,answer,c4,c4-s3,Multi-factor authentication (MFA),Prevent,Prevent,1,5839,15,425
2026-10-06T09:15:21.518638,2026-10-06T09:15:21.518638,s-sample-08,Sample Student 08,CYBR-2000,answer,c4,c4-s4,A security camera in the hallway,Fix,Detect,0,12082,0,440
2026-10-06T09:15:35.821670,2026-10-06T09:15:35.821670,s-sample-08,Sample Student 08,CYBR-2000,answer,c4,c4-s5,An alert when someone logs in at 3 AM from another country,Detect,Detect,1,14303,20,440
2026-10-06T09:15:51.578131,2026-10-06T09:15:51.578131,s-sample-08,Sample Student 08,CYBR-2000,answer,c4,c4-s6,An intrusion detection system (IDS),Detect,Detect,1,15756,20,460
2026-10-06T09:15:58.680756,2026-10-06T09:15:58.680756,s-sample-08,Sample Student 08,CYBR-2000,answer,c4,c4-s7,Restoring files from last night's backup,Prevent,Fix,0,7102,0,480
2026-10-06T09:16:10.360794,2026-10-06T09:16:10.360794,s-sample-08,Sample Student 08,CYBR-2000,answer,c4,c4-s8,Antivirus removing a virus it found,Fix,Fix,1,11680,15,480
2026-10-06T09:16:22.033210,2026-10-06T09:16:22.033210,s-sample-08,Sample Student 08,CYBR-2000,answer,c4,c4-s9,Rebuilding a laptop after ransomware,Fix,Fix,1,11672,20,495
2026-10-06T09:16:37.496685,2026-10-06T09:16:37.496685,s-sample-08,Sample Student 08,CYBR-2000,answer,c4,c4-k1,A tall fence around the data center,Physical,Physical,1,15463,10,515
2026-10-06T09:16:44.598813,2026-10-06T09:16:44.598813,s-sample-08,Sample Student 08,CYBR-2000,answer,c4,c4-k2,Encrypting files so only the owner can read them,Technical,Technical,1,7102,20,525
2026-10-06T09:17:02.173294,2026-10-06T09:17:02.173294,s-sample-08,Sample Student 08,CYBR-2000,answer,c4,c4-k3,"A school rule: ""Never share your password""",Administrative,Administrative,1,17574,15,545
2026-10-06T09:17:11.110435,2026-10-06T09:17:11.110435,s-sample-08,Sample Student 08,CYBR-2000,answer,c4,c4-k4,Training every student to spot phishing,Administrative,Administrative,1,8937,10,560
2026-10-06T09:17:31.110435,2026-10-06T09:17:31.110435,s-sample-08,Sample Student 08,CYBR-2000,chapter_complete,c4,c4-done,c4,2 stars,,79,257748,220,595
2026-10-06T09:17:35.412346,2026-10-06T09:17:35.412346,s-sample-08,Sample Student 08,CYBR-2000,lesson,c5,c5-l1,lesson,,,,4301,5,595
2026-10-06T09:17:39.594363,2026-10-06T09:17:39.594363,s-sample-08,Sample Student 08,CYBR-2000,lesson,c5,c5-l2,lesson,,,,4182,5,595
2026-10-06T09:18:16.037320,2026-10-06T09:18:16.037320,s-sample-08,Sample Student 08,CYBR-2000,lesson,c5,c5-l3,lesson,,,,36442,5,595
2026-10-06T09:18:26.195880,2026-10-06T09:18:26.195880,s-sample-08,Sample Student 08,CYBR-2000,check,c5,c5-check,"The firewall rule is ""Allow port 443 only."" A packet wants port 3389. What happens?",Blocked,Blocked,1,10158,20,610
2026-10-06T09:18:37.488889,2026-10-06T09:18:37.488889,s-sample-08,Sample Student 08,CYBR-2000,answer,c5,c5-lane-website-ok,Gate Duty: website ok packets,BLOCK,ALLOW,0,11293,0,630
2026-10-06T09:18:50.976119,2026-10-06T09:18:50.976119,s-sample-08,Sample Student 08,CYBR-2000,answer,c5,c5-lane-website-ok,Gate Duty: website ok packets,BLOCK,ALLOW,0,13487,0,630
2026-10-06T09:19:00.810644,2026-10-06T09:19:00.810644,s-sample-08,Sample Student 08,CYBR-2000,answer,c5,c5-lane-website-ok,Gate Duty: website ok packets,BLOCK,ALLOW,0,9834,0,630
2026-10-06T09:19:06.775225,2026-10-06T09:19:06.775225,s-sample-08,Sample Student 08,CYBR-2000,answer,c5,c5-lane-website-ok,Gate Duty: website ok packets,ALLOW,ALLOW,1,5964,10,630
2026-10-06T09:19:22.675121,2026-10-06T09:19:22.675121,s-sample-08,Sample Student 08,CYBR-2000,answer,c5,c5-lane-website-ok,Gate Duty: website ok packets,ALLOW,ALLOW,1,15899,20,640
2026-10-06T09:19:38.662802,2026-10-06T09:19:38.662802,s-sample-08,Sample Student 08,CYBR-2000,answer,c5,c5-lane-bad-port,Gate Duty: bad port packets,BLOCK,BLOCK,1,15987,15,660
2026-10-06T09:19:51.492150,2026-10-06T09:19:51.492150,s-sample-08,Sample Student 08,CYBR-2000,answer,c5,c5-lane-bad-port,Gate Duty: bad port packets,BLOCK,BLOCK,1,12829,20,675
2026-10-06T09:19:57.273967,2026-10-06T09:19:57.273967,s-sample-08,Sample Student 08,CYBR-2000,answer,c5,c5-lane-bad-port,Gate Duty: bad port packets,ALLOW,BLOCK,0,5781,0,695
2026-10-06T09:20:01.334500,2026-10-06T09:20:01.334500,s-sample-08,Sample Student 08,CYBR-2000,answer,c5,c5-lane-bad-port,Gate Duty: bad port packets,ALLOW,BLOCK,0,4060,0,695
2026-10-06T09:20:13.536184,2026-10-06T09:20:13.536184,s-sample-08,Sample Student 08,CYBR-2000,answer,c5,c5-lane-bad-port,Gate Duty: bad port packets,ALLOW,BLOCK,0,12201,0,695
2026-10-06T09:20:31.014578,2026-10-06T09:20:31.014578,s-sample-08,Sample Student 08,CYBR-2000,answer,c5,c5-lane-blocklist,Gate Duty: blocklist packets,ALLOW,BLOCK,0,17478,0,695
2026-10-06T09:20:40.865320,2026-10-06T09:20:40.865320,s-sample-08,Sample Student 08,CYBR-2000,answer,c5,c5-lane-blocklist,Gate Duty: blocklist packets,ALLOW,BLOCK,0,9850,0,695
2026-10-06T09:20:57.083978,2026-10-06T09:20:57.083978,s-sample-08,Sample Student 08,CYBR-2000,answer,c5,c5-lane-blocklist,Gate Duty: blocklist packets,ALLOW,BLOCK,0,16218,0,695
2026-10-06T09:21:06.397851,2026-10-06T09:21:06.397851,s-sample-08,Sample Student 08,CYBR-2000,answer,c5,c5-lane-blocklist,Gate Duty: blocklist packets,ALLOW,BLOCK,0,9313,0,695
2026-10-06T09:21:16.808485,2026-10-06T09:21:16.808485,s-sample-08,Sample Student 08,CYBR-2000,answer,c5,c5-lane-blocklist,Gate Duty: blocklist packets,ALLOW,BLOCK,0,10410,0,695
2026-10-06T09:21:36.808485,2026-10-06T09:21:36.808485,s-sample-08,Sample Student 08,CYBR-2000,chapter_complete,c5,c5-done,c5,1 stars,,31,353534,125,720
2026-10-06T09:22:11.217232,2026-10-06T09:22:11.217232,s-sample-08,Sample Student 08,CYBR-2000,lesson,c6,c6-l1,lesson,,,,34408,5,720
2026-10-06T09:22:29.501236,2026-10-06T09:22:29.501236,s-sample-08,Sample Student 08,CYBR-2000,lesson,c6,c6-l2,lesson,,,,18284,5,720
2026-10-06T09:22:37.701554,2026-10-06T09:22:37.701554,s-sample-08,Sample Student 08,CYBR-2000,check,c6,c6-check,"Where should ""Block everything"" go?",At the bottom,At the bottom,1,8200,20,730
2026-10-06T09:22:43.731423,2026-10-06T09:22:43.731423,s-sample-08,Sample Student 08,CYBR-2000,answer,c6,c6-o1-try1,Let website visitors in. Keep everything else out.,all tests pass,all tests pass,1,6029,20,750
2026-10-06T09:22:50.978545,2026-10-06T09:22:50.978545,s-sample-08,Sample Student 08,CYBR-2000,answer,c6,c6-o2-try1,"Let website visitors in, except the known bad IP 203.0.113.66.",all tests pass,all tests pass,1,7247,15,770
2026-10-06T09:23:06.786004,2026-10-06T09:23:06.786004,s-sample-08,Sample Student 08,CYBR-2000,answer,c6,c6-o3-try1,Only the IT laptop (10.0.5.20) may use remote login on port 22. Websites stay open to all.,other answer,all tests pass,0,15807,0,785
2026-10-06T09:23:26.786004,2026-10-06T09:23:26.786004,s-sample-08,Sample Student 08,CYBR-2000,chapter_complete,c6,c6-done,c6,2 stars,,75,381156,90,810
2026-10-06T09:23:33.621057,2026-10-06T09:23:33.621057,s-sample-08,Sample Student 08,CYBR-2000,lesson,c7,c7-l1,lesson,,,,6835,5,810
2026-10-06T09:24:02.396101,2026-10-06T09:24:02.396101,s-sample-08,Sample Student 08,CYBR-2000,lesson,c7,c7-l2,lesson,,,,28775,5,810
2026-10-06T09:24:52.882328,2026-10-06T09:24:52.882328,s-sample-08,Sample Student 08,CYBR-2000,lesson,c7,c7-l3,lesson,,,,50486,5,810
2026-10-06T09:25:04.124047,2026-10-06T09:25:04.124047,s-sample-08,Sample Student 08,CYBR-2000,check,c7,c7-check,What does an IDS do when it finds an attack?,Raises an alert,Raises an alert,1,11241,20,825
2026-10-06T09:25:14.623525,2026-10-06T09:25:14.623525,s-sample-08,Sample Student 08,CYBR-2000,answer,c7,c7-w1,Message: Search: ' OR 1=1 --,Alert,Alert,1,10499,10,845
2026-10-06T09:25:23.539020,2026-10-06T09:25:23.539020,s-sample-08,Sample Student 08,CYBR-2000,answer,c7,c7-w2,Message: Show me the school calendar,Normal,Normal,1,8915,10,855
2026-10-06T09:25:34.892496,2026-10-06T09:25:34.892496,s-sample-08,Sample Student 08,CYBR-2000,answer,c7,c7-w3,Message: Comment: <script>steal()</script>,Alert,Alert,1,11353,10,865
2026-10-06T09:25:45.905219,2026-10-06T09:25:45.905219,s-sample-08,Sample Student 08,CYBR-2000,answer,c7,c7-w4,Message: Search: script for the school play,Alert,Normal,0,11012,0,875
2026-10-06T09:26:02.902992,2026-10-06T09:26:02.902992,s-sample-08,Sample Student 08,CYBR-2000,answer,c7,c7-w5,Activity: A school laptop sends 5 GB to an unknown server at 3:12 AM,Alert,Alert,1,16997,10,875
2026-10-06T09:26:20.405586,2026-10-06T09:26:20.405586,s-sample-08,Sample Student 08,CYBR-2000,answer,c7,c7-w6,Activity: A student downloads a 20 MB PDF for class at 10 AM,Alert,Normal,0,17502,0,885
2026-10-06T09:26:30.567873,2026-10-06T09:26:30.567873,s-sample-08,Sample Student 08,CYBR-2000,answer,c7,c7-w7,Message: Get file: ../../secret/grades.txt,Alert,Alert,1,10162,20,885
2026-10-06T09:26:42.791511,2026-10-06T09:26:42.791511,s-sample-08,Sample Student 08,CYBR-2000,answer,c7,c7-w8,Activity: The same account fails to log in 50 times in one minute,Normal,Alert,0,12223,0,905
2026-10-06T09:27:02.791511,2026-10-06T09:27:02.791511,s-sample-08,Sample Student 08,CYBR-2000,chapter_complete,c7,c7-done,c7,1 stars,,67,345978,120,930
2026-10-06T09:01:00,2026-10-06T09:01:00,s-sample-09,Sample Student 09,CYBR-2000,start,,,,avatar 0,,,,0,0
2026-10-06T09:01:33.399624,2026-10-06T09:01:33.399624,s-sample-09,Sample Student 09,CYBR-2000,lesson,c1,c1-l1,lesson,,,,33399,5,0
2026-10-06T09:02:15.762401,2026-10-06T09:02:15.762401,s-sample-09,Sample Student 09,CYBR-2000,lesson,c1,c1-l2,lesson,,,,42362,5,0
2026-10-06T09:03:13.048847,2026-10-06T09:03:13.048847,s-sample-09,Sample Student 09,CYBR-2000,lesson,c1,c1-l3,lesson,,,,57286,5,0
2026-10-06T09:03:24.385646,2026-10-06T09:03:24.385646,s-sample-09,Sample Student 09,CYBR-2000,check,c1,c1-check,Someone changes your grade from a C to an A without permission. Which part of CIA is broken?,Integrity,Integrity,1,11336,20,15
2026-10-06T09:03:40.889623,2026-10-06T09:03:40.889623,s-sample-09,Sample Student 09,CYBR-2000,answer,c1,c1-s1,A stranger reads your private messages.,Confidentiality,Confidentiality,1,16503,15,35
2026-10-06T09:03:53.710998,2026-10-06T09:03:53.710998,s-sample-09,Sample Student 09,CYBR-2000,answer,c1,c1-s2,A hacker changes the price of shoes on a store website to $1.,Integrity,Integrity,1,12821,20,50
2026-10-06T09:04:05.689136,2026-10-06T09:04:05.689136,s-sample-09,Sample Student 09,CYBR-2000,answer,c1,c1-s3,The school website crashes on the first day of class.,Availability,Availability,1,11978,20,70
2026-10-06T09:04:10.281527,2026-10-06T09:04:10.281527,s-sample-09,Sample Student 09,CYBR-2000,answer,c1,c1-s4,Your friend watches over your shoulder as you type your PIN.,Confidentiality,Confidentiality,1,4592,15,90
2026-10-06T09:04:14.320433,2026-10-06T09:04:14.320433,s-sample-09,Sample Student 09,CYBR-2000,answer,c1,c1-s5,A virus edits files so the numbers in them are wrong.,Integrity,Integrity,1,4038,20,105
2026-10-06T09:04:18.375216,2026-10-06T09:04:18.375216,s-sample-09,Sample Student 09,CYBR-2000,answer,c1,c1-s6,A storm knocks out power to the server room.,Availability,Availability,1,4054,15,125
2026-10-06T09:04:23.754177,2026-10-06T09:04:23.754177,s-sample-09,Sample Student 09,CYBR-2000,answer,c1,c1-s7,"Thousands of fake visitors flood a game server, so real players cannot log in.",Availability,Availability,1,5378,10,140
2026-10-06T09:04:30.507283,2026-10-06T09:04:30.507283,s-sample-09,Sample Student 09,CYBR-2000,answer,c1,c1-s8,Someone posts your password online.,Confidentiality,Confidentiality,1,6753,15,150
2026-10-06T09:04:50.507283,2026-10-06T09:04:50.507283,s-sample-09,Sample Student 09,CYBR-2000,chapter_complete,c1,c1-done,c1,3 stars,,100,364551,215,215
2026-10-06T09:05:32.896401,2026-10-06T09:05:32.896401,s-sample-09,Sample Student 09,CYBR-2000,lesson,c2,c2-l1,lesson,,,,42389,5,215
2026-10-06T09:05:39.884840,2026-10-06T09:05:39.884840,s-sample-09,Sample Student 09,CYBR-2000,lesson,c2,c2-l2,lesson,,,,6988,5,215
2026-10-06T09:05:43.466256,2026-10-06T09:05:43.466256,s-sample-09,Sample Student 09,CYBR-2000,lesson,c2,c2-l3,lesson,,,,3581,5,215
2026-10-06T09:05:49.853757,2026-10-06T09:05:49.853757,s-sample-09,Sample Student 09,CYBR-2000,check,c2,c2-check,Which one is MFA?,A password and a code sent to your phone,A password and a code sent to your phone,1,6387,20,230
2026-10-06T09:06:00.399003,2026-10-06T09:06:00.399003,s-sample-09,Sample Student 09,CYBR-2000,answer,c2,c2-p1,Which password is stronger?,blue-river-pizza-cloud,blue-river-pizza-cloud,1,10545,15,250
2026-10-06T09:06:05.268616,2026-10-06T09:06:05.268616,s-sample-09,Sample Student 09,CYBR-2000,answer,c2,c2-p2,Which password is stronger?,maple-guitar-orbit-sock,maple-guitar-orbit-sock,1,4869,10,265
2026-10-06T09:06:17.372417,2026-10-06T09:06:17.372417,s-sample-09,Sample Student 09,CYBR-2000,answer,c2,c2-p3,Which password is stronger?,other answer,correct-horse-lamp-yellow,0,12103,0,275
2026-10-06T09:06:24.708098,2026-10-06T09:06:24.708098,s-sample-09,Sample Student 09,CYBR-2000,answer,c2,c2-p4,Which habit is safer?,"A different password on every site, saved in a password manager","A different password on every site, saved in a password manager",1,7335,15,275
2026-10-06T09:06:32.440639,2026-10-06T09:06:32.440639,s-sample-09,Sample Student 09,CYBR-2000,answer,c2,c2-p5,Which password is stronger?,Qz8#mL2!vR9p,Qz8#mL2!vR9p,1,7732,10,290
2026-10-06T09:06:49.708444,2026-10-06T09:06:49.708444,s-sample-09,Sample Student 09,CYBR-2000,answer,c2,c2-q1,You get a text with a login code you did not ask for. What should you do?,Ignore the code and change your password,Ignore the code and change your password,1,17267,10,300
2026-10-06T09:07:00.006182,2026-10-06T09:07:00.006182,s-sample-09,Sample Student 09,CYBR-2000,answer,c2,c2-q2,A friend asks for your game password so they can level up your character. What do you do?,"Say no, and keep your password private","Say no, and keep your password private",1,10297,15,310
2026-10-06T09:07:20.006182,2026-10-06T09:07:20.006182,s-sample-09,Sample Student 09,CYBR-2000,chapter_complete,c2,c2-done,c2,2 stars,,88,184691,135,350
2026-10-06T09:07:23.886374,2026-10-06T09:07:23.886374,s-sample-09,Sample Student 09,CYBR-2000,lesson,c3,c3-l1,lesson,,,,3880,5,350
2026-10-06T09:07:28.644938,2026-10-06T09:07:28.644938,s-sample-09,Sample Student 09,CYBR-2000,lesson,c3,c3-l2,lesson,,,,4758,5,350
2026-10-06T09:07:32.282546,2026-10-06T09:07:32.282546,s-sample-09,Sample Student 09,CYBR-2000,lesson,c3,c3-l3,lesson,,,,3637,5,350
2026-10-06T09:07:47.705129,2026-10-06T09:07:47.705129,s-sample-09,Sample Student 09,CYBR-2000,check,c3,c3-check,Which is the biggest red flag?,The email asks you to type your password on a link,The email asks you to type your password on a link,1,15422,15,365
2026-10-06T09:07:55.232677,2026-10-06T09:07:55.232677,s-sample-09,Sample Student 09,CYBR-2000,answer,c3,c3-e1,Netflix: Account suspended! Update payment in 2 hours,Phish,Phish,1,7527,15,380
2026-10-06T09:08:00.178040,2026-10-06T09:08:00.178040,s-sample-09,Sample Student 09,CYBR-2000,answer,c3,c3-e2,Ms. Carter: Reminder: quiz moved to Friday,Safe,Safe,1,4945,20,395
2026-10-06T09:08:14.236561,2026-10-06T09:08:14.236561,s-sample-09,Sample Student 09,CYBR-2000,answer,c3,c3-e3,"Roblox Rewards: YOU WON 10,000 ROBUX!!!",Phish,Phish,1,14058,10,415
2026-10-06T09:08:23.816932,2026-10-06T09:08:23.816932,s-sample-09,Sample Student 09,CYBR-2000,answer,c3,c3-e4,"Principal Grant: Quick favor, keep it secret",Phish,Phish,1,9580,20,425
2026-10-06T09:08:38.915522,2026-10-06T09:08:38.915522,s-sample-09,Sample Student 09,CYBR-2000,answer,c3,c3-e5,USPS: Package on hold,Phish,Phish,1,15098,10,445
2026-10-06T09:08:45.294462,2026-10-06T09:08:45.294462,s-sample-09,Sample Student 09,CYBR-2000,answer,c3,c3-e6,Library: Your book is due Monday,Safe,Safe,1,6378,15,455
2026-10-06T09:09:05.294462,2026-10-06T09:09:05.294462,s-sample-09,Sample Student 09,CYBR-2000,chapter_complete,c3,c3-done,c3,3 stars,,100,224772,170,520
2026-10-06T09:09:12.180652,2026-10-06T09:09:12.180652,s-sample-09,Sample Student 09,CYBR-2000,lesson,c4,c4-l1,lesson,,,,6886,5,520
2026-10-06T09:09:40.577661,2026-10-06T09:09:40.577661,s-sample-09,Sample Student 09,CYBR-2000,lesson,c4,c4-l2,lesson,,,,28397,5,520
2026-10-06T09:10:03.755806,2026-10-06T09:10:03.755806,s-sample-09,Sample Student 09,CYBR-2000,lesson,c4,c4-l3,lesson,,,,23178,5,520
2026-10-06T09:10:13.178896,2026-10-06T09:10:13.178896,s-sample-09,Sample Student 09,CYBR-2000,check,c4,c4-check,A security camera is mainly a...,Detect control,Detect control,1,9423,15,535
2026-10-06T09:10:20.499342,2026-10-06T09:10:20.499342,s-sample-09,Sample Student 09,CYBR-2000,answer,c4,c4-s1,A lock on the server room door,Prevent,Prevent,1,7320,10,550
2026-10-06T09:10:24.853321,2026-10-06T09:10:24.853321,s-sample-09,Sample Student 09,CYBR-2000,answer,c4,c4-s2,A firewall that blocks bad traffic,Prevent,Prevent,1,4353,10,560
2026-10-06T09:10:30.671432,2026-10-06T09:10:30.671432,s-sample-09,Sample Student 09,CYBR-2000,answer,c4,c4-s3,Multi-factor authentication (MFA),Prevent,Prevent,1,5818,10,570
2026-10-06T09:10:46.361543,2026-10-06T09:10:46.361543,s-sample-09,Sample Student 09,CYBR-2000,answer,c4,c4-s4,A security camera in the hallway,Detect,Detect,1,15690,10,580
2026-10-06T09:10:56.900283,2026-10-06T09:10:56.900283,s-sample-09,Sample Student 09,CYBR-2000,answer,c4,c4-s5,An alert when someone logs in at 3 AM from another country,Fix,Detect,0,10538,0,590
2026-10-06T09:11:04.262865,2026-10-06T09:11:04.262865,s-sample-09,Sample Student 09,CYBR-2000,answer,c4,c4-s6,An intrusion detection system (IDS),Detect,Detect,1,7362,15,590
2026-10-06T09:11:18.377393,2026-10-06T09:11:18.377393,s-sample-09,Sample Student 09,CYBR-2000,answer,c4,c4-s7,Restoring files from last night's backup,Fix,Fix,1,14114,15,605
2026-10-06T09:11:30.507790,2026-10-06T09:11:30.507790,s-sample-09,Sample Student 09,CYBR-2000,answer,c4,c4-s8,Antivirus removing a virus it found,Fix,Fix,1,12130,15,620
2026-10-06T09:11:41.575406,2026-10-06T09:11:41.575406,s-sample-09,Sample Student 09,CYBR-2000,answer,c4,c4-s9,Rebuilding a laptop after ransomware,Fix,Fix,1,11067,10,635
2026-10-06T09:11:55.029641,2026-10-06T09:11:55.029641,s-sample-09,Sample Student 09,CYBR-2000,answer,c4,c4-k1,A tall fence around the data center,Physical,Physical,1,13454,20,645
2026-10-06T09:12:07.372985,2026-10-06T09:12:07.372985,s-sample-09,Sample Student 09,CYBR-2000,answer,c4,c4-k2,Encrypting files so only the owner can read them,other answer,Technical,0,12343,0,665
2026-10-06T09:12:25.232605,2026-10-06T09:12:25.232605,s-sample-09,Sample Student 09,CYBR-2000,answer,c4,c4-k3,"A school rule: ""Never share your password""",Administrative,Administrative,1,17859,20,665
2026-10-06T09:12:37.747456,2026-10-06T09:12:37.747456,s-sample-09,Sample Student 09,CYBR-2000,answer,c4,c4-k4,Training every student to spot phishing,Administrative,Administrative,1,12514,10,685
2026-10-06T09:12:57.747456,2026-10-06T09:12:57.747456,s-sample-09,Sample Student 09,CYBR-2000,chapter_complete,c4,c4-done,c4,2 stars,,86,210124,200,720
2026-10-06T09:13:44.217359,2026-10-06T09:13:44.217359,s-sample-09,Sample Student 09,CYBR-2000,lesson,c5,c5-l1,lesson,,,,46469,5,720
2026-10-06T09:14:04.935279,2026-10-06T09:14:04.935279,s-sample-09,Sample Student 09,CYBR-2000,lesson,c5,c5-l2,lesson,,,,20717,5,720
2026-10-06T09:14:10.206003,2026-10-06T09:14:10.206003,s-sample-09,Sample Student 09,CYBR-2000,lesson,c5,c5-l3,lesson,,,,5270,5,720
2026-10-06T09:14:25.071933,2026-10-06T09:14:25.071933,s-sample-09,Sample Student 09,CYBR-2000,check,c5,c5-check,"The firewall rule is ""Allow port 443 only."" A packet wants port 3389. What happens?",Blocked,Blocked,1,14865,10,735
2026-10-06T09:14:38.350416,2026-10-06T09:14:38.350416,s-sample-09,Sample Student 09,CYBR-2000,answer,c5,c5-lane-website-ok,Gate Duty: website ok packets,ALLOW,ALLOW,1,13278,10,745
2026-10-06T09:14:55.144319,2026-10-06T09:14:55.144319,s-sample-09,Sample Student 09,CYBR-2000,answer,c5,c5-lane-website-ok,Gate Duty: website ok packets,ALLOW,ALLOW,1,16793,20,755
2026-10-06T09:15:01.843860,2026-10-06T09:15:01.843860,s-sample-09,Sample Student 09,CYBR-2000,answer,c5,c5-lane-website-ok,Gate Duty: website ok packets,ALLOW,ALLOW,1,6699,20,775
2026-10-06T09:15:09.013808,2026-10-06T09:15:09.013808,s-sample-09,Sample Student 09,CYBR-2000,answer,c5,c5-lane-website-ok,Gate Duty: website ok packets,ALLOW,ALLOW,1,7169,10,795
2026-10-06T09:15:18.599427,2026-10-06T09:15:18.599427,s-sample-09,Sample Student 09,CYBR-2000,answer,c5,c5-lane-website-ok,Gate Duty: website ok packets,ALLOW,ALLOW,1,9585,15,805
2026-10-06T09:15:35.324349,2026-10-06T09:15:35.324349,s-sample-09,Sample Student 09,CYBR-2000,answer,c5,c5-lane-bad-port,Gate Duty: bad port packets,BLOCK,BLOCK,1,16724,20,820
2026-10-06T09:15:51.382275,2026-10-06T09:15:51.382275,s-sample-09,Sample Student 09,CYBR-2000,answer,c5,c5-lane-bad-port,Gate Duty: bad port packets,BLOCK,BLOCK,1,16057,10,840
2026-10-06T09:15:57.851783,2026-10-06T09:15:57.851783,s-sample-09,Sample Student 09,CYBR-2000,answer,c5,c5-lane-bad-port,Gate Duty: bad port packets,BLOCK,BLOCK,1,6469,15,850
2026-10-06T09:16:11.142330,2026-10-06T09:16:11.142330,s-sample-09,Sample Student 09,CYBR-2000,answer,c5,c5-lane-bad-port,Gate Duty: bad port packets,BLOCK,BLOCK,1,13290,15,865
2026-10-06T09:16:15.496020,2026-10-06T09:16:15.496020,s-sample-09,Sample Student 09,CYBR-2000,answer,c5,c5-lane-bad-port,Gate Duty: bad port packets,BLOCK,BLOCK,1,4353,20,880
2026-10-06T09:16:22.973914,2026-10-06T09:16:22.973914,s-sample-09,Sample Student 09,CYBR-2000,answer,c5,c5-lane-blocklist,Gate Duty: blocklist packets,ALLOW,BLOCK,0,7477,0,900
2026-10-06T09:16:31.903503,2026-10-06T09:16:31.903503,s-sample-09,Sample Student 09,CYBR-2000,answer,c5,c5-lane-blocklist,Gate Duty: blocklist packets,ALLOW,BLOCK,0,8929,0,900
2026-10-06T09:16:38.446700,2026-10-06T09:16:38.446700,s-sample-09,Sample Student 09,CYBR-2000,answer,c5,c5-lane-blocklist,Gate Duty: blocklist packets,ALLOW,BLOCK,0,6543,0,900
2026-10-06T09:16:55.224305,2026-10-06T09:16:55.224305,s-sample-09,Sample Student 09,CYBR-2000,answer,c5,c5-lane-blocklist,Gate Duty: blocklist packets,BLOCK,BLOCK,1,16777,20,900
2026-10-06T09:17:08.708165,2026-10-06T09:17:08.708165,s-sample-09,Sample Student 09,CYBR-2000,answer,c5,c5-lane-blocklist,Gate Duty: blocklist packets,BLOCK,BLOCK,1,13483,15,920
2026-10-06T09:17:28.708165,2026-10-06T09:17:28.708165,s-sample-09,Sample Student 09,CYBR-2000,chapter_complete,c5,c5-done,c5,2 stars,,81,189599,240,960
2026-10-06T09:17:55.027848,2026-10-06T09:17:55.027848,s-sample-09,Sample Student 09,CYBR-2000,lesson,c6,c6-l1,lesson,,,,26319,5,960
2026-10-06T09:18:00.981142,2026-10-06T09:18:00.981142,s-sample-09,Sample Student 09,CYBR-2000,lesson,c6,c6-l2,lesson,,,,5953,5,960
2026-10-06T09:18:08.168311,2026-10-06T09:18:08.168311,s-sample-09,Sample Student 09,CYBR-2000,check,c6,c6-check,"Where should ""Block everything"" go?",At the bottom,At the bottom,1,7187,15,970
2026-10-06T09:18:15.734238,2026-10-06T09:18:15.734238,s-sample-09,Sample Student 09,CYBR-2000,answer,c6,c6-o1-try1,Let website visitors in. Keep everything else out.,all tests pass,all tests pass,1,7565,15,985
2026-10-06T09:18:27.788092,2026-10-06T09:18:27.788092,s-sample-09,Sample Student 09,CYBR-2000,answer,c6,c6-o2-try1,"Let website visitors in, except the known bad IP 203.0.113.66.",all tests pass,all tests pass,1,12053,10,1000
2026-10-06T09:18:42.479943,2026-10-06T09:18:42.479943,s-sample-09,Sample Student 09,CYBR-2000,answer,c6,c6-o3-try1,Only the IT laptop (10.0.5.20) may use remote login on port 22. Websites stay open to all.,all tests pass,all tests pass,1,14691,20,1010
2026-10-06T09:19:02.479943,2026-10-06T09:19:02.479943,s-sample-09,Sample Student 09,CYBR-2000,chapter_complete,c6,c6-done,c6,3 stars,,100,248720,120,1080
2026-10-06T09:19:05.651782,2026-10-06T09:19:05.651782,s-sample-09,Sample Student 09,CYBR-2000,lesson,c7,c7-l1,lesson,,,,3171,5,1080
2026-10-06T09:19:52.256682,2026-10-06T09:19:52.256682,s-sample-09,Sample Student 09,CYBR-2000,lesson,c7,c7-l2,lesson,,,,46604,5,1080
2026-10-06T09:19:56.097239,2026-10-06T09:19:56.097239,s-sample-09,Sample Student 09,CYBR-2000,lesson,c7,c7-l3,lesson,,,,3840,5,1080
2026-10-06T09:20:10.512301,2026-10-06T09:20:10.512301,s-sample-09,Sample Student 09,CYBR-2000,check,c7,c7-check,What does an IDS do when it finds an attack?,Raises an alert,Raises an alert,1,14415,20,1095
2026-10-06T09:20:17.603510,2026-10-06T09:20:17.603510,s-sample-09,Sample Student 09,CYBR-2000,answer,c7,c7-w1,Message: Search: ' OR 1=1 --,Alert,Alert,1,7091,20,1115
2026-10-06T09:20:34.852571,2026-10-06T09:20:34.852571,s-sample-09,Sample Student 09,CYBR-2000,answer,c7,c7-w2,Message: Show me the school calendar,Normal,Normal,1,17249,15,1135
2026-10-06T09:20:43.616764,2026-10-06T09:20:43.616764,s-sample-09,Sample Student 09,CYBR-2000,answer,c7,c7-w3,Message: Comment: <script>steal()</script>,Alert,Alert,1,8764,20,1150
2026-10-06T09:20:59.236615,2026-10-06T09:20:59.236615,s-sample-09,Sample Student 09,CYBR-2000,answer,c7,c7-w4,Message: Search: script for the school play,Alert,Normal,0,15619,0,1170
2026-10-06T09:21:09.575541,2026-10-06T09:21:09.575541,s-sample-09,Sample Student 09,CYBR-2000,answer,c7,c7-w5,Activity: A school laptop sends 5 GB to an unknown server at 3:12 AM,Alert,Alert,1,10338,10,1170
2026-10-06T09:21:16.459107,2026-10-06T09:21:16.459107,s-sample-09,Sample Student 09,CYBR-2000,answer,c7,c7-w6,Activity: A student downloads a 20 MB PDF for class at 10 AM,Normal,Normal,1,6883,20,1180
2026-10-06T09:21:33.452925,2026-10-06T09:21:33.452925,s-sample-09,Sample Student 09,CYBR-2000,answer,c7,c7-w7,Message: Get file: ../../secret/grades.txt,Alert,Alert,1,16993,10,1200
2026-10-06T09:21:40.103070,2026-10-06T09:21:40.103070,s-sample-09,Sample Student 09,CYBR-2000,answer,c7,c7-w8,Activity: The same account fails to log in 50 times in one minute,Alert,Alert,1,6650,20,1210
2026-10-06T09:22:00.103070,2026-10-06T09:22:00.103070,s-sample-09,Sample Student 09,CYBR-2000,chapter_complete,c7,c7-done,c7,2 stars,,89,378042,175,1255
2026-10-06T09:22:24.195475,2026-10-06T09:22:24.195475,s-sample-09,Sample Student 09,CYBR-2000,lesson,c8,c8-l1,lesson,,,,24092,5,1255
2026-10-06T09:22:28.139488,2026-10-06T09:22:28.139488,s-sample-09,Sample Student 09,CYBR-2000,lesson,c8,c8-l2,lesson,,,,3944,5,1255
2026-10-06T09:23:03.428284,2026-10-06T09:23:03.428284,s-sample-09,Sample Student 09,CYBR-2000,lesson,c8,c8-l3,lesson,,,,35288,5,1255
2026-10-06T09:23:17.035532,2026-10-06T09:23:17.035532,s-sample-09,Sample Student 09,CYBR-2000,check,c8,c8-check,The IPS blocks a student's real homework upload by mistake. This is a...,False positive,False positive,1,13607,15,1270
2026-10-06T09:23:24.365749,2026-10-06T09:23:24.365749,s-sample-09,Sample Student 09,CYBR-2000,answer,c8,c8-lane-clean,Night Shift: clean packets,ALLOW,ALLOW,1,7330,10,1285
2026-10-06T09:23:38.047100,2026-10-06T09:23:38.047100,s-sample-09,Sample Student 09,CYBR-2000,answer,c8,c8-lane-clean,Night Shift: clean packets,ALLOW,ALLOW,1,13681,10,1295
2026-10-06T09:23:46.967555,2026-10-06T09:23:46.967555,s-sample-09,Sample Student 09,CYBR-2000,answer,c8,c8-lane-clean,Night Shift: clean packets,ALLOW,ALLOW,1,8920,15,1305
2026-10-06T09:24:00.875570,2026-10-06T09:24:00.875570,s-sample-09,Sample Student 09,CYBR-2000,answer,c8,c8-lane-clean,Night Shift: clean packets,ALLOW,ALLOW,1,13908,20,1320
2026-10-06T09:24:09.545574,2026-10-06T09:24:09.545574,s-sample-09,Sample Student 09,CYBR-2000,answer,c8,c8-lane-clean,Night Shift: clean packets,ALLOW,ALLOW,1,8670,10,1340
2026-10-06T09:24:24.192813,2026-10-06T09:24:24.192813,s-sample-09,Sample Student 09,CYBR-2000,answer,c8,c8-lane-tricky-clean,Night Shift: tricky clean packets,BLOCK,ALLOW,0,14647,0,1350
2026-10-06T09:24:37.524267,2026-10-06T09:24:37.524267,s-sample-09,Sample Student 09,CYBR-2000,answer,c8,c8-lane-tricky-clean,Night Shift: tricky clean packets,ALLOW,ALLOW,1,13331,20,1350
2026-10-06T09:24:53.277070,2026-10-06T09:24:53.277070,s-sample-09,Sample Student 09,CYBR-2000,answer,c8,c8-lane-tricky-clean,Night Shift: tricky clean packets,BLOCK,ALLOW,0,15752,0,1370
2026-10-06T09:25:00.165625,2026-10-06T09:25:00.165625,s-sample-09,Sample Student 09,CYBR-2000,answer,c8,c8-lane-tricky-clean,Night Shift: tricky clean packets,ALLOW,ALLOW,1,6888,20,1370
2026-10-06T09:25:09.212356,2026-10-06T09:25:09.212356,s-sample-09,Sample Student 09,CYBR-2000,answer,c8,c8-lane-tricky-clean,Night Shift: tricky clean packets,ALLOW,ALLOW,1,9046,10,1390
2026-10-06T09:25:25.753724,2026-10-06T09:25:25.753724,s-sample-09,Sample Student 09,CYBR-2000,answer,c8,c8-lane-signature,Night Shift: signature packets,BLOCK,BLOCK,1,16541,15,1400
2026-10-06T09:25:39.576458,2026-10-06T09:25:39.576458,s-sample-09,Sample Student 09,CYBR-2000,answer,c8,c8-lane-signature,Night Shift: signature packets,BLOCK,BLOCK,1,13822,15,1415
2026-10-06T09:25:45.834932,2026-10-06T09:25:45.834932,s-sample-09,Sample Student 09,CYBR-2000,answer,c8,c8-lane-signature,Night Shift: signature packets,ALLOW,BLOCK,0,6258,0,1430
2026-10-06T09:25:57.803531,2026-10-06T09:25:57.803531,s-sample-09,Sample Student 09,CYBR-2000,answer,c8,c8-lane-signature,Night Shift: signature packets,BLOCK,BLOCK,1,11968,15,1430
2026-10-06T09:26:02.808988,2026-10-06T09:26:02.808988,s-sample-09,Sample Student 09,CYBR-2000,answer,c8,c8-lane-signature,Night Shift: signature packets,BLOCK,BLOCK,1,5005,10,1445
2026-10-06T09:26:20.526535,2026-10-06T09:26:20.526535,s-sample-09,Sample Student 09,CYBR-2000,answer,c8,c8-lane-bad-port,Night Shift: bad port packets,BLOCK,BLOCK,1,17717,15,1455
2026-10-06T09:26:34.566513,2026-10-06T09:26:34.566513,s-sample-09,Sample Student 09,CYBR-2000,answer,c8,c8-lane-bad-port,Night Shift: bad port packets,BLOCK,BLOCK,1,14039,20,1470
2026-10-06T09:26:40.089748,2026-10-06T09:26:40.089748,s-sample-09,Sample Student 09,CYBR-2000,answer,c8,c8-lane-bad-port,Night Shift: bad port packets,BLOCK,BLOCK,1,5523,15,1490
2026-10-06T09:26:50.926555,2026-10-06T09:26:50.926555,s-sample-09,Sample Student 09,CYBR-2000,answer,c8,c8-lane-bad-port,Night Shift: bad port packets,BLOCK,BLOCK,1,10836,20,1505
2026-10-06T09:26:59.956692,2026-10-06T09:26:59.956692,s-sample-09,Sample Student 09,CYBR-2000,answer,c8,c8-lane-bad-port,Night Shift: bad port packets,BLOCK,BLOCK,1,9030,10,1525
2026-10-06T09:27:12.745112,2026-10-06T09:27:12.745112,s-sample-09,Sample Student 09,CYBR-2000,answer,c8,c8-lane-blocklist,Night Shift: blocklist packets,BLOCK,BLOCK,1,12788,20,1535
2026-10-06T09:27:20.264881,2026-10-06T09:27:20.264881,s-sample-09,Sample Student 09,CYBR-2000,answer,c8,c8-lane-blocklist,Night Shift: blocklist packets,BLOCK,BLOCK,1,7519,10,1555
2026-10-06T09:27:34.729157,2026-10-06T09:27:34.729157,s-sample-09,Sample Student 09,CYBR-2000,answer,c8,c8-lane-blocklist,Night Shift: blocklist packets,BLOCK,BLOCK,1,14464,10,1565
2026-10-06T09:27:50.483258,2026-10-06T09:27:50.483258,s-sample-09,Sample Student 09,CYBR-2000,answer,c8,c8-lane-blocklist,Night Shift: blocklist packets,BLOCK,BLOCK,1,15754,15,1575
2026-10-06T09:28:07.951573,2026-10-06T09:28:07.951573,s-sample-09,Sample Student 09,CYBR-2000,answer,c8,c8-lane-blocklist,Night Shift: blocklist packets,BLOCK,BLOCK,1,17468,20,1590
2026-10-06T09:28:27.951573,2026-10-06T09:28:27.951573,s-sample-09,Sample Student 09,CYBR-2000,chapter_complete,c8,c8-done,c8,2 stars,,88,382973,380,1635
2026-10-06T09:28:27.951573,2026-10-06T09:28:27.951573,s-sample-09,Sample Student 09,CYBR-2000,finish,,,,,,,,0,1635
2026-10-06T09:00:00,2026-10-06T09:00:00,s-sample-10,Sample Student 10,CYBR-2000,start,,,,avatar 0,,,,0,0
2026-10-06T09:00:52.876544,2026-10-06T09:00:52.876544,s-sample-10,Sample Student 10,CYBR-2000,lesson,c1,c1-l1,lesson,,,,52876,5,0
2026-10-06T09:00:57.394046,2026-10-06T09:00:57.394046,s-sample-10,Sample Student 10,CYBR-2000,lesson,c1,c1-l2,lesson,,,,4517,5,0
2026-10-06T09:01:38.541683,2026-10-06T09:01:38.541683,s-sample-10,Sample Student 10,CYBR-2000,lesson,c1,c1-l3,lesson,,,,41147,5,0
2026-10-06T09:01:43.119225,2026-10-06T09:01:43.119225,s-sample-10,Sample Student 10,CYBR-2000,check,c1,c1-check,Someone changes your grade from a C to an A without permission. Which part of CIA is broken?,Integrity,Integrity,1,4577,20,15
2026-10-06T09:02:00.014310,2026-10-06T09:02:00.014310,s-sample-10,Sample Student 10,CYBR-2000,answer,c1,c1-s1,A stranger reads your private messages.,Confidentiality,Confidentiality,1,16895,20,35
2026-10-06T09:02:04.721968,2026-10-06T09:02:04.721968,s-sample-10,Sample Student 10,CYBR-2000,answer,c1,c1-s2,A hacker changes the price of shoes on a store website to $1.,Integrity,Integrity,1,4707,10,55
2026-10-06T09:02:15.715389,2026-10-06T09:02:15.715389,s-sample-10,Sample Student 10,CYBR-2000,answer,c1,c1-s3,The school website crashes on the first day of class.,Availability,Availability,1,10993,10,65
2026-10-06T09:02:28.152141,2026-10-06T09:02:28.152141,s-sample-10,Sample Student 10,CYBR-2000,answer,c1,c1-s4,Your friend watches over your shoulder as you type your PIN.,Integrity,Confidentiality,0,12436,0,75
2026-10-06T09:02:34.138568,2026-10-06T09:02:34.138568,s-sample-10,Sample Student 10,CYBR-2000,answer,c1,c1-s5,A virus edits files so the numbers in them are wrong.,Integrity,Integrity,1,5986,10,75
2026-10-06T09:02:44.343205,2026-10-06T09:02:44.343205,s-sample-10,Sample Student 10,CYBR-2000,answer,c1,c1-s6,A storm knocks out power to the server room.,Availability,Availability,1,10204,15,85
2026-10-06T09:02:48.902408,2026-10-06T09:02:48.902408,s-sample-10,Sample Student 10,CYBR-2000,answer,c1,c1-s7,"Thousands of fake visitors flood a game server, so real players cannot log in.",Availability,Availability,1,4559,15,100
2026-10-06T09:02:55.958262,2026-10-06T09:02:55.958262,s-sample-10,Sample Student 10,CYBR-2000,answer,c1,c1-s8,Someone posts your password online.,Confidentiality,Confidentiality,1,7055,15,115
2026-10-06T09:03:15.958262,2026-10-06T09:03:15.958262,s-sample-10,Sample Student 10,CYBR-2000,chapter_complete,c1,c1-done,c1,2 stars,,89,180672,155,155
2026-10-06T09:04:09.882030,2026-10-06T09:04:09.882030,s-sample-10,Sample Student 10,CYBR-2000,lesson,c2,c2-l1,lesson,,,,53923,5,155
2026-10-06T09:04:31.264487,2026-10-06T09:04:31.264487,s-sample-10,Sample Student 10,CYBR-2000,lesson,c2,c2-l2,lesson,,,,21382,5,155
2026-10-06T09:05:02.231822,2026-10-06T09:05:02.231822,s-sample-10,Sample Student 10,CYBR-2000,lesson,c2,c2-l3,lesson,,,,30967,5,155
2026-10-06T09:05:08.699769,2026-10-06T09:05:08.699769,s-sample-10,Sample Student 10,CYBR-2000,check,c2,c2-check,Which one is MFA?,A password and a code sent to your phone,A password and a code sent to your phone,1,6467,20,170
2026-10-06T09:05:16.840133,2026-10-06T09:05:16.840133,s-sample-10,Sample Student 10,CYBR-2000,answer,c2,c2-p1,Which password is stronger?,blue-river-pizza-cloud,blue-river-pizza-cloud,1,8140,15,190
2026-10-06T09:05:30.293794,2026-10-06T09:05:30.293794,s-sample-10,Sample Student 10,CYBR-2000,answer,c2,c2-p2,Which password is stronger?,maple-guitar-orbit-sock,maple-guitar-orbit-sock,1,13453,20,205
2026-10-06T09:05:35.484380,2026-10-06T09:05:35.484380,s-sample-10,Sample Student 10,CYBR-2000,answer,c2,c2-p3,Which password is stronger?,correct-horse-lamp-yellow,correct-horse-lamp-yellow,1,5190,15,225
2026-10-06T09:05:45.481631,2026-10-06T09:05:45.481631,s-sample-10,Sample Student 10,CYBR-2000,answer,c2,c2-p4,Which habit is safer?,"A different password on every site, saved in a password manager","A different password on every site, saved in a password manager",1,9997,20,240
2026-10-06T09:06:01.597489,2026-10-06T09:06:01.597489,s-sample-10,Sample Student 10,CYBR-2000,answer,c2,c2-p5,Which password is stronger?,Qz8#mL2!vR9p,Qz8#mL2!vR9p,1,16115,15,260
2026-10-06T09:06:14.275658,2026-10-06T09:06:14.275658,s-sample-10,Sample Student 10,CYBR-2000,answer,c2,c2-q1,You get a text with a login code you did not ask for. What should you do?,Ignore the code and change your password,Ignore the code and change your password,1,12678,10,275
2026-10-06T09:06:22.917243,2026-10-06T09:06:22.917243,s-sample-10,Sample Student 10,CYBR-2000,answer,c2,c2-q2,A friend asks for your game password so they can level up your character. What do you do?,"Say no, and keep your password private","Say no, and keep your password private",1,8641,20,285
2026-10-06T09:06:42.917243,2026-10-06T09:06:42.917243,s-sample-10,Sample Student 10,CYBR-2000,chapter_complete,c2,c2-done,c2,3 stars,,100,251289,200,355
2026-10-06T09:07:14.935549,2026-10-06T09:07:14.935549,s-sample-10,Sample Student 10,CYBR-2000,lesson,c3,c3-l1,lesson,,,,32018,5,355
2026-10-06T09:07:48.195650,2026-10-06T09:07:48.195650,s-sample-10,Sample Student 10,CYBR-2000,lesson,c3,c3-l2,lesson,,,,33260,5,355
2026-10-06T09:08:14.127123,2026-10-06T09:08:14.127123,s-sample-10,Sample Student 10,CYBR-2000,lesson,c3,c3-l3,lesson,,,,25931,5,355
2026-10-06T09:08:20.183976,2026-10-06T09:08:20.183976,s-sample-10,Sample Student 10,CYBR-2000,check,c3,c3-check,Which is the biggest red flag?,The email asks you to type your password on a link,The email asks you to type your password on a link,1,6056,20,370
2026-10-06T09:08:32.314731,2026-10-06T09:08:32.314731,s-sample-10,Sample Student 10,CYBR-2000,answer,c3,c3-e1,Netflix: Account suspended! Update payment in 2 hours,Phish,Phish,1,12130,15,390
2026-10-06T09:08:39.678068,2026-10-06T09:08:39.678068,s-sample-10,Sample Student 10,CYBR-2000,answer,c3,c3-e2,Ms. Carter: Reminder: quiz moved to Friday,Safe,Safe,1,7363,15,405
2026-10-06T09:08:45.277618,2026-10-06T09:08:45.277618,s-sample-10,Sample Student 10,CYBR-2000,answer,c3,c3-e3,"Roblox Rewards: YOU WON 10,000 ROBUX!!!",Phish,Phish,1,5599,10,420
2026-10-06T09:08:52.117103,2026-10-06T09:08:52.117103,s-sample-10,Sample Student 10,CYBR-2000,answer,c3,c3-e4,"Principal Grant: Quick favor, keep it secret",Phish,Phish,1,6839,20,430
2026-10-06T09:09:08.187534,2026-10-06T09:09:08.187534,s-sample-10,Sample Student 10,CYBR-2000,answer,c3,c3-e5,USPS: Package on hold,Phish,Phish,1,16070,15,450
2026-10-06T09:09:14.813095,2026-10-06T09:09:14.813095,s-sample-10,Sample Student 10,CYBR-2000,answer,c3,c3-e6,Library: Your book is due Monday,Phish,Safe,0,6625,0,465
2026-10-06T09:09:34.813095,2026-10-06T09:09:34.813095,s-sample-10,Sample Student 10,CYBR-2000,chapter_complete,c3,c3-done,c3,2 stars,,86,340857,135,490
2026-10-06T09:10:06.266969,2026-10-06T09:10:06.266969,s-sample-10,Sample Student 10,CYBR-2000,lesson,c4,c4-l1,lesson,,,,31453,5,490
2026-10-06T09:10:39.096579,2026-10-06T09:10:39.096579,s-sample-10,Sample Student 10,CYBR-2000,lesson,c4,c4-l2,lesson,,,,32829,5,490
2026-10-06T09:11:32.861129,2026-10-06T09:11:32.861129,s-sample-10,Sample Student 10,CYBR-2000,lesson,c4,c4-l3,lesson,,,,53764,5,490
2026-10-06T09:11:43.904957,2026-10-06T09:11:43.904957,s-sample-10,Sample Student 10,CYBR-2000,check,c4,c4-check,A security camera is mainly a...,Detect control,Detect control,1,11043,20,505
2026-10-06T09:11:58.501564,2026-10-06T09:11:58.501564,s-sample-10,Sample Student 10,CYBR-2000,answer,c4,c4-s1,A lock on the server room door,Prevent,Prevent,1,14596,10,525
2026-10-06T09:12:15.946874,2026-10-06T09:12:15.946874,s-sample-10,Sample Student 10,CYBR-2000,answer,c4,c4-s2,A firewall that blocks bad traffic,Prevent,Prevent,1,17445,20,535
2026-10-06T09:12:31.569824,2026-10-06T09:12:31.569824,s-sample-10,Sample Student 10,CYBR-2000,answer,c4,c4-s3,Multi-factor authentication (MFA),Prevent,Prevent,1,15622,15,555
2026-10-06T09:12:49.121273,2026-10-06T09:12:49.121273,s-sample-10,Sample Student 10,CYBR-2000,answer,c4,c4-s4,A security camera in the hallway,Detect,Detect,1,17551,10,570
2026-10-06T09:13:03.970993,2026-10-06T09:13:03.970993,s-sample-10,Sample Student 10,CYBR-2000,answer,c4,c4-s5,An alert when someone logs in at 3 AM from another country,Detect,Detect,1,14849,10,580
2026-10-06T09:13:16.633982,2026-10-06T09:13:16.633982,s-sample-10,Sample Student 10,CYBR-2000,answer,c4,c4-s6,An intrusion detection system (IDS),Detect,Detect,1,12662,15,590
2026-10-06T09:13:25.846839,2026-10-06T09:13:25.846839,s-sample-10,Sample Student 10,CYBR-2000,answer,c4,c4-s7,Restoring files from last night's backup,Fix,Fix,1,9212,10,605
2026-10-06T09:13:43.225644,2026-10-06T09:13:43.225644,s-sample-10,Sample Student 10,CYBR-2000,answer,c4,c4-s8,Antivirus removing a virus it found,Fix,Fix,1,17378,15,615
2026-10-06T09:13:57.129615,2026-10-06T09:13:57.129615,s-sample-10,Sample Student 10,CYBR-2000,answer,c4,c4-s9,Rebuilding a laptop after ransomware,Fix,Fix,1,13903,15,630
2026-10-06T09:14:02.357490,2026-10-06T09:14:02.357490,s-sample-10,Sample Student 10,CYBR-2000,answer,c4,c4-k1,A tall fence around the data center,Physical,Physical,1,5227,10,645
2026-10-06T09:14:19.202558,2026-10-06T09:14:19.202558,s-sample-10,Sample Student 10,CYBR-2000,answer,c4,c4-k2,Encrypting files so only the owner can read them,Technical,Technical,1,16845,15,655
2026-10-06T09:14:33.638636,2026-10-06T09:14:33.638636,s-sample-10,Sample Student 10,CYBR-2000,answer,c4,c4-k3,"A school rule: ""Never share your password""",Administrative,Administrative,1,14436,15,670
2026-10-06T09:14:47.943633,2026-10-06T09:14:47.943633,s-sample-10,Sample Student 10,CYBR-2000,answer,c4,c4-k4,Training every student to spot phishing,other answer,Administrative,0,14304,0,685
2026-10-06T09:15:07.943633,2026-10-06T09:15:07.943633,s-sample-10,Sample Student 10,CYBR-2000,chapter_complete,c4,c4-done,c4,3 stars,,93,182795,245,735
2026-10-06T09:15:40.773156,2026-10-06T09:15:40.773156,s-sample-10,Sample Student 10,CYBR-2000,lesson,c5,c5-l1,lesson,,,,32829,5,735
2026-10-06T09:16:01.860750,2026-10-06T09:16:01.860750,s-sample-10,Sample Student 10,CYBR-2000,lesson,c5,c5-l2,lesson,,,,21087,5,735
2026-10-06T09:16:30.044802,2026-10-06T09:16:30.044802,s-sample-10,Sample Student 10,CYBR-2000,lesson,c5,c5-l3,lesson,,,,28184,5,735
2026-10-06T09:16:46.999799,2026-10-06T09:16:46.999799,s-sample-10,Sample Student 10,CYBR-2000,check,c5,c5-check,"The firewall rule is ""Allow port 443 only."" A packet wants port 3389. What happens?",Blocked,Blocked,1,16954,20,750
2026-10-06T09:16:55.960758,2026-10-06T09:16:55.960758,s-sample-10,Sample Student 10,CYBR-2000,answer,c5,c5-lane-website-ok,Gate Duty: website ok packets,ALLOW,ALLOW,1,8960,20,770
2026-10-06T09:17:11.695032,2026-10-06T09:17:11.695032,s-sample-10,Sample Student 10,CYBR-2000,answer,c5,c5-lane-website-ok,Gate Duty: website ok packets,ALLOW,ALLOW,1,15734,20,790
2026-10-06T09:17:26.771522,2026-10-06T09:17:26.771522,s-sample-10,Sample Student 10,CYBR-2000,answer,c5,c5-lane-website-ok,Gate Duty: website ok packets,ALLOW,ALLOW,1,15076,15,810
2026-10-06T09:17:41.981221,2026-10-06T09:17:41.981221,s-sample-10,Sample Student 10,CYBR-2000,answer,c5,c5-lane-website-ok,Gate Duty: website ok packets,ALLOW,ALLOW,1,15209,10,825
2026-10-06T09:17:59.016614,2026-10-06T09:17:59.016614,s-sample-10,Sample Student 10,CYBR-2000,answer,c5,c5-lane-website-ok,Gate Duty: website ok packets,ALLOW,ALLOW,1,17035,20,835
2026-10-06T09:18:14.723508,2026-10-06T09:18:14.723508,s-sample-10,Sample Student 10,CYBR-2000,answer,c5,c5-lane-bad-port,Gate Duty: bad port packets,BLOCK,BLOCK,1,15706,20,855
2026-10-06T09:18:26.261579,2026-10-06T09:18:26.261579,s-sample-10,Sample Student 10,CYBR-2000,answer,c5,c5-lane-bad-port,Gate Duty: bad port packets,BLOCK,BLOCK,1,11538,20,875
2026-10-06T09:18:34.023577,2026-10-06T09:18:34.023577,s-sample-10,Sample Student 10,CYBR-2000,answer,c5,c5-lane-bad-port,Gate Duty: bad port packets,BLOCK,BLOCK,1,7761,15,895
2026-10-06T09:18:42.816729,2026-10-06T09:18:42.816729,s-sample-10,Sample Student 10,CYBR-2000,answer,c5,c5-lane-bad-port,Gate Duty: bad port packets,BLOCK,BLOCK,1,8793,10,910
2026-10-06T09:18:53.592301,2026-10-06T09:18:53.592301,s-sample-10,Sample Student 10,CYBR-2000,answer,c5,c5-lane-bad-port,Gate Duty: bad port packets,BLOCK,BLOCK,1,10775,10,920
2026-10-06T09:18:58.088725,2026-10-06T09:18:58.088725,s-sample-10,Sample Student 10,CYBR-2000,answer,c5,c5-lane-blocklist,Gate Duty: blocklist packets,ALLOW,BLOCK,0,4496,0,930
2026-10-06T09:19:13.544897,2026-10-06T09:19:13.544897,s-sample-10,Sample Student 10,CYBR-2000,answer,c5,c5-lane-blocklist,Gate Duty: blocklist packets,BLOCK,BLOCK,1,15456,20,930
2026-10-06T09:19:29.346320,2026-10-06T09:19:29.346320,s-sample-10,Sample Student 10,CYBR-2000,answer,c5,c5-lane-blocklist,Gate Duty: blocklist packets,BLOCK,BLOCK,1,15801,10,950
2026-10-06T09:19:39.626540,2026-10-06T09:19:39.626540,s-sample-10,Sample Student 10,CYBR-2000,answer,c5,c5-lane-blocklist,Gate Duty: blocklist packets,ALLOW,BLOCK,0,10280,0,960
2026-10-06T09:19:57.037384,2026-10-06T09:19:57.037384,s-sample-10,Sample Student 10,CYBR-2000,answer,c5,c5-lane-blocklist,Gate Duty: blocklist packets,BLOCK,BLOCK,1,17410,20,960
2026-10-06T09:20:17.037384,2026-10-06T09:20:17.037384,s-sample-10,Sample Student 10,CYBR-2000,chapter_complete,c5,c5-done,c5,2 stars,,88,198212,270,1005
2026-10-06T09:20:59.386997,2026-10-06T09:20:59.386997,s-sample-10,Sample Student 10,CYBR-2000,lesson,c6,c6-l1,lesson,,,,42349,5,1005
2026-10-06T09:21:39.866493,2026-10-06T09:21:39.866493,s-sample-10,Sample Student 10,CYBR-2000,lesson,c6,c6-l2,lesson,,,,40479,5,1005
2026-10-06T09:21:51.945087,2026-10-06T09:21:51.945087,s-sample-10,Sample Student 10,CYBR-2000,check,c6,c6-check,"Where should ""Block everything"" go?",At the bottom,At the bottom,1,12078,15,1015
2026-10-06T09:22:00.346124,2026-10-06T09:22:00.346124,s-sample-10,Sample Student 10,CYBR-2000,answer,c6,c6-o1-try1,Let website visitors in. Keep everything else out.,all tests pass,all tests pass,1,8401,15,1030
2026-10-06T09:22:09.019036,2026-10-06T09:22:09.019036,s-sample-10,Sample Student 10,CYBR-2000,answer,c6,c6-o2-try1,"Let website visitors in, except the known bad IP 203.0.113.66.",all tests pass,all tests pass,1,8672,10,1045
2026-10-06T09:22:25.286940,2026-10-06T09:22:25.286940,s-sample-10,Sample Student 10,CYBR-2000,answer,c6,c6-o3-try1,Only the IT laptop (10.0.5.20) may use remote login on port 22. Websites stay open to all.,all tests pass,all tests pass,1,16267,20,1055
2026-10-06T09:22:45.286940,2026-10-06T09:22:45.286940,s-sample-10,Sample Student 10,CYBR-2000,chapter_complete,c6,c6-done,c6,3 stars,,100,190891,120,1125
2026-10-06T09:23:31.467851,2026-10-06T09:23:31.467851,s-sample-10,Sample Student 10,CYBR-2000,lesson,c7,c7-l1,lesson,,,,46180,5,1125
2026-10-06T09:24:00.388694,2026-10-06T09:24:00.388694,s-sample-10,Sample Student 10,CYBR-2000,lesson,c7,c7-l2,lesson,,,,28920,5,1125
2026-10-06T09:24:05.501288,2026-10-06T09:24:05.501288,s-sample-10,Sample Student 10,CYBR-2000,lesson,c7,c7-l3,lesson,,,,5112,5,1125
2026-10-06T09:24:22.138242,2026-10-06T09:24:22.138242,s-sample-10,Sample Student 10,CYBR-2000,check,c7,c7-check,What does an IDS do when it finds an attack?,Raises an alert,Raises an alert,1,16636,10,1140
2026-10-06T09:24:36.978420,2026-10-06T09:24:36.978420,s-sample-10,Sample Student 10,CYBR-2000,answer,c7,c7-w1,Message: Search: ' OR 1=1 --,Alert,Alert,1,14840,20,1150
2026-10-06T09:24:42.364316,2026-10-06T09:24:42.364316,s-sample-10,Sample Student 10,CYBR-2000,answer,c7,c7-w2,Message: Show me the school calendar,Normal,Normal,1,5385,15,1170
2026-10-06T09:24:49.696845,2026-10-06T09:24:49.696845,s-sample-10,Sample Student 10,CYBR-2000,answer,c7,c7-w3,Message: Comment: <script>steal()</script>,Alert,Alert,1,7332,10,1185
2026-10-06T09:24:57.952788,2026-10-06T09:24:57.952788,s-sample-10,Sample Student 10,CYBR-2000,answer,c7,c7-w4,Message: Search: script for the school play,Alert,Normal,0,8255,0,1195
2026-10-06T09:25:12.306237,2026-10-06T09:25:12.306237,s-sample-10,Sample Student 10,CYBR-2000,answer,c7,c7-w5,Activity: A school laptop sends 5 GB to an unknown server at 3:12 AM,Alert,Alert,1,14353,20,1195
2026-10-06T09:25:19.739077,2026-10-06T09:25:19.739077,s-sample-10,Sample Student 10,CYBR-2000,answer,c7,c7-w6,Activity: A student downloads a 20 MB PDF for class at 10 AM,Normal,Normal,1,7432,20,1215
2026-10-06T09:25:28.421064,2026-10-06T09:25:28.421064,s-sample-10,Sample Student 10,CYBR-2000,answer,c7,c7-w7,Message: Get file: ../../secret/grades.txt,Alert,Alert,1,8681,20,1235
2026-10-06T09:25:36.945864,2026-10-06T09:25:36.945864,s-sample-10,Sample Student 10,CYBR-2000,answer,c7,c7-w8,Activity: The same account fails to log in 50 times in one minute,Alert,Alert,1,8524,15,1255
2026-10-06T09:25:56.945864,2026-10-06T09:25:56.945864,s-sample-10,Sample Student 10,CYBR-2000,chapter_complete,c7,c7-done,c7,2 stars,,89,300895,170,1295
2026-10-06T09:26:03.522665,2026-10-06T09:26:03.522665,s-sample-10,Sample Student 10,CYBR-2000,lesson,c8,c8-l1,lesson,,,,6576,5,1295
2026-10-06T09:26:21.826430,2026-10-06T09:26:21.826430,s-sample-10,Sample Student 10,CYBR-2000,lesson,c8,c8-l2,lesson,,,,18303,5,1295
2026-10-06T09:26:26.446356,2026-10-06T09:26:26.446356,s-sample-10,Sample Student 10,CYBR-2000,lesson,c8,c8-l3,lesson,,,,4619,5,1295
2026-10-06T09:26:32.459765,2026-10-06T09:26:32.459765,s-sample-10,Sample Student 10,CYBR-2000,check,c8,c8-check,The IPS blocks a student's real homework upload by mistake. This is a...,False positive,False positive,1,6013,20,1310
2026-10-06T09:26:46.632934,2026-10-06T09:26:46.632934,s-sample-10,Sample Student 10,CYBR-2000,answer,c8,c8-lane-clean,Night Shift: clean packets,ALLOW,ALLOW,1,14173,20,1330
2026-10-06T09:27:04.154381,2026-10-06T09:27:04.154381,s-sample-10,Sample Student 10,CYBR-2000,answer,c8,c8-lane-clean,Night Shift: clean packets,ALLOW,ALLOW,1,17521,10,1350
2026-10-06T09:27:16.321202,2026-10-06T09:27:16.321202,s-sample-10,Sample Student 10,CYBR-2000,answer,c8,c8-lane-clean,Night Shift: clean packets,ALLOW,ALLOW,1,12166,10,1360
2026-10-06T09:27:24.580523,2026-10-06T09:27:24.580523,s-sample-10,Sample Student 10,CYBR-2000,answer,c8,c8-lane-clean,Night Shift: clean packets,ALLOW,ALLOW,1,8259,15,1370
2026-10-06T09:27:33.578197,2026-10-06T09:27:33.578197,s-sample-10,Sample Student 10,CYBR-2000,answer,c8,c8-lane-clean,Night Shift: clean packets,BLOCK,ALLOW,0,8997,0,1385
2026-10-06T09:27:43.573973,2026-10-06T09:27:43.573973,s-sample-10,Sample Student 10,CYBR-2000,answer,c8,c8-lane-tricky-clean,Night Shift: tricky clean packets,BLOCK,ALLOW,0,9995,0,1385
2026-10-06T09:27:48.522432,2026-10-06T09:27:48.522432,s-sample-10,Sample Student 10,CYBR-2000,answer,c8,c8-lane-tricky-clean,Night Shift: tricky clean packets,BLOCK,ALLOW,0,4948,0,1385
2026-10-06T09:28:05.109912,2026-10-06T09:28:05.109912,s-sample-10,Sample Student 10,CYBR-2000,answer,c8,c8-lane-tricky-clean,Night Shift: tricky clean packets,ALLOW,ALLOW,1,16587,15,1385
2026-10-06T09:28:16.760700,2026-10-06T09:28:16.760700,s-sample-10,Sample Student 10,CYBR-2000,answer,c8,c8-lane-tricky-clean,Night Shift: tricky clean packets,BLOCK,ALLOW,0,11650,0,1400
2026-10-06T09:28:29.530992,2026-10-06T09:28:29.530992,s-sample-10,Sample Student 10,CYBR-2000,answer,c8,c8-lane-tricky-clean,Night Shift: tricky clean packets,BLOCK,ALLOW,0,12770,0,1400
2026-10-06T09:28:33.811909,2026-10-06T09:28:33.811909,s-sample-10,Sample Student 10,CYBR-2000,answer,c8,c8-lane-signature,Night Shift: signature packets,BLOCK,BLOCK,1,4280,10,1400
2026-10-06T09:28:40.616777,2026-10-06T09:28:40.616777,s-sample-10,Sample Student 10,CYBR-2000,answer,c8,c8-lane-signature,Night Shift: signature packets,BLOCK,BLOCK,1,6804,20,1410
2026-10-06T09:28:51.643603,2026-10-06T09:28:51.643603,s-sample-10,Sample Student 10,CYBR-2000,answer,c8,c8-lane-signature,Night Shift: signature packets,BLOCK,BLOCK,1,11026,10,1430
2026-10-06T09:29:05.918054,2026-10-06T09:29:05.918054,s-sample-10,Sample Student 10,CYBR-2000,answer,c8,c8-lane-signature,Night Shift: signature packets,BLOCK,BLOCK,1,14274,10,1440
2026-10-06T09:29:11.028372,2026-10-06T09:29:11.028372,s-sample-10,Sample Student 10,CYBR-2000,answer,c8,c8-lane-signature,Night Shift: signature packets,BLOCK,BLOCK,1,5110,20,1450
2026-10-06T09:29:16.941688,2026-10-06T09:29:16.941688,s-sample-10,Sample Student 10,CYBR-2000,answer,c8,c8-lane-bad-port,Night Shift: bad port packets,BLOCK,BLOCK,1,5913,10,1470
2026-10-06T09:29:29.936486,2026-10-06T09:29:29.936486,s-sample-10,Sample Student 10,CYBR-2000,answer,c8,c8-lane-bad-port,Night Shift: bad port packets,BLOCK,BLOCK,1,12994,10,1480
2026-10-06T09:29:46.856915,2026-10-06T09:29:46.856915,s-sample-10,Sample Student 10,CYBR-2000,answer,c8,c8-lane-bad-port,Night Shift: bad port packets,BLOCK,BLOCK,1,16920,10,1490
2026-10-06T09:30:03.005182,2026-10-06T09:30:03.005182,s-sample-10,Sample Student 10,CYBR-2000,answer,c8,c8-lane-bad-port,Night Shift: bad port packets,BLOCK,BLOCK,1,16148,10,1500
2026-10-06T09:30:12.679632,2026-10-06T09:30:12.679632,s-sample-10,Sample Student 10,CYBR-2000,answer,c8,c8-lane-bad-port,Night Shift: bad port packets,BLOCK,BLOCK,1,9674,20,1510
2026-10-06T09:30:19.122699,2026-10-06T09:30:19.122699,s-sample-10,Sample Student 10,CYBR-2000,answer,c8,c8-lane-blocklist,Night Shift: blocklist packets,BLOCK,BLOCK,1,6443,15,1530
2026-10-06T09:30:24.343472,2026-10-06T09:30:24.343472,s-sample-10,Sample Student 10,CYBR-2000,answer,c8,c8-lane-blocklist,Night Shift: blocklist packets,BLOCK,BLOCK,1,5220,20,1545
2026-10-06T09:30:35.264511,2026-10-06T09:30:35.264511,s-sample-10,Sample Student 10,CYBR-2000,answer,c8,c8-lane-blocklist,Night Shift: blocklist packets,BLOCK,BLOCK,1,10921,20,1565
2026-10-06T09:30:52.427857,2026-10-06T09:30:52.427857,s-sample-10,Sample Student 10,CYBR-2000,answer,c8,c8-lane-blocklist,Night Shift: blocklist packets,BLOCK,BLOCK,1,17163,10,1585
2026-10-06T09:31:00.864341,2026-10-06T09:31:00.864341,s-sample-10,Sample Student 10,CYBR-2000,answer,c8,c8-lane-blocklist,Night Shift: blocklist packets,BLOCK,BLOCK,1,8436,20,1595
2026-10-06T09:31:20.864341,2026-10-06T09:31:20.864341,s-sample-10,Sample Student 10,CYBR-2000,chapter_complete,c8,c8-done,c8,2 stars,,81,417005,345,1640
2026-10-06T09:31:20.864341,2026-10-06T09:31:20.864341,s-sample-10,Sample Student 10,CYBR-2000,finish,,,,,,,,0,1640
2026-10-06T09:02:00,2026-10-06T09:02:00,s-sample-11,Sample Student 11,CYBR-2000,start,,,,avatar 0,,,,0,0
2026-10-06T09:02:25.262051,2026-10-06T09:02:25.262051,s-sample-11,Sample Student 11,CYBR-2000,lesson,c1,c1-l1,lesson,,,,25262,5,0
2026-10-06T09:02:47.036507,2026-10-06T09:02:47.036507,s-sample-11,Sample Student 11,CYBR-2000,lesson,c1,c1-l2,lesson,,,,21774,5,0
2026-10-06T09:02:51.412939,2026-10-06T09:02:51.412939,s-sample-11,Sample Student 11,CYBR-2000,lesson,c1,c1-l3,lesson,,,,4376,5,0
2026-10-06T09:03:03.834907,2026-10-06T09:03:03.834907,s-sample-11,Sample Student 11,CYBR-2000,check,c1,c1-check,Someone changes your grade from a C to an A without permission. Which part of CIA is broken?,Integrity,Integrity,1,12421,15,15
2026-10-06T09:03:16.496373,2026-10-06T09:03:16.496373,s-sample-11,Sample Student 11,CYBR-2000,answer,c1,c1-s1,A stranger reads your private messages.,Confidentiality,Confidentiality,1,12661,20,30
2026-10-06T09:03:20.939239,2026-10-06T09:03:20.939239,s-sample-11,Sample Student 11,CYBR-2000,answer,c1,c1-s2,A hacker changes the price of shoes on a store website to $1.,Integrity,Integrity,1,4442,20,50
2026-10-06T09:03:35.755722,2026-10-06T09:03:35.755722,s-sample-11,Sample Student 11,CYBR-2000,answer,c1,c1-s3,The school website crashes on the first day of class.,Availability,Availability,1,14816,20,70
2026-10-06T09:03:43.651401,2026-10-06T09:03:43.651401,s-sample-11,Sample Student 11,CYBR-2000,answer,c1,c1-s4,Your friend watches over your shoulder as you type your PIN.,Confidentiality,Confidentiality,1,7895,20,90
2026-10-06T09:03:51.486398,2026-10-06T09:03:51.486398,s-sample-11,Sample Student 11,CYBR-2000,answer,c1,c1-s5,A virus edits files so the numbers in them are wrong.,Integrity,Integrity,1,7834,15,110
2026-10-06T09:04:02.147088,2026-10-06T09:04:02.147088,s-sample-11,Sample Student 11,CYBR-2000,answer,c1,c1-s6,A storm knocks out power to the server room.,Availability,Availability,1,10660,20,125
2026-10-06T09:04:19.823069,2026-10-06T09:04:19.823069,s-sample-11,Sample Student 11,CYBR-2000,answer,c1,c1-s7,"Thousands of fake visitors flood a game server, so real players cannot log in.",Confidentiality,Availability,0,17675,0,145
2026-10-06T09:04:32.627754,2026-10-06T09:04:32.627754,s-sample-11,Sample Student 11,CYBR-2000,answer,c1,c1-s8,Someone posts your password online.,Confidentiality,Confidentiality,1,12804,15,145
2026-10-06T09:04:52.627754,2026-10-06T09:04:52.627754,s-sample-11,Sample Student 11,CYBR-2000,chapter_complete,c1,c1-done,c1,2 stars,,89,361581,185,185
2026-10-06T09:04:55.987403,2026-10-06T09:04:55.987403,s-sample-11,Sample Student 11,CYBR-2000,lesson,c2,c2-l1,lesson,,,,3359,5,185
2026-10-06T09:05:22.594826,2026-10-06T09:05:22.594826,s-sample-11,Sample Student 11,CYBR-2000,lesson,c2,c2-l2,lesson,,,,26607,5,185
2026-10-06T09:05:29.353816,2026-10-06T09:05:29.353816,s-sample-11,Sample Student 11,CYBR-2000,lesson,c2,c2-l3,lesson,,,,6758,5,185
2026-10-06T09:05:45.333397,2026-10-06T09:05:45.333397,s-sample-11,Sample Student 11,CYBR-2000,check,c2,c2-check,Which one is MFA?,other answer,A password and a code sent to your phone,0,15979,0,200
2026-10-06T09:05:56.732369,2026-10-06T09:05:56.732369,s-sample-11,Sample Student 11,CYBR-2000,answer,c2,c2-p1,Which password is stronger?,other answer,blue-river-pizza-cloud,0,11398,0,200
2026-10-06T09:06:10.667228,2026-10-06T09:06:10.667228,s-sample-11,Sample Student 11,CYBR-2000,answer,c2,c2-p2,Which password is stronger?,maple-guitar-orbit-sock,maple-guitar-orbit-sock,1,13934,15,200
2026-10-06T09:06:21.652352,2026-10-06T09:06:21.652352,s-sample-11,Sample Student 11,CYBR-2000,answer,c2,c2-p3,Which password is stronger?,other answer,correct-horse-lamp-yellow,0,10985,0,215
2026-10-06T09:06:30.471543,2026-10-06T09:06:30.471543,s-sample-11,Sample Student 11,CYBR-2000,answer,c2,c2-p4,Which habit is safer?,"A different password on every site, saved in a password manager","A different password on every site, saved in a password manager",1,8819,15,215
2026-10-06T09:06:39.005188,2026-10-06T09:06:39.005188,s-sample-11,Sample Student 11,CYBR-2000,answer,c2,c2-p5,Which password is stronger?,Qz8#mL2!vR9p,Qz8#mL2!vR9p,1,8533,10,230
2026-10-06T09:06:53.272587,2026-10-06T09:06:53.272587,s-sample-11,Sample Student 11,CYBR-2000,answer,c2,c2-q1,You get a text with a login code you did not ask for. What should you do?,Ignore the code and change your password,Ignore the code and change your password,1,14267,10,240
2026-10-06T09:07:10.063774,2026-10-06T09:07:10.063774,s-sample-11,Sample Student 11,CYBR-2000,answer,c2,c2-q2,A friend asks for your game password so they can level up your character. What do you do?,other answer,"Say no, and keep your password private",0,16791,0,250
2026-10-06T09:07:30.063774,2026-10-06T09:07:30.063774,s-sample-11,Sample Student 11,CYBR-2000,chapter_complete,c2,c2-done,c2,1 stars,,50,341810,90,275
2026-10-06T09:07:57.644677,2026-10-06T09:07:57.644677,s-sample-11,Sample Student 11,CYBR-2000,lesson,c3,c3-l1,lesson,,,,27580,5,275
2026-10-06T09:08:41.983833,2026-10-06T09:08:41.983833,s-sample-11,Sample Student 11,CYBR-2000,lesson,c3,c3-l2,lesson,,,,44339,5,275
2026-10-06T09:09:29.772931,2026-10-06T09:09:29.772931,s-sample-11,Sample Student 11,CYBR-2000,lesson,c3,c3-l3,lesson,,,,47789,5,275
2026-10-06T09:09:44.401275,2026-10-06T09:09:44.401275,s-sample-11,Sample Student 11,CYBR-2000,check,c3,c3-check,Which is the biggest red flag?,The email asks you to type your password on a link,The email asks you to type your password on a link,1,14628,20,290
2026-10-06T09:10:00.713159,2026-10-06T09:10:00.713159,s-sample-11,Sample Student 11,CYBR-2000,answer,c3,c3-e1,Netflix: Account suspended! Update payment in 2 hours,Phish,Phish,1,16311,15,310
2026-10-06T09:10:12.686485,2026-10-06T09:10:12.686485,s-sample-11,Sample Student 11,CYBR-2000,answer,c3,c3-e2,Ms. Carter: Reminder: quiz moved to Friday,Safe,Safe,1,11973,10,325
2026-10-06T09:10:29.760908,2026-10-06T09:10:29.760908,s-sample-11,Sample Student 11,CYBR-2000,answer,c3,c3-e3,"Roblox Rewards: YOU WON 10,000 ROBUX!!!",Phish,Phish,1,17074,15,335
2026-10-06T09:10:35.672254,2026-10-06T09:10:35.672254,s-sample-11,Sample Student 11,CYBR-2000,answer,c3,c3-e4,"Principal Grant: Quick favor, keep it secret",Safe,Phish,0,5911,0,350
2026-10-06T09:10:40.910315,2026-10-06T09:10:40.910315,s-sample-11,Sample Student 11,CYBR-2000,answer,c3,c3-e5,USPS: Package on hold,Phish,Phish,1,5238,10,350
2026-10-06T09:10:57.383889,2026-10-06T09:10:57.383889,s-sample-11,Sample Student 11,CYBR-2000,answer,c3,c3-e6,Library: Your book is due Monday,Phish,Safe,0,16473,0,360
2026-10-06T09:11:17.383889,2026-10-06T09:11:17.383889,s-sample-11,Sample Student 11,CYBR-2000,chapter_complete,c3,c3-done,c3,2 stars,,71,218783,110,385
2026-10-06T09:11:48.710085,2026-10-06T09:11:48.710085,s-sample-11,Sample Student 11,CYBR-2000,lesson,c4,c4-l1,lesson,,,,31326,5,385
2026-10-06T09:12:29.993755,2026-10-06T09:12:29.993755,s-sample-11,Sample Student 11,CYBR-2000,lesson,c4,c4-l2,lesson,,,,41283,5,385
2026-10-06T09:12:34.435212,2026-10-06T09:12:34.435212,s-sample-11,Sample Student 11,CYBR-2000,lesson,c4,c4-l3,lesson,,,,4441,5,385
2026-10-06T09:12:40.392394,2026-10-06T09:12:40.392394,s-sample-11,Sample Student 11,CYBR-2000,check,c4,c4-check,A security camera is mainly a...,Detect control,Detect control,1,5957,15,400
2026-10-06T09:12:55.662680,2026-10-06T09:12:55.662680,s-sample-11,Sample Student 11,CYBR-2000,answer,c4,c4-s1,A lock on the server room door,Prevent,Prevent,1,15270,10,415
2026-10-06T09:12:59.794639,2026-10-06T09:12:59.794639,s-sample-11,Sample Student 11,CYBR-2000,answer,c4,c4-s2,A firewall that blocks bad traffic,Detect,Prevent,0,4131,0,425
2026-10-06T09:13:05.905874,2026-10-06T09:13:05.905874,s-sample-11,Sample Student 11,CYBR-2000,answer,c4,c4-s3,Multi-factor authentication (MFA),Detect,Prevent,0,6111,0,425
2026-10-06T09:13:11.271552,2026-10-06T09:13:11.271552,s-sample-11,Sample Student 11,CYBR-2000,answer,c4,c4-s4,A security camera in the hallway,Fix,Detect,0,5365,0,425
2026-10-06T09:13:24.830326,2026-10-06T09:13:24.830326,s-sample-11,Sample Student 11,CYBR-2000,answer,c4,c4-s5,An alert when someone logs in at 3 AM from another country,Detect,Detect,1,13558,10,425
2026-10-06T09:13:37.820590,2026-10-06T09:13:37.820590,s-sample-11,Sample Student 11,CYBR-2000,answer,c4,c4-s6,An intrusion detection system (IDS),Detect,Detect,1,12990,20,435
2026-10-06T09:13:54.167908,2026-10-06T09:13:54.167908,s-sample-11,Sample Student 11,CYBR-2000,answer,c4,c4-s7,Restoring files from last night's backup,Fix,Fix,1,16347,10,455
2026-10-06T09:14:00.987200,2026-10-06T09:14:00.987200,s-sample-11,Sample Student 11,CYBR-2000,answer,c4,c4-s8,Antivirus removing a virus it found,Fix,Fix,1,6819,20,465
2026-10-06T09:14:05.517436,2026-10-06T09:14:05.517436,s-sample-11,Sample Student 11,CYBR-2000,answer,c4,c4-s9,Rebuilding a laptop after ransomware,Fix,Fix,1,4530,20,485
2026-10-06T09:14:17.565347,2026-10-06T09:14:17.565347,s-sample-11,Sample Student 11,CYBR-2000,answer,c4,c4-k1,A tall fence around the data center,Physical,Physical,1,12047,20,505
2026-10-06T09:14:21.844439,2026-10-06T09:14:21.844439,s-sample-11,Sample Student 11,CYBR-2000,answer,c4,c4-k2,Encrypting files so only the owner can read them,Technical,Technical,1,4279,15,525
2026-10-06T09:14:27.389309,2026-10-06T09:14:27.389309,s-sample-11,Sample Student 11,CYBR-2000,answer,c4,c4-k3,"A school rule: ""Never share your password""",Administrative,Administrative,1,5544,15,540
2026-10-06T09:14:38.745129,2026-10-06T09:14:38.745129,s-sample-11,Sample Student 11,CYBR-2000,answer,c4,c4-k4,Training every student to spot phishing,other answer,Administrative,0,11355,0,555
2026-10-06T09:14:58.745129,2026-10-06T09:14:58.745129,s-sample-11,Sample Student 11,CYBR-2000,chapter_complete,c4,c4-done,c4,2 stars,,71,180616,195,580
2026-10-06T09:15:34.575162,2026-10-06T09:15:34.575162,s-sample-11,Sample Student 11,CYBR-2000,lesson,c5,c5-l1,lesson,,,,35830,5,580
2026-10-06T09:15:57.294413,2026-10-06T09:15:57.294413,s-sample-11,Sample Student 11,CYBR-2000,lesson,c5,c5-l2,lesson,,,,22719,5,580
2026-10-06T09:16:04.123371,2026-10-06T09:16:04.123371,s-sample-11,Sample Student 11,CYBR-2000,lesson,c5,c5-l3,lesson,,,,6828,5,580
2026-10-06T09:16:11.944991,2026-10-06T09:16:11.944991,s-sample-11,Sample Student 11,CYBR-2000,check,c5,c5-check,"The firewall rule is ""Allow port 443 only."" A packet wants port 3389. What happens?",other answer,Blocked,0,7821,0,595
2026-10-06T09:16:19.650067,2026-10-06T09:16:19.650067,s-sample-11,Sample Student 11,CYBR-2000,answer,c5,c5-lane-website-ok,Gate Duty: website ok packets,ALLOW,ALLOW,1,7705,10,595
2026-10-06T09:16:26.400320,2026-10-06T09:16:26.400320,s-sample-11,Sample Student 11,CYBR-2000,answer,c5,c5-lane-website-ok,Gate Duty: website ok packets,BLOCK,ALLOW,0,6750,0,605
2026-10-06T09:16:41.453583,2026-10-06T09:16:41.453583,s-sample-11,Sample Student 11,CYBR-2000,answer,c5,c5-lane-website-ok,Gate Duty: website ok packets,ALLOW,ALLOW,1,15053,15,605
2026-10-06T09:16:50.013550,2026-10-06T09:16:50.013550,s-sample-11,Sample Student 11,CYBR-2000,answer,c5,c5-lane-website-ok,Gate Duty: website ok packets,ALLOW,ALLOW,1,8559,10,620
2026-10-06T09:17:01.629124,2026-10-06T09:17:01.629124,s-sample-11,Sample Student 11,CYBR-2000,answer,c5,c5-lane-website-ok,Gate Duty: website ok packets,ALLOW,ALLOW,1,11615,20,630
2026-10-06T09:17:11.374348,2026-10-06T09:17:11.374348,s-sample-11,Sample Student 11,CYBR-2000,answer,c5,c5-lane-bad-port,Gate Duty: bad port packets,BLOCK,BLOCK,1,9745,20,650
2026-10-06T09:17:20.964312,2026-10-06T09:17:20.964312,s-sample-11,Sample Student 11,CYBR-2000,answer,c5,c5-lane-bad-port,Gate Duty: bad port packets,ALLOW,BLOCK,0,9589,0,670
2026-10-06T09:17:30.832400,2026-10-06T09:17:30.832400,s-sample-11,Sample Student 11,CYBR-2000,answer,c5,c5-lane-bad-port,Gate Duty: bad port packets,BLOCK,BLOCK,1,9868,10,670
2026-10-06T09:17:40.228207,2026-10-06T09:17:40.228207,s-sample-11,Sample Student 11,CYBR-2000,answer,c5,c5-lane-bad-port,Gate Duty: bad port packets,BLOCK,BLOCK,1,9395,15,680
2026-10-06T09:17:56.801568,2026-10-06T09:17:56.801568,s-sample-11,Sample Student 11,CYBR-2000,answer,c5,c5-lane-bad-port,Gate Duty: bad port packets,ALLOW,BLOCK,0,16573,0,695
2026-10-06T09:18:04.148849,2026-10-06T09:18:04.148849,s-sample-11,Sample Student 11,CYBR-2000,answer,c5,c5-lane-blocklist,Gate Duty: blocklist packets,ALLOW,BLOCK,0,7347,0,695
2026-10-06T09:18:21.989844,2026-10-06T09:18:21.989844,s-sample-11,Sample Student 11,CYBR-2000,answer,c5,c5-lane-blocklist,Gate Duty: blocklist packets,ALLOW,BLOCK,0,17840,0,695
2026-10-06T09:18:36.209802,2026-10-06T09:18:36.209802,s-sample-11,Sample Student 11,CYBR-2000,answer,c5,c5-lane-blocklist,Gate Duty: blocklist packets,ALLOW,BLOCK,0,14219,0,695
2026-10-06T09:18:51.767582,2026-10-06T09:18:51.767582,s-sample-11,Sample Student 11,CYBR-2000,answer,c5,c5-lane-blocklist,Gate Duty: blocklist packets,ALLOW,BLOCK,0,15557,0,695
2026-10-06T09:18:56.982966,2026-10-06T09:18:56.982966,s-sample-11,Sample Student 11,CYBR-2000,answer,c5,c5-lane-blocklist,Gate Duty: blocklist packets,ALLOW,BLOCK,0,5215,0,695
2026-10-06T09:19:16.982966,2026-10-06T09:19:16.982966,s-sample-11,Sample Student 11,CYBR-2000,chapter_complete,c5,c5-done,c5,1 stars,,44,328999,140,720
2026-10-06T09:19:47.128451,2026-10-06T09:19:47.128451,s-sample-11,Sample Student 11,CYBR-2000,lesson,c6,c6-l1,lesson,,,,30145,5,720
2026-10-06T09:20:32.269839,2026-10-06T09:20:32.269839,s-sample-11,Sample Student 11,CYBR-2000,lesson,c6,c6-l2,lesson,,,,45141,5,720
2026-10-06T09:20:44.357734,2026-10-06T09:20:44.357734,s-sample-11,Sample Student 11,CYBR-2000,check,c6,c6-check,"Where should ""Block everything"" go?",At the bottom,At the bottom,1,12087,15,730
2026-10-06T09:21:00.306353,2026-10-06T09:21:00.306353,s-sample-11,Sample Student 11,CYBR-2000,answer,c6,c6-o1-try1,Let website visitors in. Keep everything else out.,other answer,all tests pass,0,15948,0,745
2026-10-06T09:21:12.598467,2026-10-06T09:21:12.598467,s-sample-11,Sample Student 11,CYBR-2000,answer,c6,c6-o2-try1,"Let website visitors in, except the known bad IP 203.0.113.66.",all tests pass,all tests pass,1,12292,15,745
2026-10-06T09:21:25.411657,2026-10-06T09:21:25.411657,s-sample-11,Sample Student 11,CYBR-2000,answer,c6,c6-o3-try1,Only the IT laptop (10.0.5.20) may use remote login on port 22. Websites stay open to all.,all tests pass,all tests pass,1,12813,20,760
2026-10-06T09:21:45.411657,2026-10-06T09:21:45.411657,s-sample-11,Sample Student 11,CYBR-2000,chapter_complete,c6,c6-done,c6,2 stars,,75,388664,85,805
2026-10-06T09:22:06.104611,2026-10-06T09:22:06.104611,s-sample-11,Sample Student 11,CYBR-2000,lesson,c7,c7-l1,lesson,,,,20692,5,805
2026-10-06T09:22:34.158028,2026-10-06T09:22:34.158028,s-sample-11,Sample Student 11,CYBR-2000,lesson,c7,c7-l2,lesson,,,,28053,5,805
2026-10-06T09:23:20.056214,2026-10-06T09:23:20.056214,s-sample-11,Sample Student 11,CYBR-2000,lesson,c7,c7-l3,lesson,,,,45898,5,805
2026-10-06T09:23:35.830523,2026-10-06T09:23:35.830523,s-sample-11,Sample Student 11,CYBR-2000,check,c7,c7-check,What does an IDS do when it finds an attack?,Raises an alert,Raises an alert,1,15774,20,820
2026-10-06T09:23:48.083399,2026-10-06T09:23:48.083399,s-sample-11,Sample Student 11,CYBR-2000,answer,c7,c7-w1,Message: Search: ' OR 1=1 --,Alert,Alert,1,12252,20,840
2026-10-06T09:23:54.072653,2026-10-06T09:23:54.072653,s-sample-11,Sample Student 11,CYBR-2000,answer,c7,c7-w2,Message: Show me the school calendar,Normal,Normal,1,5989,20,860
2026-10-06T09:24:00.940433,2026-10-06T09:24:00.940433,s-sample-11,Sample Student 11,CYBR-2000,answer,c7,c7-w3,Message: Comment: <script>steal()</script>,Alert,Alert,1,6867,10,880
2026-10-06T09:24:08.281424,2026-10-06T09:24:08.281424,s-sample-11,Sample Student 11,CYBR-2000,answer,c7,c7-w4,Message: Search: script for the school play,Alert,Normal,0,7340,0,890
2026-10-06T09:24:23.787814,2026-10-06T09:24:23.787814,s-sample-11,Sample Student 11,CYBR-2000,answer,c7,c7-w5,Activity: A school laptop sends 5 GB to an unknown server at 3:12 AM,Alert,Alert,1,15506,15,890
2026-10-06T09:24:41.050869,2026-10-06T09:24:41.050869,s-sample-11,Sample Student 11,CYBR-2000,answer,c7,c7-w6,Activity: A student downloads a 20 MB PDF for class at 10 AM,Normal,Normal,1,17263,20,905
2026-10-06T09:24:45.656497,2026-10-06T09:24:45.656497,s-sample-11,Sample Student 11,CYBR-2000,answer,c7,c7-w7,Message: Get file: ../../secret/grades.txt,Normal,Alert,0,4605,0,925
2026-10-06T09:25:01.306190,2026-10-06T09:25:01.306190,s-sample-11,Sample Student 11,CYBR-2000,answer,c7,c7-w8,Activity: The same account fails to log in 50 times in one minute,Alert,Alert,1,15649,15,925
2026-10-06T09:25:21.306190,2026-10-06T09:25:21.306190,s-sample-11,Sample Student 11,CYBR-2000,chapter_complete,c7,c7-done,c7,2 stars,,78,209528,160,965
2026-10-06T09:03:00,2026-10-06T09:03:00,s-sample-12,Sample Student 12,CYBR-2000,start,,,,avatar 0,,,,0,0
2026-10-06T09:03:40.080326,2026-10-06T09:03:40.080326,s-sample-12,Sample Student 12,CYBR-2000,lesson,c1,c1-l1,lesson,,,,40080,5,0
2026-10-06T09:04:25.894319,2026-10-06T09:04:25.894319,s-sample-12,Sample Student 12,CYBR-2000,lesson,c1,c1-l2,lesson,,,,45813,5,0
2026-10-06T09:05:13.084978,2026-10-06T09:05:13.084978,s-sample-12,Sample Student 12,CYBR-2000,lesson,c1,c1-l3,lesson,,,,47190,5,0
2026-10-06T09:05:19.528166,2026-10-06T09:05:19.528166,s-sample-12,Sample Student 12,CYBR-2000,check,c1,c1-check,Someone changes your grade from a C to an A without permission. Which part of CIA is broken?,Integrity,Integrity,1,6443,20,15
2026-10-06T09:05:33.050685,2026-10-06T09:05:33.050685,s-sample-12,Sample Student 12,CYBR-2000,answer,c1,c1-s1,A stranger reads your private messages.,Confidentiality,Confidentiality,1,13522,15,35
2026-10-06T09:05:46.294391,2026-10-06T09:05:46.294391,s-sample-12,Sample Student 12,CYBR-2000,answer,c1,c1-s2,A hacker changes the price of shoes on a store website to $1.,Integrity,Integrity,1,13243,20,50
2026-10-06T09:05:55.055715,2026-10-06T09:05:55.055715,s-sample-12,Sample Student 12,CYBR-2000,answer,c1,c1-s3,The school website crashes on the first day of class.,Availability,Availability,1,8761,15,70
2026-10-06T09:06:06.842521,2026-10-06T09:06:06.842521,s-sample-12,Sample Student 12,CYBR-2000,answer,c1,c1-s4,Your friend watches over your shoulder as you type your PIN.,Confidentiality,Confidentiality,1,11786,10,85
2026-10-06T09:06:11.650806,2026-10-06T09:06:11.650806,s-sample-12,Sample Student 12,CYBR-2000,answer,c1,c1-s5,A virus edits files so the numbers in them are wrong.,Integrity,Integrity,1,4808,10,95
2026-10-06T09:06:23.276048,2026-10-06T09:06:23.276048,s-sample-12,Sample Student 12,CYBR-2000,answer,c1,c1-s6,A storm knocks out power to the server room.,Availability,Availability,1,11625,15,105
2026-10-06T09:06:30.991704,2026-10-06T09:06:30.991704,s-sample-12,Sample Student 12,CYBR-2000,answer,c1,c1-s7,"Thousands of fake visitors flood a game server, so real players cannot log in.",Availability,Availability,1,7715,15,120
2026-10-06T09:06:43.897705,2026-10-06T09:06:43.897705,s-sample-12,Sample Student 12,CYBR-2000,answer,c1,c1-s8,Someone posts your password online.,Confidentiality,Confidentiality,1,12906,10,135
2026-10-06T09:07:03.897705,2026-10-06T09:07:03.897705,s-sample-12,Sample Student 12,CYBR-2000,chapter_complete,c1,c1-done,c1,3 stars,,100,228403,195,195
2026-10-06T09:07:55.174857,2026-10-06T09:07:55.174857,s-sample-12,Sample Student 12,CYBR-2000,lesson,c2,c2-l1,lesson,,,,51277,5,195
2026-10-06T09:08:01.856937,2026-10-06T09:08:01.856937,s-sample-12,Sample Student 12,CYBR-2000,lesson,c2,c2-l2,lesson,,,,6682,5,195
2026-10-06T09:08:32.055044,2026-10-06T09:08:32.055044,s-sample-12,Sample Student 12,CYBR-2000,lesson,c2,c2-l3,lesson,,,,30198,5,195
2026-10-06T09:08:39.650126,2026-10-06T09:08:39.650126,s-sample-12,Sample Student 12,CYBR-2000,check,c2,c2-check,Which one is MFA?,A password and a code sent to your phone,A password and a code sent to your phone,1,7595,10,210
2026-10-06T09:08:51.751939,2026-10-06T09:08:51.751939,s-sample-12,Sample Student 12,CYBR-2000,answer,c2,c2-p1,Which password is stronger?,blue-river-pizza-cloud,blue-river-pizza-cloud,1,12101,20,220
2026-10-06T09:09:09.351207,2026-10-06T09:09:09.351207,s-sample-12,Sample Student 12,CYBR-2000,answer,c2,c2-p2,Which password is stronger?,maple-guitar-orbit-sock,maple-guitar-orbit-sock,1,17599,20,240
2026-10-06T09:09:14.238194,2026-10-06T09:09:14.238194,s-sample-12,Sample Student 12,CYBR-2000,answer,c2,c2-p3,Which password is stronger?,other answer,correct-horse-lamp-yellow,0,4886,0,260
2026-10-06T09:09:30.280696,2026-10-06T09:09:30.280696,s-sample-12,Sample Student 12,CYBR-2000,answer,c2,c2-p4,Which habit is safer?,"A different password on every site, saved in a password manager","A different password on every site, saved in a password manager",1,16042,10,260
2026-10-06T09:09:39.592339,2026-10-06T09:09:39.592339,s-sample-12,Sample Student 12,CYBR-2000,answer,c2,c2-p5,Which password is stronger?,Qz8#mL2!vR9p,Qz8#mL2!vR9p,1,9311,20,270
2026-10-06T09:09:56.692789,2026-10-06T09:09:56.692789,s-sample-12,Sample Student 12,CYBR-2000,answer,c2,c2-q1,You get a text with a login code you did not ask for. What should you do?,Ignore the code and change your password,Ignore the code and change your password,1,17100,20,290
2026-10-06T09:10:01.051040,2026-10-06T09:10:01.051040,s-sample-12,Sample Student 12,CYBR-2000,answer,c2,c2-q2,A friend asks for your game password so they can level up your character. What do you do?,"Say no, and keep your password private","Say no, and keep your password private",1,4358,20,310
2026-10-06T09:10:21.051040,2026-10-06T09:10:21.051040,s-sample-12,Sample Student 12,CYBR-2000,chapter_complete,c2,c2-done,c2,2 stars,,88,315237,160,355
2026-10-06T09:11:08.490732,2026-10-06T09:11:08.490732,s-sample-12,Sample Student 12,CYBR-2000,lesson,c3,c3-l1,lesson,,,,47439,5,355
2026-10-06T09:11:12.195657,2026-10-06T09:11:12.195657,s-sample-12,Sample Student 12,CYBR-2000,lesson,c3,c3-l2,lesson,,,,3704,5,355
2026-10-06T09:11:48.955170,2026-10-06T09:11:48.955170,s-sample-12,Sample Student 12,CYBR-2000,lesson,c3,c3-l3,lesson,,,,36759,5,355
2026-10-06T09:12:00.538485,2026-10-06T09:12:00.538485,s-sample-12,Sample Student 12,CYBR-2000,check,c3,c3-check,Which is the biggest red flag?,The email asks you to type your password on a link,The email asks you to type your password on a link,1,11583,20,370
2026-10-06T09:12:09.160608,2026-10-06T09:12:09.160608,s-sample-12,Sample Student 12,CYBR-2000,answer,c3,c3-e1,Netflix: Account suspended! Update payment in 2 hours,Phish,Phish,1,8622,15,390
2026-10-06T09:12:14.814277,2026-10-06T09:12:14.814277,s-sample-12,Sample Student 12,CYBR-2000,answer,c3,c3-e2,Ms. Carter: Reminder: quiz moved to Friday,Phish,Safe,0,5653,0,405
2026-10-06T09:12:19.894193,2026-10-06T09:12:19.894193,s-sample-12,Sample Student 12,CYBR-2000,answer,c3,c3-e3,"Roblox Rewards: YOU WON 10,000 ROBUX!!!",Phish,Phish,1,5079,10,405
2026-10-06T09:12:25.129696,2026-10-06T09:12:25.129696,s-sample-12,Sample Student 12,CYBR-2000,answer,c3,c3-e4,"Principal Grant: Quick favor, keep it secret",Phish,Phish,1,5235,10,415
2026-10-06T09:12:29.899762,2026-10-06T09:12:29.899762,s-sample-12,Sample Student 12,CYBR-2000,answer,c3,c3-e5,USPS: Package on hold,Phish,Phish,1,4770,20,425
2026-10-06T09:12:38.598006,2026-10-06T09:12:38.598006,s-sample-12,Sample Student 12,CYBR-2000,answer,c3,c3-e6,Library: Your book is due Monday,Safe,Safe,1,8698,10,445
2026-10-06T09:12:58.598006,2026-10-06T09:12:58.598006,s-sample-12,Sample Student 12,CYBR-2000,chapter_complete,c3,c3-done,c3,2 stars,,86,312090,125,480
2026-10-06T09:13:52.029902,2026-10-06T09:13:52.029902,s-sample-12,Sample Student 12,CYBR-2000,lesson,c4,c4-l1,lesson,,,,53431,5,480
2026-10-06T09:14:46.651076,2026-10-06T09:14:46.651076,s-sample-12,Sample Student 12,CYBR-2000,lesson,c4,c4-l2,lesson,,,,54621,5,480
2026-10-06T09:15:11.304727,2026-10-06T09:15:11.304727,s-sample-12,Sample Student 12,CYBR-2000,lesson,c4,c4-l3,lesson,,,,24653,5,480
2026-10-06T09:15:18.977532,2026-10-06T09:15:18.977532,s-sample-12,Sample Student 12,CYBR-2000,check,c4,c4-check,A security camera is mainly a...,Detect control,Detect control,1,7672,15,495
2026-10-06T09:15:32.272898,2026-10-06T09:15:32.272898,s-sample-12,Sample Student 12,CYBR-2000,answer,c4,c4-s1,A lock on the server room door,Prevent,Prevent,1,13295,15,510
2026-10-06T09:15:43.426631,2026-10-06T09:15:43.426631,s-sample-12,Sample Student 12,CYBR-2000,answer,c4,c4-s2,A firewall that blocks bad traffic,Prevent,Prevent,1,11153,15,525
2026-10-06T09:15:51.722487,2026-10-06T09:15:51.722487,s-sample-12,Sample Student 12,CYBR-2000,answer,c4,c4-s3,Multi-factor authentication (MFA),Prevent,Prevent,1,8295,10,540
2026-10-06T09:16:06.950096,2026-10-06T09:16:06.950096,s-sample-12,Sample Student 12,CYBR-2000,answer,c4,c4-s4,A security camera in the hallway,Fix,Detect,0,15227,0,550
2026-10-06T09:16:14.549282,2026-10-06T09:16:14.549282,s-sample-12,Sample Student 12,CYBR-2000,answer,c4,c4-s5,An alert when someone logs in at 3 AM from another country,Fix,Detect,0,7599,0,550
2026-10-06T09:16:19.278783,2026-10-06T09:16:19.278783,s-sample-12,Sample Student 12,CYBR-2000,answer,c4,c4-s6,An intrusion detection system (IDS),Detect,Detect,1,4729,20,550
2026-10-06T09:16:36.333094,2026-10-06T09:16:36.333094,s-sample-12,Sample Student 12,CYBR-2000,answer,c4,c4-s7,Restoring files from last night's backup,Fix,Fix,1,17054,20,570
2026-10-06T09:16:48.505956,2026-10-06T09:16:48.505956,s-sample-12,Sample Student 12,CYBR-2000,answer,c4,c4-s8,Antivirus removing a virus it found,Fix,Fix,1,12172,15,590
2026-10-06T09:16:57.290528,2026-10-06T09:16:57.290528,s-sample-12,Sample Student 12,CYBR-2000,answer,c4,c4-s9,Rebuilding a laptop after ransomware,Prevent,Fix,0,8784,0,605
2026-10-06T09:17:11.187369,2026-10-06T09:17:11.187369,s-sample-12,Sample Student 12,CYBR-2000,answer,c4,c4-k1,A tall fence around the data center,Physical,Physical,1,13896,20,605
2026-10-06T09:17:19.587101,2026-10-06T09:17:19.587101,s-sample-12,Sample Student 12,CYBR-2000,answer,c4,c4-k2,Encrypting files so only the owner can read them,Technical,Technical,1,8399,20,625
2026-10-06T09:17:36.906929,2026-10-06T09:17:36.906929,s-sample-12,Sample Student 12,CYBR-2000,answer,c4,c4-k3,"A school rule: ""Never share your password""",Administrative,Administrative,1,17319,15,645
2026-10-06T09:17:43.982621,2026-10-06T09:17:43.982621,s-sample-12,Sample Student 12,CYBR-2000,answer,c4,c4-k4,Training every student to spot phishing,Administrative,Administrative,1,7075,15,660
2026-10-06T09:18:03.982621,2026-10-06T09:18:03.982621,s-sample-12,Sample Student 12,CYBR-2000,chapter_complete,c4,c4-done,c4,2 stars,,79,249968,220,700
2026-10-06T09:18:55.686009,2026-10-06T09:18:55.686009,s-sample-12,Sample Student 12,CYBR-2000,lesson,c5,c5-l1,lesson,,,,51703,5,700
2026-10-06T09:19:00.310028,2026-10-06T09:19:00.310028,s-sample-12,Sample Student 12,CYBR-2000,lesson,c5,c5-l2,lesson,,,,4624,5,700
2026-10-06T09:19:03.540894,2026-10-06T09:19:03.540894,s-sample-12,Sample Student 12,CYBR-2000,lesson,c5,c5-l3,lesson,,,,3230,5,700
2026-10-06T09:19:19.859995,2026-10-06T09:19:19.859995,s-sample-12,Sample Student 12,CYBR-2000,check,c5,c5-check,"The firewall rule is ""Allow port 443 only."" A packet wants port 3389. What happens?",Blocked,Blocked,1,16319,20,715
2026-10-06T09:19:24.058669,2026-10-06T09:19:24.058669,s-sample-12,Sample Student 12,CYBR-2000,answer,c5,c5-lane-website-ok,Gate Duty: website ok packets,ALLOW,ALLOW,1,4198,20,735
2026-10-06T09:19:39.268441,2026-10-06T09:19:39.268441,s-sample-12,Sample Student 12,CYBR-2000,answer,c5,c5-lane-website-ok,Gate Duty: website ok packets,ALLOW,ALLOW,1,15209,15,755
2026-10-06T09:19:53.354495,2026-10-06T09:19:53.354495,s-sample-12,Sample Student 12,CYBR-2000,answer,c5,c5-lane-website-ok,Gate Duty: website ok packets,ALLOW,ALLOW,1,14086,20,770
2026-10-06T09:20:00.308866,2026-10-06T09:20:00.308866,s-sample-12,Sample Student 12,CYBR-2000,answer,c5,c5-lane-website-ok,Gate Duty: website ok packets,ALLOW,ALLOW,1,6954,10,790
2026-10-06T09:20:17.158879,2026-10-06T09:20:17.158879,s-sample-12,Sample Student 12,CYBR-2000,answer,c5,c5-lane-website-ok,Gate Duty: website ok packets,ALLOW,ALLOW,1,16850,10,800
2026-10-06T09:20:27.678164,2026-10-06T09:20:27.678164,s-sample-12,Sample Student 12,CYBR-2000,answer,c5,c5-lane-bad-port,Gate Duty: bad port packets,BLOCK,BLOCK,1,10519,10,810
2026-10-06T09:20:44.990356,2026-10-06T09:20:44.990356,s-sample-12,Sample Student 12,CYBR-2000,answer,c5,c5-lane-bad-port,Gate Duty: bad port packets,ALLOW,BLOCK,0,17312,0,820
2026-10-06T09:20:58.214680,2026-10-06T09:20:58.214680,s-sample-12,Sample Student 12,CYBR-2000,answer,c5,c5-lane-bad-port,Gate Duty: bad port packets,BLOCK,BLOCK,1,13224,15,820
2026-10-06T09:21:08.408370,2026-10-06T09:21:08.408370,s-sample-12,Sample Student 12,CYBR-2000,answer,c5,c5-lane-bad-port,Gate Duty: bad port packets,BLOCK,BLOCK,1,10193,15,835
2026-10-06T09:21:13.201676,2026-10-06T09:21:13.201676,s-sample-12,Sample Student 12,CYBR-2000,answer,c5,c5-lane-bad-port,Gate Duty: bad port packets,BLOCK,BLOCK,1,4793,20,850
2026-10-06T09:21:19.443694,2026-10-06T09:21:19.443694,s-sample-12,Sample Student 12,CYBR-2000,answer,c5,c5-lane-blocklist,Gate Duty: blocklist packets,BLOCK,BLOCK,1,6242,15,870
2026-10-06T09:21:26.701040,2026-10-06T09:21:26.701040,s-sample-12,Sample Student 12,CYBR-2000,answer,c5,c5-lane-blocklist,Gate Duty: blocklist packets,BLOCK,BLOCK,1,7257,20,885
2026-10-06T09:21:40.598226,2026-10-06T09:21:40.598226,s-sample-12,Sample Student 12,CYBR-2000,answer,c5,c5-lane-blocklist,Gate Duty: blocklist packets,ALLOW,BLOCK,0,13897,0,905
2026-10-06T09:21:48.932159,2026-10-06T09:21:48.932159,s-sample-12,Sample Student 12,CYBR-2000,answer,c5,c5-lane-blocklist,Gate Duty: blocklist packets,ALLOW,BLOCK,0,8333,0,905
2026-10-06T09:22:00.614389,2026-10-06T09:22:00.614389,s-sample-12,Sample Student 12,CYBR-2000,answer,c5,c5-lane-blocklist,Gate Duty: blocklist packets,BLOCK,BLOCK,1,11682,10,905
2026-10-06T09:22:20.614389,2026-10-06T09:22:20.614389,s-sample-12,Sample Student 12,CYBR-2000,chapter_complete,c5,c5-done,c5,2 stars,,81,216455,240,940
2026-10-06T09:22:26.811877,2026-10-06T09:22:26.811877,s-sample-12,Sample Student 12,CYBR-2000,lesson,c6,c6-l1,lesson,,,,6197,5,940
2026-10-06T09:22:54.088386,2026-10-06T09:22:54.088386,s-sample-12,Sample Student 12,CYBR-2000,lesson,c6,c6-l2,lesson,,,,27276,5,940
2026-10-06T09:22:59.398651,2026-10-06T09:22:59.398651,s-sample-12,Sample Student 12,CYBR-2000,check,c6,c6-check,"Where should ""Block everything"" go?",At the bottom,At the bottom,1,5310,15,950
2026-10-06T09:23:05.973945,2026-10-06T09:23:05.973945,s-sample-12,Sample Student 12,CYBR-2000,answer,c6,c6-o1-try1,Let website visitors in. Keep everything else out.,all tests pass,all tests pass,1,6575,15,965
2026-10-06T09:23:11.575164,2026-10-06T09:23:11.575164,s-sample-12,Sample Student 12,CYBR-2000,answer,c6,c6-o2-try1,"Let website visitors in, except the known bad IP 203.0.113.66.",all tests pass,all tests pass,1,5601,15,980
2026-10-06T09:23:28.501604,2026-10-06T09:23:28.501604,s-sample-12,Sample Student 12,CYBR-2000,answer,c6,c6-o3-try1,Only the IT laptop (10.0.5.20) may use remote login on port 22. Websites stay open to all.,all tests pass,all tests pass,1,16926,20,995
2026-10-06T09:23:48.501604,2026-10-06T09:23:48.501604,s-sample-12,Sample Student 12,CYBR-2000,chapter_complete,c6,c6-done,c6,3 stars,,100,405463,125,1065
2026-10-06T09:24:18.713468,2026-10-06T09:24:18.713468,s-sample-12,Sample Student 12,CYBR-2000,lesson,c7,c7-l1,lesson,,,,30211,5,1065
2026-10-06T09:25:15.057587,2026-10-06T09:25:15.057587,s-sample-12,Sample Student 12,CYBR-2000,lesson,c7,c7-l2,lesson,,,,56344,5,1065
2026-10-06T09:25:21.513556,2026-10-06T09:25:21.513556,s-sample-12,Sample Student 12,CYBR-2000,lesson,c7,c7-l3,lesson,,,,6455,5,1065
2026-10-06T09:25:32.099936,2026-10-06T09:25:32.099936,s-sample-12,Sample Student 12,CYBR-2000,check,c7,c7-check,What does an IDS do when it finds an attack?,Raises an alert,Raises an alert,1,10586,10,1080
2026-10-06T09:25:40.298034,2026-10-06T09:25:40.298034,s-sample-12,Sample Student 12,CYBR-2000,answer,c7,c7-w1,Message: Search: ' OR 1=1 --,Alert,Alert,1,8198,20,1090
2026-10-06T09:25:57.840998,2026-10-06T09:25:57.840998,s-sample-12,Sample Student 12,CYBR-2000,answer,c7,c7-w2,Message: Show me the school calendar,Normal,Normal,1,17542,15,1110
2026-10-06T09:26:03.972005,2026-10-06T09:26:03.972005,s-sample-12,Sample Student 12,CYBR-2000,answer,c7,c7-w3,Message: Comment: <script>steal()</script>,Alert,Alert,1,6131,15,1125
2026-10-06T09:26:12.635898,2026-10-06T09:26:12.635898,s-sample-12,Sample Student 12,CYBR-2000,answer,c7,c7-w4,Message: Search: script for the school play,Normal,Normal,1,8663,15,1140
2026-10-06T09:26:21.249674,2026-10-06T09:26:21.249674,s-sample-12,Sample Student 12,CYBR-2000,answer,c7,c7-w5,Activity: A school laptop sends 5 GB to an unknown server at 3:12 AM,Alert,Alert,1,8613,15,1155
2026-10-06T09:26:36.277840,2026-10-06T09:26:36.277840,s-sample-12,Sample Student 12,CYBR-2000,answer,c7,c7-w6,Activity: A student downloads a 20 MB PDF for class at 10 AM,Normal,Normal,1,15028,15,1170
2026-10-06T09:26:50.409346,2026-10-06T09:26:50.409346,s-sample-12,Sample Student 12,CYBR-2000,answer,c7,c7-w7,Message: Get file: ../../secret/grades.txt,Normal,Alert,0,14131,0,1185
2026-10-06T09:27:04.866777,2026-10-06T09:27:04.866777,s-sample-12,Sample Student 12,CYBR-2000,answer,c7,c7-w8,Activity: The same account fails to log in 50 times in one minute,Alert,Alert,1,14457,10,1185
2026-10-06T09:27:24.866777,2026-10-06T09:27:24.866777,s-sample-12,Sample Student 12,CYBR-2000,chapter_complete,c7,c7-done,c7,2 stars,,89,369117,155,1220
2026-10-06T09:27:45.709954,2026-10-06T09:27:45.709954,s-sample-12,Sample Student 12,CYBR-2000,lesson,c8,c8-l1,lesson,,,,20843,5,1220
2026-10-06T09:28:21.056344,2026-10-06T09:28:21.056344,s-sample-12,Sample Student 12,CYBR-2000,lesson,c8,c8-l2,lesson,,,,35346,5,1220
2026-10-06T09:28:50.424162,2026-10-06T09:28:50.424162,s-sample-12,Sample Student 12,CYBR-2000,lesson,c8,c8-l3,lesson,,,,29367,5,1220
2026-10-06T09:28:59.456282,2026-10-06T09:28:59.456282,s-sample-12,Sample Student 12,CYBR-2000,check,c8,c8-check,The IPS blocks a student's real homework upload by mistake. This is a...,False positive,False positive,1,9032,20,1235
2026-10-06T09:29:08.099114,2026-10-06T09:29:08.099114,s-sample-12,Sample Student 12,CYBR-2000,answer,c8,c8-lane-clean,Night Shift: clean packets,BLOCK,ALLOW,0,8642,0,1255
2026-10-06T09:29:24.327188,2026-10-06T09:29:24.327188,s-sample-12,Sample Student 12,CYBR-2000,answer,c8,c8-lane-clean,Night Shift: clean packets,BLOCK,ALLOW,0,16228,0,1255
2026-10-06T09:29:30.413708,2026-10-06T09:29:30.413708,s-sample-12,Sample Student 12,CYBR-2000,answer,c8,c8-lane-clean,Night Shift: clean packets,ALLOW,ALLOW,1,6086,10,1255
2026-10-06T09:29:37.755783,2026-10-06T09:29:37.755783,s-sample-12,Sample Student 12,CYBR-2000,answer,c8,c8-lane-clean,Night Shift: clean packets,ALLOW,ALLOW,1,7342,10,1265
2026-10-06T09:29:49.259595,2026-10-06T09:29:49.259595,s-sample-12,Sample Student 12,CYBR-2000,answer,c8,c8-lane-clean,Night Shift: clean packets,ALLOW,ALLOW,1,11503,10,1275
2026-10-06T09:29:56.703177,2026-10-06T09:29:56.703177,s-sample-12,Sample Student 12,CYBR-2000,answer,c8,c8-lane-tricky-clean,Night Shift: tricky clean packets,ALLOW,ALLOW,1,7443,20,1285
2026-10-06T09:30:07.798140,2026-10-06T09:30:07.798140,s-sample-12,Sample Student 12,CYBR-2000,answer,c8,c8-lane-tricky-clean,Night Shift: tricky clean packets,BLOCK,ALLOW,0,11094,0,1305
2026-10-06T09:30:14.566123,2026-10-06T09:30:14.566123,s-sample-12,Sample Student 12,CYBR-2000,answer,c8,c8-lane-tricky-clean,Night Shift: tricky clean packets,BLOCK,ALLOW,0,6767,0,1305
2026-10-06T09:30:21.414539,2026-10-06T09:30:21.414539,s-sample-12,Sample Student 12,CYBR-2000,answer,c8,c8-lane-tricky-clean,Night Shift: tricky clean packets,BLOCK,ALLOW,0,6848,0,1305
2026-10-06T09:30:28.772920,2026-10-06T09:30:28.772920,s-sample-12,Sample Student 12,CYBR-2000,answer,c8,c8-lane-tricky-clean,Night Shift: tricky clean packets,ALLOW,ALLOW,1,7358,20,1305
2026-10-06T09:30:45.241446,2026-10-06T09:30:45.241446,s-sample-12,Sample Student 12,CYBR-2000,answer,c8,c8-lane-signature,Night Shift: signature packets,ALLOW,BLOCK,0,16468,0,1325
2026-10-06T09:31:02.447821,2026-10-06T09:31:02.447821,s-sample-12,Sample Student 12,CYBR-2000,answer,c8,c8-lane-signature,Night Shift: signature packets,BLOCK,BLOCK,1,17206,15,1325
2026-10-06T09:31:16.267542,2026-10-06T09:31:16.267542,s-sample-12,Sample Student 12,CYBR-2000,answer,c8,c8-lane-signature,Night Shift: signature packets,ALLOW,BLOCK,0,13819,0,1340
2026-10-06T09:31:30.679414,2026-10-06T09:31:30.679414,s-sample-12,Sample Student 12,CYBR-2000,answer,c8,c8-lane-signature,Night Shift: signature packets,BLOCK,BLOCK,1,14411,10,1340
2026-10-06T09:31:36.830613,2026-10-06T09:31:36.830613,s-sample-12,Sample Student 12,CYBR-2000,answer,c8,c8-lane-signature,Night Shift: signature packets,ALLOW,BLOCK,0,6151,0,1350
2026-10-06T09:31:41.263494,2026-10-06T09:31:41.263494,s-sample-12,Sample Student 12,CYBR-2000,answer,c8,c8-lane-bad-port,Night Shift: bad port packets,BLOCK,BLOCK,1,4432,15,1350
2026-10-06T09:31:46.798064,2026-10-06T09:31:46.798064,s-sample-12,Sample Student 12,CYBR-2000,answer,c8,c8-lane-bad-port,Night Shift: bad port packets,BLOCK,BLOCK,1,5534,20,1365
2026-10-06T09:31:51.978628,2026-10-06T09:31:51.978628,s-sample-12,Sample Student 12,CYBR-2000,answer,c8,c8-lane-bad-port,Night Shift: bad port packets,ALLOW,BLOCK,0,5180,0,1385
2026-10-06T09:31:59.253478,2026-10-06T09:31:59.253478,s-sample-12,Sample Student 12,CYBR-2000,answer,c8,c8-lane-bad-port,Night Shift: bad port packets,BLOCK,BLOCK,1,7274,20,1385
2026-10-06T09:32:10.434708,2026-10-06T09:32:10.434708,s-sample-12,Sample Student 12,CYBR-2000,answer,c8,c8-lane-bad-port,Night Shift: bad port packets,ALLOW,BLOCK,0,11181,0,1405
2026-10-06T09:32:25.933832,2026-10-06T09:32:25.933832,s-sample-12,Sample Student 12,CYBR-2000,answer,c8,c8-lane-blocklist,Night Shift: blocklist packets,ALLOW,BLOCK,0,15499,0,1405
2026-10-06T09:32:34.655965,2026-10-06T09:32:34.655965,s-sample-12,Sample Student 12,CYBR-2000,answer,c8,c8-lane-blocklist,Night Shift: blocklist packets,BLOCK,BLOCK,1,8722,10,1405
2026-10-06T09:32:47.311441,2026-10-06T09:32:47.311441,s-sample-12,Sample Student 12,CYBR-2000,answer,c8,c8-lane-blocklist,Night Shift: blocklist packets,BLOCK,BLOCK,1,12655,20,1415
2026-10-06T09:32:55.561930,2026-10-06T09:32:55.561930,s-sample-12,Sample Student 12,CYBR-2000,answer,c8,c8-lane-blocklist,Night Shift: blocklist packets,BLOCK,BLOCK,1,8250,10,1435
2026-10-06T09:33:06.026988,2026-10-06T09:33:06.026988,s-sample-12,Sample Student 12,CYBR-2000,answer,c8,c8-lane-blocklist,Night Shift: blocklist packets,ALLOW,BLOCK,0,10465,0,1445
2026-10-06T09:33:26.026988,2026-10-06T09:33:26.026988,s-sample-12,Sample Student 12,CYBR-2000,chapter_complete,c8,c8-done,c8,1 stars,,54,401002,250,1470
2026-10-06T09:33:26.026988,2026-10-06T09:33:26.026988,s-sample-12,Sample Student 12,CYBR-2000,finish,,,,,,,,0,1470
2026-10-06T09:03:00,2026-10-06T09:03:00,s-sample-13,Sample Student 13,CYBR-2000,start,,,,avatar 0,,,,0,0
2026-10-06T09:03:23.701621,2026-10-06T09:03:23.701621,s-sample-13,Sample Student 13,CYBR-2000,lesson,c1,c1-l1,lesson,,,,23701,5,0
2026-10-06T09:03:29.416844,2026-10-06T09:03:29.416844,s-sample-13,Sample Student 13,CYBR-2000,lesson,c1,c1-l2,lesson,,,,5715,5,0
2026-10-06T09:04:06.567751,2026-10-06T09:04:06.567751,s-sample-13,Sample Student 13,CYBR-2000,lesson,c1,c1-l3,lesson,,,,37150,5,0
2026-10-06T09:04:24.529864,2026-10-06T09:04:24.529864,s-sample-13,Sample Student 13,CYBR-2000,check,c1,c1-check,Someone changes your grade from a C to an A without permission. Which part of CIA is broken?,Availability,Integrity,0,17962,0,15
2026-10-06T09:04:35.246046,2026-10-06T09:04:35.246046,s-sample-13,Sample Student 13,CYBR-2000,answer,c1,c1-s1,A stranger reads your private messages.,Integrity,Confidentiality,0,10716,0,15
2026-10-06T09:04:50.155689,2026-10-06T09:04:50.155689,s-sample-13,Sample Student 13,CYBR-2000,answer,c1,c1-s2,A hacker changes the price of shoes on a store website to $1.,Integrity,Integrity,1,14909,10,15
2026-10-06T09:05:03.065138,2026-10-06T09:05:03.065138,s-sample-13,Sample Student 13,CYBR-2000,answer,c1,c1-s3,The school website crashes on the first day of class.,Confidentiality,Availability,0,12909,0,25
2026-10-06T09:05:15.817317,2026-10-06T09:05:15.817317,s-sample-13,Sample Student 13,CYBR-2000,answer,c1,c1-s4,Your friend watches over your shoulder as you type your PIN.,Confidentiality,Confidentiality,1,12752,15,25
2026-10-06T09:05:21.110727,2026-10-06T09:05:21.110727,s-sample-13,Sample Student 13,CYBR-2000,answer,c1,c1-s5,A virus edits files so the numbers in them are wrong.,Availability,Integrity,0,5293,0,40
2026-10-06T09:05:29.999520,2026-10-06T09:05:29.999520,s-sample-13,Sample Student 13,CYBR-2000,answer,c1,c1-s6,A storm knocks out power to the server room.,Confidentiality,Availability,0,8888,0,40
2026-10-06T09:05:47.520016,2026-10-06T09:05:47.520016,s-sample-13,Sample Student 13,CYBR-2000,answer,c1,c1-s7,"Thousands of fake visitors flood a game server, so real players cannot log in.",Availability,Availability,1,17520,20,40
2026-10-06T09:05:58.467171,2026-10-06T09:05:58.467171,s-sample-13,Sample Student 13,CYBR-2000,answer,c1,c1-s8,Someone posts your password online.,Integrity,Confidentiality,0,10947,0,60
2026-10-06T09:06:18.467171,2026-10-06T09:06:18.467171,s-sample-13,Sample Student 13,CYBR-2000,chapter_complete,c1,c1-done,c1,1 stars,,33,242233,85,85
2026-10-06T09:06:49.191765,2026-10-06T09:06:49.191765,s-sample-13,Sample Student 13,CYBR-2000,lesson,c2,c2-l1,lesson,,,,30724,5,85
2026-10-06T09:07:40.882845,2026-10-06T09:07:40.882845,s-sample-13,Sample Student 13,CYBR-2000,lesson,c2,c2-l2,lesson,,,,51691,5,85
2026-10-06T09:08:24.323223,2026-10-06T09:08:24.323223,s-sample-13,Sample Student 13,CYBR-2000,lesson,c2,c2-l3,lesson,,,,43440,5,85
2026-10-06T09:08:41.776346,2026-10-06T09:08:41.776346,s-sample-13,Sample Student 13,CYBR-2000,check,c2,c2-check,Which one is MFA?,A password and a code sent to your phone,A password and a code sent to your phone,1,17453,20,100
2026-10-06T09:08:54.631616,2026-10-06T09:08:54.631616,s-sample-13,Sample Student 13,CYBR-2000,answer,c2,c2-p1,Which password is stronger?,blue-river-pizza-cloud,blue-river-pizza-cloud,1,12855,10,120
2026-10-06T09:09:09.656327,2026-10-06T09:09:09.656327,s-sample-13,Sample Student 13,CYBR-2000,answer,c2,c2-p2,Which password is stronger?,other answer,maple-guitar-orbit-sock,0,15024,0,130
2026-10-06T09:09:25.393538,2026-10-06T09:09:25.393538,s-sample-13,Sample Student 13,CYBR-2000,answer,c2,c2-p3,Which password is stronger?,correct-horse-lamp-yellow,correct-horse-lamp-yellow,1,15737,10,130
2026-10-06T09:09:37.620299,2026-10-06T09:09:37.620299,s-sample-13,Sample Student 13,CYBR-2000,answer,c2,c2-p4,Which habit is safer?,"A different password on every site, saved in a password manager","A different password on every site, saved in a password manager",1,12226,20,140
2026-10-06T09:09:48.516989,2026-10-06T09:09:48.516989,s-sample-13,Sample Student 13,CYBR-2000,answer,c2,c2-p5,Which password is stronger?,Qz8#mL2!vR9p,Qz8#mL2!vR9p,1,10896,20,160
2026-10-06T09:09:53.219827,2026-10-06T09:09:53.219827,s-sample-13,Sample Student 13,CYBR-2000,answer,c2,c2-q1,You get a text with a login code you did not ask for. What should you do?,other answer,Ignore the code and change your password,0,4702,0,180
2026-10-06T09:10:02.747231,2026-10-06T09:10:02.747231,s-sample-13,Sample Student 13,CYBR-2000,answer,c2,c2-q2,A friend asks for your game password so they can level up your character. What do you do?,"Say no, and keep your password private","Say no, and keep your password private",1,9527,20,180
2026-10-06T09:10:22.747231,2026-10-06T09:10:22.747231,s-sample-13,Sample Student 13,CYBR-2000,chapter_complete,c2,c2-done,c2,2 stars,,75,343885,140,225
2026-10-06T09:10:29.514062,2026-10-06T09:10:29.514062,s-sample-13,Sample Student 13,CYBR-2000,lesson,c3,c3-l1,lesson,,,,6766,5,225
2026-10-06T09:11:09.309049,2026-10-06T09:11:09.309049,s-sample-13,Sample Student 13,CYBR-2000,lesson,c3,c3-l2,lesson,,,,39794,5,225
2026-10-06T09:11:14.688513,2026-10-06T09:11:14.688513,s-sample-13,Sample Student 13,CYBR-2000,lesson,c3,c3-l3,lesson,,,,5379,5,225
2026-10-06T09:11:27.142130,2026-10-06T09:11:27.142130,s-sample-13,Sample Student 13,CYBR-2000,check,c3,c3-check,Which is the biggest red flag?,The email asks you to type your password on a link,The email asks you to type your password on a link,1,12453,10,240
2026-10-06T09:11:37.797503,2026-10-06T09:11:37.797503,s-sample-13,Sample Student 13,CYBR-2000,answer,c3,c3-e1,Netflix: Account suspended! Update payment in 2 hours,Safe,Phish,0,10655,0,250
2026-10-06T09:11:45.989917,2026-10-06T09:11:45.989917,s-sample-13,Sample Student 13,CYBR-2000,answer,c3,c3-e2,Ms. Carter: Reminder: quiz moved to Friday,Safe,Safe,1,8192,10,250
2026-10-06T09:11:52.981115,2026-10-06T09:11:52.981115,s-sample-13,Sample Student 13,CYBR-2000,answer,c3,c3-e3,"Roblox Rewards: YOU WON 10,000 ROBUX!!!",Phish,Phish,1,6991,15,260
2026-10-06T09:12:03.504260,2026-10-06T09:12:03.504260,s-sample-13,Sample Student 13,CYBR-2000,answer,c3,c3-e4,"Principal Grant: Quick favor, keep it secret",Phish,Phish,1,10523,10,275
2026-10-06T09:12:08.735927,2026-10-06T09:12:08.735927,s-sample-13,Sample Student 13,CYBR-2000,answer,c3,c3-e5,USPS: Package on hold,Phish,Phish,1,5231,15,285
2026-10-06T09:12:25.189703,2026-10-06T09:12:25.189703,s-sample-13,Sample Student 13,CYBR-2000,answer,c3,c3-e6,Library: Your book is due Monday,Safe,Safe,1,16453,15,300
2026-10-06T09:12:45.189703,2026-10-06T09:12:45.189703,s-sample-13,Sample Student 13,CYBR-2000,chapter_complete,c3,c3-done,c3,2 stars,,86,338639,115,340
2026-10-06T09:12:51.418229,2026-10-06T09:12:51.418229,s-sample-13,Sample Student 13,CYBR-2000,lesson,c4,c4-l1,lesson,,,,6228,5,340
2026-10-06T09:13:47.072003,2026-10-06T09:13:47.072003,s-sample-13,Sample Student 13,CYBR-2000,lesson,c4,c4-l2,lesson,,,,55653,5,340
2026-10-06T09:14:12.677012,2026-10-06T09:14:12.677012,s-sample-13,Sample Student 13,CYBR-2000,lesson,c4,c4-l3,lesson,,,,25605,5,340
2026-10-06T09:14:30.124045,2026-10-06T09:14:30.124045,s-sample-13,Sample Student 13,CYBR-2000,check,c4,c4-check,A security camera is mainly a...,other answer,Detect control,0,17447,0,355
2026-10-06T09:14:38.582952,2026-10-06T09:14:38.582952,s-sample-13,Sample Student 13,CYBR-2000,answer,c4,c4-s1,A lock on the server room door,Prevent,Prevent,1,8458,20,355
2026-10-06T09:14:51.075177,2026-10-06T09:14:51.075177,s-sample-13,Sample Student 13,CYBR-2000,answer,c4,c4-s2,A firewall that blocks bad traffic,Detect,Prevent,0,12492,0,375
2026-10-06T09:15:08.630707,2026-10-06T09:15:08.630707,s-sample-13,Sample Student 13,CYBR-2000,answer,c4,c4-s3,Multi-factor authentication (MFA),Detect,Prevent,0,17555,0,375
2026-10-06T09:15:12.757526,2026-10-06T09:15:12.757526,s-sample-13,Sample Student 13,CYBR-2000,answer,c4,c4-s4,A security camera in the hallway,Detect,Detect,1,4126,10,375
2026-10-06T09:15:20.199754,2026-10-06T09:15:20.199754,s-sample-13,Sample Student 13,CYBR-2000,answer,c4,c4-s5,An alert when someone logs in at 3 AM from another country,Detect,Detect,1,7442,20,385
2026-10-06T09:15:27.711124,2026-10-06T09:15:27.711124,s-sample-13,Sample Student 13,CYBR-2000,answer,c4,c4-s6,An intrusion detection system (IDS),Fix,Detect,0,7511,0,405
2026-10-06T09:15:33.123825,2026-10-06T09:15:33.123825,s-sample-13,Sample Student 13,CYBR-2000,answer,c4,c4-s7,Restoring files from last night's backup,Fix,Fix,1,5412,20,405
2026-10-06T09:15:47.667801,2026-10-06T09:15:47.667801,s-sample-13,Sample Student 13,CYBR-2000,answer,c4,c4-s8,Antivirus removing a virus it found,Prevent,Fix,0,14543,0,425
2026-10-06T09:15:53.558259,2026-10-06T09:15:53.558259,s-sample-13,Sample Student 13,CYBR-2000,answer,c4,c4-s9,Rebuilding a laptop after ransomware,Fix,Fix,1,5890,15,425
2026-10-06T09:15:58.620898,2026-10-06T09:15:58.620898,s-sample-13,Sample Student 13,CYBR-2000,answer,c4,c4-k1,A tall fence around the data center,Physical,Physical,1,5062,20,440
2026-10-06T09:16:06.349719,2026-10-06T09:16:06.349719,s-sample-13,Sample Student 13,CYBR-2000,answer,c4,c4-k2,Encrypting files so only the owner can read them,Technical,Technical,1,7728,15,460
2026-10-06T09:16:19.606017,2026-10-06T09:16:19.606017,s-sample-13,Sample Student 13,CYBR-2000,answer,c4,c4-k3,"A school rule: ""Never share your password""",Administrative,Administrative,1,13256,20,475
2026-10-06T09:16:36.735445,2026-10-06T09:16:36.735445,s-sample-13,Sample Student 13,CYBR-2000,answer,c4,c4-k4,Training every student to spot phishing,other answer,Administrative,0,17129,0,495
2026-10-06T09:16:56.735445,2026-10-06T09:16:56.735445,s-sample-13,Sample Student 13,CYBR-2000,chapter_complete,c4,c4-done,c4,1 stars,,57,374082,180,520
2026-10-06T09:17:29.068961,2026-10-06T09:17:29.068961,s-sample-13,Sample Student 13,CYBR-2000,lesson,c5,c5-l1,lesson,,,,32333,5,520
2026-10-06T09:18:09.939308,2026-10-06T09:18:09.939308,s-sample-13,Sample Student 13,CYBR-2000,lesson,c5,c5-l2,lesson,,,,40870,5,520
2026-10-06T09:18:37.717993,2026-10-06T09:18:37.717993,s-sample-13,Sample Student 13,CYBR-2000,lesson,c5,c5-l3,lesson,,,,27778,5,520
2026-10-06T09:18:51.922054,2026-10-06T09:18:51.922054,s-sample-13,Sample Student 13,CYBR-2000,check,c5,c5-check,"The firewall rule is ""Allow port 443 only."" A packet wants port 3389. What happens?",other answer,Blocked,0,14204,0,535
2026-10-06T09:18:56.413555,2026-10-06T09:18:56.413555,s-sample-13,Sample Student 13,CYBR-2000,answer,c5,c5-lane-website-ok,Gate Duty: website ok packets,BLOCK,ALLOW,0,4491,0,535
2026-10-06T09:19:02.331452,2026-10-06T09:19:02.331452,s-sample-13,Sample Student 13,CYBR-2000,answer,c5,c5-lane-website-ok,Gate Duty: website ok packets,ALLOW,ALLOW,1,5917,15,535
2026-10-06T09:19:14.557125,2026-10-06T09:19:14.557125,s-sample-13,Sample Student 13,CYBR-2000,answer,c5,c5-lane-website-ok,Gate Duty: website ok packets,ALLOW,ALLOW,1,12225,20,550
2026-10-06T09:19:32.525003,2026-10-06T09:19:32.525003,s-sample-13,Sample Student 13,CYBR-2000,answer,c5,c5-lane-website-ok,Gate Duty: website ok packets,ALLOW,ALLOW,1,17967,10,570
2026-10-06T09:19:45.505948,2026-10-06T09:19:45.505948,s-sample-13,Sample Student 13,CYBR-2000,answer,c5,c5-lane-website-ok,Gate Duty: website ok packets,BLOCK,ALLOW,0,12980,0,580
2026-10-06T09:20:00.180279,2026-10-06T09:20:00.180279,s-sample-13,Sample Student 13,CYBR-2000,answer,c5,c5-lane-bad-port,Gate Duty: bad port packets,BLOCK,BLOCK,1,14674,15,580
2026-10-06T09:20:04.541539,2026-10-06T09:20:04.541539,s-sample-13,Sample Student 13,CYBR-2000,answer,c5,c5-lane-bad-port,Gate Duty: bad port packets,ALLOW,BLOCK,0,4361,0,595
2026-10-06T09:20:14.247422,2026-10-06T09:20:14.247422,s-sample-13,Sample Student 13,CYBR-2000,answer,c5,c5-lane-bad-port,Gate Duty: bad port packets,BLOCK,BLOCK,1,9705,10,595
2026-10-06T09:20:27.718383,2026-10-06T09:20:27.718383,s-sample-13,Sample Student 13,CYBR-2000,answer,c5,c5-lane-bad-port,Gate Duty: bad port packets,ALLOW,BLOCK,0,13470,0,605
2026-10-06T09:20:45.200701,2026-10-06T09:20:45.200701,s-sample-13,Sample Student 13,CYBR-2000,answer,c5,c5-lane-bad-port,Gate Duty: bad port packets,BLOCK,BLOCK,1,17482,20,605
2026-10-06T09:21:01.840517,2026-10-06T09:21:01.840517,s-sample-13,Sample Student 13,CYBR-2000,answer,c5,c5-lane-blocklist,Gate Duty: blocklist packets,BLOCK,BLOCK,1,16639,15,625
2026-10-06T09:21:13.892800,2026-10-06T09:21:13.892800,s-sample-13,Sample Student 13,CYBR-2000,answer,c5,c5-lane-blocklist,Gate Duty: blocklist packets,BLOCK,BLOCK,1,12052,10,640
2026-10-06T09:21:22.754233,2026-10-06T09:21:22.754233,s-sample-13,Sample Student 13,CYBR-2000,answer,c5,c5-lane-blocklist,Gate Duty: blocklist packets,ALLOW,BLOCK,0,8861,0,650
2026-10-06T09:21:33.978135,2026-10-06T09:21:33.978135,s-sample-13,Sample Student 13,CYBR-2000,answer,c5,c5-lane-blocklist,Gate Duty: blocklist packets,BLOCK,BLOCK,1,11223,10,650
2026-10-06T09:21:48.314960,2026-10-06T09:21:48.314960,s-sample-13,Sample Student 13,CYBR-2000,answer,c5,c5-lane-blocklist,Gate Duty: blocklist packets,BLOCK,BLOCK,1,14336,10,660
2026-10-06T09:22:08.314960,2026-10-06T09:22:08.314960,s-sample-13,Sample Student 13,CYBR-2000,chapter_complete,c5,c5-done,c5,1 stars,,62,343537,175,695
2026-10-06T09:22:50.980440,2026-10-06T09:22:50.980440,s-sample-13,Sample Student 13,CYBR-2000,lesson,c6,c6-l1,lesson,,,,42665,5,695
2026-10-06T09:23:16.840570,2026-10-06T09:23:16.840570,s-sample-13,Sample Student 13,CYBR-2000,lesson,c6,c6-l2,lesson,,,,25860,5,695
2026-10-06T09:23:25.333156,2026-10-06T09:23:25.333156,s-sample-13,Sample Student 13,CYBR-2000,check,c6,c6-check,"Where should ""Block everything"" go?",At the bottom,At the bottom,1,8492,15,705
2026-10-06T09:23:38.874936,2026-10-06T09:23:38.874936,s-sample-13,Sample Student 13,CYBR-2000,answer,c6,c6-o1-try1,Let website visitors in. Keep everything else out.,all tests pass,all tests pass,1,13541,15,720
2026-10-06T09:23:48.272175,2026-10-06T09:23:48.272175,s-sample-13,Sample Student 13,CYBR-2000,answer,c6,c6-o2-try1,"Let website visitors in, except the known bad IP 203.0.113.66.",all tests pass,all tests pass,1,9397,15,735
2026-10-06T09:23:55.127819,2026-10-06T09:23:55.127819,s-sample-13,Sample Student 13,CYBR-2000,answer,c6,c6-o3-try1,Only the IT laptop (10.0.5.20) may use remote login on port 22. Websites stay open to all.,other answer,all tests pass,0,6855,0,750
2026-10-06T09:24:15.127819,2026-10-06T09:24:15.127819,s-sample-13,Sample Student 13,CYBR-2000,chapter_complete,c6,c6-done,c6,2 stars,,75,398106,80,775
2026-10-06T09:25:08.286348,2026-10-06T09:25:08.286348,s-sample-13,Sample Student 13,CYBR-2000,lesson,c7,c7-l1,lesson,,,,53158,5,775
2026-10-06T09:25:41.678329,2026-10-06T09:25:41.678329,s-sample-13,Sample Student 13,CYBR-2000,lesson,c7,c7-l2,lesson,,,,33391,5,775
2026-10-06T09:26:27.843736,2026-10-06T09:26:27.843736,s-sample-13,Sample Student 13,CYBR-2000,lesson,c7,c7-l3,lesson,,,,46165,5,775
2026-10-06T09:26:41.885953,2026-10-06T09:26:41.885953,s-sample-13,Sample Student 13,CYBR-2000,check,c7,c7-check,What does an IDS do when it finds an attack?,Raises an alert,Raises an alert,1,14042,15,790
2026-10-06T09:26:49.923210,2026-10-06T09:26:49.923210,s-sample-13,Sample Student 13,CYBR-2000,answer,c7,c7-w1,Message: Search: ' OR 1=1 --,Alert,Alert,1,8037,20,805
2026-10-06T09:27:00.218415,2026-10-06T09:27:00.218415,s-sample-13,Sample Student 13,CYBR-2000,answer,c7,c7-w2,Message: Show me the school calendar,Normal,Normal,1,10295,10,825
2026-10-06T09:27:15.791462,2026-10-06T09:27:15.791462,s-sample-13,Sample Student 13,CYBR-2000,answer,c7,c7-w3,Message: Comment: <script>steal()</script>,Alert,Alert,1,15573,20,835
2026-10-06T09:27:28.221505,2026-10-06T09:27:28.221505,s-sample-13,Sample Student 13,CYBR-2000,answer,c7,c7-w4,Message: Search: script for the school play,Alert,Normal,0,12430,0,855
2026-10-06T09:27:45.948321,2026-10-06T09:27:45.948321,s-sample-13,Sample Student 13,CYBR-2000,answer,c7,c7-w5,Activity: A school laptop sends 5 GB to an unknown server at 3:12 AM,Alert,Alert,1,17726,10,855
2026-10-06T09:27:51.297979,2026-10-06T09:27:51.297979,s-sample-13,Sample Student 13,CYBR-2000,answer,c7,c7-w6,Activity: A student downloads a 20 MB PDF for class at 10 AM,Alert,Normal,0,5349,0,865
2026-10-06T09:28:06.894388,2026-10-06T09:28:06.894388,s-sample-13,Sample Student 13,CYBR-2000,answer,c7,c7-w7,Message: Get file: ../../secret/grades.txt,Alert,Alert,1,15596,20,865
2026-10-06T09:28:15.191651,2026-10-06T09:28:15.191651,s-sample-13,Sample Student 13,CYBR-2000,answer,c7,c7-w8,Activity: The same account fails to log in 50 times in one minute,Alert,Alert,1,8297,20,885
2026-10-06T09:28:35.191651,2026-10-06T09:28:35.191651,s-sample-13,Sample Student 13,CYBR-2000,chapter_complete,c7,c7-done,c7,2 stars,,78,222340,155,930
2026-10-06T09:29:24.370699,2026-10-06T09:29:24.370699,s-sample-13,Sample Student 13,CYBR-2000,lesson,c8,c8-l1,lesson,,,,49179,5,930
2026-10-06T09:30:21.865563,2026-10-06T09:30:21.865563,s-sample-13,Sample Student 13,CYBR-2000,lesson,c8,c8-l2,lesson,,,,57494,5,930
2026-10-06T09:30:26.465473,2026-10-06T09:30:26.465473,s-sample-13,Sample Student 13,CYBR-2000,lesson,c8,c8-l3,lesson,,,,4599,5,930
2026-10-06T09:30:32.473343,2026-10-06T09:30:32.473343,s-sample-13,Sample Student 13,CYBR-2000,check,c8,c8-check,The IPS blocks a student's real homework upload by mistake. This is a...,other answer,False positive,0,6007,0,945
2026-10-06T09:30:42.264301,2026-10-06T09:30:42.264301,s-sample-13,Sample Student 13,CYBR-2000,answer,c8,c8-lane-clean,Night Shift: clean packets,BLOCK,ALLOW,0,9790,0,945
2026-10-06T09:30:50.306701,2026-10-06T09:30:50.306701,s-sample-13,Sample Student 13,CYBR-2000,answer,c8,c8-lane-clean,Night Shift: clean packets,BLOCK,ALLOW,0,8042,0,945
2026-10-06T09:31:03.853380,2026-10-06T09:31:03.853380,s-sample-13,Sample Student 13,CYBR-2000,answer,c8,c8-lane-clean,Night Shift: clean packets,ALLOW,ALLOW,1,13546,15,945
2026-10-06T09:31:07.896890,2026-10-06T09:31:07.896890,s-sample-13,Sample Student 13,CYBR-2000,answer,c8,c8-lane-clean,Night Shift: clean packets,ALLOW,ALLOW,1,4043,20,960
2026-10-06T09:31:19.986415,2026-10-06T09:31:19.986415,s-sample-13,Sample Student 13,CYBR-2000,answer,c8,c8-lane-clean,Night Shift: clean packets,ALLOW,ALLOW,1,12089,15,980
2026-10-06T09:31:34.188979,2026-10-06T09:31:34.188979,s-sample-13,Sample Student 13,CYBR-2000,answer,c8,c8-lane-tricky-clean,Night Shift: tricky clean packets,ALLOW,ALLOW,1,14202,20,995
2026-10-06T09:31:49.926617,2026-10-06T09:31:49.926617,s-sample-13,Sample Student 13,CYBR-2000,answer,c8,c8-lane-tricky-clean,Night Shift: tricky clean packets,BLOCK,ALLOW,0,15737,0,1015
2026-10-06T09:32:03.328319,2026-10-06T09:32:03.328319,s-sample-13,Sample Student 13,CYBR-2000,answer,c8,c8-lane-tricky-clean,Night Shift: tricky clean packets,ALLOW,ALLOW,1,13401,10,1015
2026-10-06T09:32:19.905036,2026-10-06T09:32:19.905036,s-sample-13,Sample Student 13,CYBR-2000,answer,c8,c8-lane-tricky-clean,Night Shift: tricky clean packets,BLOCK,ALLOW,0,16576,0,1025
2026-10-06T09:32:34.307161,2026-10-06T09:32:34.307161,s-sample-13,Sample Student 13,CYBR-2000,answer,c8,c8-lane-tricky-clean,Night Shift: tricky clean packets,BLOCK,ALLOW,0,14402,0,1025
2026-10-06T09:32:47.390965,2026-10-06T09:32:47.390965,s-sample-13,Sample Student 13,CYBR-2000,answer,c8,c8-lane-signature,Night Shift: signature packets,ALLOW,BLOCK,0,13083,0,1025
2026-10-06T09:32:53.228868,2026-10-06T09:32:53.228868,s-sample-13,Sample Student 13,CYBR-2000,answer,c8,c8-lane-signature,Night Shift: signature packets,ALLOW,BLOCK,0,5837,0,1025
2026-10-06T09:33:07.081745,2026-10-06T09:33:07.081745,s-sample-13,Sample Student 13,CYBR-2000,answer,c8,c8-lane-signature,Night Shift: signature packets,ALLOW,BLOCK,0,13852,0,1025
2026-10-06T09:33:14.932828,2026-10-06T09:33:14.932828,s-sample-13,Sample Student 13,CYBR-2000,answer,c8,c8-lane-signature,Night Shift: signature packets,ALLOW,BLOCK,0,7851,0,1025
2026-10-06T09:33:27.379768,2026-10-06T09:33:27.379768,s-sample-13,Sample Student 13,CYBR-2000,answer,c8,c8-lane-signature,Night Shift: signature packets,BLOCK,BLOCK,1,12446,20,1025
2026-10-06T09:33:34.362914,2026-10-06T09:33:34.362914,s-sample-13,Sample Student 13,CYBR-2000,answer,c8,c8-lane-bad-port,Night Shift: bad port packets,BLOCK,BLOCK,1,6983,10,1045
2026-10-06T09:33:43.399298,2026-10-06T09:33:43.399298,s-sample-13,Sample Student 13,CYBR-2000,answer,c8,c8-lane-bad-port,Night Shift: bad port packets,BLOCK,BLOCK,1,9036,20,1055
2026-10-06T09:33:58.628860,2026-10-06T09:33:58.628860,s-sample-13,Sample Student 13,CYBR-2000,answer,c8,c8-lane-bad-port,Night Shift: bad port packets,ALLOW,BLOCK,0,15229,0,1075
2026-10-06T09:34:12.420965,2026-10-06T09:34:12.420965,s-sample-13,Sample Student 13,CYBR-2000,answer,c8,c8-lane-bad-port,Night Shift: bad port packets,BLOCK,BLOCK,1,13792,10,1075
2026-10-06T09:34:29.775713,2026-10-06T09:34:29.775713,s-sample-13,Sample Student 13,CYBR-2000,answer,c8,c8-lane-bad-port,Night Shift: bad port packets,BLOCK,BLOCK,1,17354,10,1085
2026-10-06T09:34:42.585091,2026-10-06T09:34:42.585091,s-sample-13,Sample Student 13,CYBR-2000,answer,c8,c8-lane-blocklist,Night Shift: blocklist packets,BLOCK,BLOCK,1,12809,10,1095
2026-10-06T09:34:53.632279,2026-10-06T09:34:53.632279,s-sample-13,Sample Student 13,CYBR-2000,answer,c8,c8-lane-blocklist,Night Shift: blocklist packets,BLOCK,BLOCK,1,11047,15,1105
2026-10-06T09:35:05.971659,2026-10-06T09:35:05.971659,s-sample-13,Sample Student 13,CYBR-2000,answer,c8,c8-lane-blocklist,Night Shift: blocklist packets,BLOCK,BLOCK,1,12339,10,1120
2026-10-06T09:35:21.555141,2026-10-06T09:35:21.555141,s-sample-13,Sample Student 13,CYBR-2000,answer,c8,c8-lane-blocklist,Night Shift: blocklist packets,BLOCK,BLOCK,1,15583,10,1130
2026-10-06T09:35:29.673234,2026-10-06T09:35:29.673234,s-sample-13,Sample Student 13,CYBR-2000,answer,c8,c8-lane-blocklist,Night Shift: blocklist packets,BLOCK,BLOCK,1,8118,15,1140
2026-10-06T09:35:49.673234,2026-10-06T09:35:49.673234,s-sample-13,Sample Student 13,CYBR-2000,chapter_complete,c8,c8-done,c8,1 stars,,58,411532,250,1180
2026-10-06T09:35:49.673234,2026-10-06T09:35:49.673234,s-sample-13,Sample Student 13,CYBR-2000,finish,,,,,,,,0,1180
2026-10-06T09:01:00,2026-10-06T09:01:00,s-sample-14,Sample Student 14,CYBR-2000,start,,,,avatar 0,,,,0,0
2026-10-06T09:01:27.042715,2026-10-06T09:01:27.042715,s-sample-14,Sample Student 14,CYBR-2000,lesson,c1,c1-l1,lesson,,,,27042,5,0
2026-10-06T09:01:32.190993,2026-10-06T09:01:32.190993,s-sample-14,Sample Student 14,CYBR-2000,lesson,c1,c1-l2,lesson,,,,5148,5,0
2026-10-06T09:02:01.551192,2026-10-06T09:02:01.551192,s-sample-14,Sample Student 14,CYBR-2000,lesson,c1,c1-l3,lesson,,,,29360,5,0
2026-10-06T09:02:06.804467,2026-10-06T09:02:06.804467,s-sample-14,Sample Student 14,CYBR-2000,check,c1,c1-check,Someone changes your grade from a C to an A without permission. Which part of CIA is broken?,Integrity,Integrity,1,5253,10,15
2026-10-06T09:02:17.973679,2026-10-06T09:02:17.973679,s-sample-14,Sample Student 14,CYBR-2000,answer,c1,c1-s1,A stranger reads your private messages.,Confidentiality,Confidentiality,1,11169,20,25
2026-10-06T09:02:31.307637,2026-10-06T09:02:31.307637,s-sample-14,Sample Student 14,CYBR-2000,answer,c1,c1-s2,A hacker changes the price of shoes on a store website to $1.,Integrity,Integrity,1,13333,10,45
2026-10-06T09:02:48.766404,2026-10-06T09:02:48.766404,s-sample-14,Sample Student 14,CYBR-2000,answer,c1,c1-s3,The school website crashes on the first day of class.,Availability,Availability,1,17458,15,55
2026-10-06T09:02:56.290967,2026-10-06T09:02:56.290967,s-sample-14,Sample Student 14,CYBR-2000,answer,c1,c1-s4,Your friend watches over your shoulder as you type your PIN.,Confidentiality,Confidentiality,1,7524,20,70
2026-10-06T09:03:02.163372,2026-10-06T09:03:02.163372,s-sample-14,Sample Student 14,CYBR-2000,answer,c1,c1-s5,A virus edits files so the numbers in them are wrong.,Integrity,Integrity,1,5872,15,90
2026-10-06T09:03:18.488808,2026-10-06T09:03:18.488808,s-sample-14,Sample Student 14,CYBR-2000,answer,c1,c1-s6,A storm knocks out power to the server room.,Confidentiality,Availability,0,16325,0,105
2026-10-06T09:03:25.159119,2026-10-06T09:03:25.159119,s-sample-14,Sample Student 14,CYBR-2000,answer,c1,c1-s7,"Thousands of fake visitors flood a game server, so real players cannot log in.",Confidentiality,Availability,0,6670,0,105
2026-10-06T09:03:30.725466,2026-10-06T09:03:30.725466,s-sample-14,Sample Student 14,CYBR-2000,answer,c1,c1-s8,Someone posts your password online.,Confidentiality,Confidentiality,1,5566,10,105
2026-10-06T09:03:50.725466,2026-10-06T09:03:50.725466,s-sample-14,Sample Student 14,CYBR-2000,chapter_complete,c1,c1-done,c1,2 stars,,78,247819,140,140
2026-10-06T09:04:39.637213,2026-10-06T09:04:39.637213,s-sample-14,Sample Student 14,CYBR-2000,lesson,c2,c2-l1,lesson,,,,48911,5,140
2026-10-06T09:05:30.827198,2026-10-06T09:05:30.827198,s-sample-14,Sample Student 14,CYBR-2000,lesson,c2,c2-l2,lesson,,,,51189,5,140
2026-10-06T09:06:20.560107,2026-10-06T09:06:20.560107,s-sample-14,Sample Student 14,CYBR-2000,lesson,c2,c2-l3,lesson,,,,49732,5,140
2026-10-06T09:06:37.836379,2026-10-06T09:06:37.836379,s-sample-14,Sample Student 14,CYBR-2000,check,c2,c2-check,Which one is MFA?,A password and a code sent to your phone,A password and a code sent to your phone,1,17276,20,155
2026-10-06T09:06:51.909554,2026-10-06T09:06:51.909554,s-sample-14,Sample Student 14,CYBR-2000,answer,c2,c2-p1,Which password is stronger?,blue-river-pizza-cloud,blue-river-pizza-cloud,1,14073,10,175
2026-10-06T09:07:01.760362,2026-10-06T09:07:01.760362,s-sample-14,Sample Student 14,CYBR-2000,answer,c2,c2-p2,Which password is stronger?,maple-guitar-orbit-sock,maple-guitar-orbit-sock,1,9850,20,185
2026-10-06T09:07:14.583005,2026-10-06T09:07:14.583005,s-sample-14,Sample Student 14,CYBR-2000,answer,c2,c2-p3,Which password is stronger?,other answer,correct-horse-lamp-yellow,0,12822,0,205
2026-10-06T09:07:23.558342,2026-10-06T09:07:23.558342,s-sample-14,Sample Student 14,CYBR-2000,answer,c2,c2-p4,Which habit is safer?,"A different password on every site, saved in a password manager","A different password on every site, saved in a password manager",1,8975,10,205
2026-10-06T09:07:31.977840,2026-10-06T09:07:31.977840,s-sample-14,Sample Student 14,CYBR-2000,answer,c2,c2-p5,Which password is stronger?,Qz8#mL2!vR9p,Qz8#mL2!vR9p,1,8419,15,215
2026-10-06T09:07:36.597222,2026-10-06T09:07:36.597222,s-sample-14,Sample Student 14,CYBR-2000,answer,c2,c2-q1,You get a text with a login code you did not ask for. What should you do?,Ignore the code and change your password,Ignore the code and change your password,1,4619,10,230
2026-10-06T09:07:46.491486,2026-10-06T09:07:46.491486,s-sample-14,Sample Student 14,CYBR-2000,answer,c2,c2-q2,A friend asks for your game password so they can level up your character. What do you do?,"Say no, and keep your password private","Say no, and keep your password private",1,9894,10,240
2026-10-06T09:08:06.491486,2026-10-06T09:08:06.491486,s-sample-14,Sample Student 14,CYBR-2000,chapter_complete,c2,c2-done,c2,2 stars,,88,373076,135,275
2026-10-06T09:08:11.311711,2026-10-06T09:08:11.311711,s-sample-14,Sample Student 14,CYBR-2000,lesson,c3,c3-l1,lesson,,,,4820,5,275
2026-10-06T09:08:15.767218,2026-10-06T09:08:15.767218,s-sample-14,Sample Student 14,CYBR-2000,lesson,c3,c3-l2,lesson,,,,4455,5,275
2026-10-06T09:08:22.414107,2026-10-06T09:08:22.414107,s-sample-14,Sample Student 14,CYBR-2000,lesson,c3,c3-l3,lesson,,,,6646,5,275
2026-10-06T09:08:33.810325,2026-10-06T09:08:33.810325,s-sample-14,Sample Student 14,CYBR-2000,check,c3,c3-check,Which is the biggest red flag?,The email asks you to type your password on a link,The email asks you to type your password on a link,1,11396,15,290
2026-10-06T09:08:40.740373,2026-10-06T09:08:40.740373,s-sample-14,Sample Student 14,CYBR-2000,answer,c3,c3-e1,Netflix: Account suspended! Update payment in 2 hours,Phish,Phish,1,6930,15,305
2026-10-06T09:08:57.865596,2026-10-06T09:08:57.865596,s-sample-14,Sample Student 14,CYBR-2000,answer,c3,c3-e2,Ms. Carter: Reminder: quiz moved to Friday,Safe,Safe,1,17125,10,320
2026-10-06T09:09:15.099972,2026-10-06T09:09:15.099972,s-sample-14,Sample Student 14,CYBR-2000,answer,c3,c3-e3,"Roblox Rewards: YOU WON 10,000 ROBUX!!!",Phish,Phish,1,17234,20,330
2026-10-06T09:09:29.353709,2026-10-06T09:09:29.353709,s-sample-14,Sample Student 14,CYBR-2000,answer,c3,c3-e4,"Principal Grant: Quick favor, keep it secret",Phish,Phish,1,14253,15,350
2026-10-06T09:09:45.902929,2026-10-06T09:09:45.902929,s-sample-14,Sample Student 14,CYBR-2000,answer,c3,c3-e5,USPS: Package on hold,Phish,Phish,1,16549,15,365
2026-10-06T09:09:50.083188,2026-10-06T09:09:50.083188,s-sample-14,Sample Student 14,CYBR-2000,answer,c3,c3-e6,Library: Your book is due Monday,Safe,Safe,1,4180,10,380
2026-10-06T09:10:10.083188,2026-10-06T09:10:10.083188,s-sample-14,Sample Student 14,CYBR-2000,chapter_complete,c3,c3-done,c3,3 stars,,100,354691,165,440
2026-10-06T09:10:15.208251,2026-10-06T09:10:15.208251,s-sample-14,Sample Student 14,CYBR-2000,lesson,c4,c4-l1,lesson,,,,5125,5,440
2026-10-06T09:10:57.433774,2026-10-06T09:10:57.433774,s-sample-14,Sample Student 14,CYBR-2000,lesson,c4,c4-l2,lesson,,,,42225,5,440
2026-10-06T09:11:25.895025,2026-10-06T09:11:25.895025,s-sample-14,Sample Student 14,CYBR-2000,lesson,c4,c4-l3,lesson,,,,28461,5,440
2026-10-06T09:11:36.678417,2026-10-06T09:11:36.678417,s-sample-14,Sample Student 14,CYBR-2000,check,c4,c4-check,A security camera is mainly a...,Detect control,Detect control,1,10783,20,455
2026-10-06T09:11:40.781130,2026-10-06T09:11:40.781130,s-sample-14,Sample Student 14,CYBR-2000,answer,c4,c4-s1,A lock on the server room door,Prevent,Prevent,1,4102,10,475
2026-10-06T09:11:50.137682,2026-10-06T09:11:50.137682,s-sample-14,Sample Student 14,CYBR-2000,answer,c4,c4-s2,A firewall that blocks bad traffic,Prevent,Prevent,1,9356,10,485
2026-10-06T09:12:06.424098,2026-10-06T09:12:06.424098,s-sample-14,Sample Student 14,CYBR-2000,answer,c4,c4-s3,Multi-factor authentication (MFA),Prevent,Prevent,1,16286,10,495
2026-10-06T09:12:18.432898,2026-10-06T09:12:18.432898,s-sample-14,Sample Student 14,CYBR-2000,answer,c4,c4-s4,A security camera in the hallway,Detect,Detect,1,12008,20,505
2026-10-06T09:12:35.229292,2026-10-06T09:12:35.229292,s-sample-14,Sample Student 14,CYBR-2000,answer,c4,c4-s5,An alert when someone logs in at 3 AM from another country,Fix,Detect,0,16796,0,525
2026-10-06T09:12:47.211535,2026-10-06T09:12:47.211535,s-sample-14,Sample Student 14,CYBR-2000,answer,c4,c4-s6,An intrusion detection system (IDS),Detect,Detect,1,11982,20,525
2026-10-06T09:12:57.800756,2026-10-06T09:12:57.800756,s-sample-14,Sample Student 14,CYBR-2000,answer,c4,c4-s7,Restoring files from last night's backup,Fix,Fix,1,10589,15,545
2026-10-06T09:13:13.867208,2026-10-06T09:13:13.867208,s-sample-14,Sample Student 14,CYBR-2000,answer,c4,c4-s8,Antivirus removing a virus it found,Fix,Fix,1,16066,10,560
2026-10-06T09:13:24.441124,2026-10-06T09:13:24.441124,s-sample-14,Sample Student 14,CYBR-2000,answer,c4,c4-s9,Rebuilding a laptop after ransomware,Fix,Fix,1,10573,15,570
2026-10-06T09:13:30.098602,2026-10-06T09:13:30.098602,s-sample-14,Sample Student 14,CYBR-2000,answer,c4,c4-k1,A tall fence around the data center,Physical,Physical,1,5657,15,585
2026-10-06T09:13:34.976986,2026-10-06T09:13:34.976986,s-sample-14,Sample Student 14,CYBR-2000,answer,c4,c4-k2,Encrypting files so only the owner can read them,Technical,Technical,1,4878,10,600
2026-10-06T09:13:51.425886,2026-10-06T09:13:51.425886,s-sample-14,Sample Student 14,CYBR-2000,answer,c4,c4-k3,"A school rule: ""Never share your password""",Administrative,Administrative,1,16448,10,610
2026-10-06T09:14:06.458632,2026-10-06T09:14:06.458632,s-sample-14,Sample Student 14,CYBR-2000,answer,c4,c4-k4,Training every student to spot phishing,Administrative,Administrative,1,15032,10,620
2026-10-06T09:14:26.458632,2026-10-06T09:14:26.458632,s-sample-14,Sample Student 14,CYBR-2000,chapter_complete,c4,c4-done,c4,3 stars,,93,332135,240,680
2026-10-06T09:14:32.425056,2026-10-06T09:14:32.425056,s-sample-14,Sample Student 14,CYBR-2000,lesson,c5,c5-l1,lesson,,,,5966,5,680
2026-10-06T09:14:38.635937,2026-10-06T09:14:38.635937,s-sample-14,Sample Student 14,CYBR-2000,lesson,c5,c5-l2,lesson,,,,6210,5,680
2026-10-06T09:14:45.400608,2026-10-06T09:14:45.400608,s-sample-14,Sample Student 14,CYBR-2000,lesson,c5,c5-l3,lesson,,,,6764,5,680
2026-10-06T09:14:58.341560,2026-10-06T09:14:58.341560,s-sample-14,Sample Student 14,CYBR-2000,check,c5,c5-check,"The firewall rule is ""Allow port 443 only."" A packet wants port 3389. What happens?",Blocked,Blocked,1,12940,15,695
2026-10-06T09:15:04.489333,2026-10-06T09:15:04.489333,s-sample-14,Sample Student 14,CYBR-2000,answer,c5,c5-lane-website-ok,Gate Duty: website ok packets,ALLOW,ALLOW,1,6147,10,710
2026-10-06T09:15:21.879986,2026-10-06T09:15:21.879986,s-sample-14,Sample Student 14,CYBR-2000,answer,c5,c5-lane-website-ok,Gate Duty: website ok packets,ALLOW,ALLOW,1,17390,20,720
2026-10-06T09:15:27.885529,2026-10-06T09:15:27.885529,s-sample-14,Sample Student 14,CYBR-2000,answer,c5,c5-lane-website-ok,Gate Duty: website ok packets,ALLOW,ALLOW,1,6005,20,740
2026-10-06T09:15:39.055300,2026-10-06T09:15:39.055300,s-sample-14,Sample Student 14,CYBR-2000,answer,c5,c5-lane-website-ok,Gate Duty: website ok packets,ALLOW,ALLOW,1,11169,10,760
2026-10-06T09:15:56.450491,2026-10-06T09:15:56.450491,s-sample-14,Sample Student 14,CYBR-2000,answer,c5,c5-lane-website-ok,Gate Duty: website ok packets,ALLOW,ALLOW,1,17395,15,770
2026-10-06T09:16:00.482166,2026-10-06T09:16:00.482166,s-sample-14,Sample Student 14,CYBR-2000,answer,c5,c5-lane-bad-port,Gate Duty: bad port packets,BLOCK,BLOCK,1,4031,10,785
2026-10-06T09:16:15.981103,2026-10-06T09:16:15.981103,s-sample-14,Sample Student 14,CYBR-2000,answer,c5,c5-lane-bad-port,Gate Duty: bad port packets,BLOCK,BLOCK,1,15498,20,795
2026-10-06T09:16:28.560396,2026-10-06T09:16:28.560396,s-sample-14,Sample Student 14,CYBR-2000,answer,c5,c5-lane-bad-port,Gate Duty: bad port packets,BLOCK,BLOCK,1,12579,20,815
2026-10-06T09:16:33.319722,2026-10-06T09:16:33.319722,s-sample-14,Sample Student 14,CYBR-2000,answer,c5,c5-lane-bad-port,Gate Duty: bad port packets,BLOCK,BLOCK,1,4759,20,835
2026-10-06T09:16:43.718864,2026-10-06T09:16:43.718864,s-sample-14,Sample Student 14,CYBR-2000,answer,c5,c5-lane-bad-port,Gate Duty: bad port packets,BLOCK,BLOCK,1,10399,20,855
2026-10-06T09:16:58.148813,2026-10-06T09:16:58.148813,s-sample-14,Sample Student 14,CYBR-2000,answer,c5,c5-lane-blocklist,Gate Duty: blocklist packets,BLOCK,BLOCK,1,14429,10,875
2026-10-06T09:17:09.246933,2026-10-06T09:17:09.246933,s-sample-14,Sample Student 14,CYBR-2000,answer,c5,c5-lane-blocklist,Gate Duty: blocklist packets,BLOCK,BLOCK,1,11098,15,885
2026-10-06T09:17:23.160751,2026-10-06T09:17:23.160751,s-sample-14,Sample Student 14,CYBR-2000,answer,c5,c5-lane-blocklist,Gate Duty: blocklist packets,BLOCK,BLOCK,1,13913,20,900
2026-10-06T09:17:33.167421,2026-10-06T09:17:33.167421,s-sample-14,Sample Student 14,CYBR-2000,answer,c5,c5-lane-blocklist,Gate Duty: blocklist packets,BLOCK,BLOCK,1,10006,10,920
2026-10-06T09:17:38.376359,2026-10-06T09:17:38.376359,s-sample-14,Sample Student 14,CYBR-2000,answer,c5,c5-lane-blocklist,Gate Duty: blocklist packets,ALLOW,BLOCK,0,5208,0,930
2026-10-06T09:17:58.376359,2026-10-06T09:17:58.376359,s-sample-14,Sample Student 14,CYBR-2000,chapter_complete,c5,c5-done,c5,3 stars,,94,304720,300,980
2026-10-06T09:18:04.086965,2026-10-06T09:18:04.086965,s-sample-14,Sample Student 14,CYBR-2000,lesson,c6,c6-l1,lesson,,,,5710,5,980
2026-10-06T09:18:33.594905,2026-10-06T09:18:33.594905,s-sample-14,Sample Student 14,CYBR-2000,lesson,c6,c6-l2,lesson,,,,29507,5,980
2026-10-06T09:18:46.084886,2026-10-06T09:18:46.084886,s-sample-14,Sample Student 14,CYBR-2000,check,c6,c6-check,"Where should ""Block everything"" go?",At the bottom,At the bottom,1,12489,15,990
2026-10-06T09:18:50.182100,2026-10-06T09:18:50.182100,s-sample-14,Sample Student 14,CYBR-2000,answer,c6,c6-o1-try1,Let website visitors in. Keep everything else out.,all tests pass,all tests pass,1,4097,10,1005
2026-10-06T09:19:03.742376,2026-10-06T09:19:03.742376,s-sample-14,Sample Student 14,CYBR-2000,answer,c6,c6-o2-try1,"Let website visitors in, except the known bad IP 203.0.113.66.",all tests pass,all tests pass,1,13560,20,1015
2026-10-06T09:19:13.137623,2026-10-06T09:19:13.137623,s-sample-14,Sample Student 14,CYBR-2000,answer,c6,c6-o3-try1,Only the IT laptop (10.0.5.20) may use remote login on port 22. Websites stay open to all.,all tests pass,all tests pass,1,9395,15,1035
2026-10-06T09:19:33.137623,2026-10-06T09:19:33.137623,s-sample-14,Sample Student 14,CYBR-2000,chapter_complete,c6,c6-done,c6,3 stars,,100,401710,120,1100
2026-10-06T09:19:38.435671,2026-10-06T09:19:38.435671,s-sample-14,Sample Student 14,CYBR-2000,lesson,c7,c7-l1,lesson,,,,5298,5,1100
2026-10-06T09:19:45.087154,2026-10-06T09:19:45.087154,s-sample-14,Sample Student 14,CYBR-2000,lesson,c7,c7-l2,lesson,,,,6651,5,1100
2026-10-06T09:19:50.767646,2026-10-06T09:19:50.767646,s-sample-14,Sample Student 14,CYBR-2000,lesson,c7,c7-l3,lesson,,,,5680,5,1100
2026-10-06T09:20:07.966095,2026-10-06T09:20:07.966095,s-sample-14,Sample Student 14,CYBR-2000,check,c7,c7-check,What does an IDS do when it finds an attack?,Raises an alert,Raises an alert,1,17198,15,1115
2026-10-06T09:20:13.844051,2026-10-06T09:20:13.844051,s-sample-14,Sample Student 14,CYBR-2000,answer,c7,c7-w1,Message: Search: ' OR 1=1 --,Alert,Alert,1,5877,15,1130
2026-10-06T09:20:18.240998,2026-10-06T09:20:18.240998,s-sample-14,Sample Student 14,CYBR-2000,answer,c7,c7-w2,Message: Show me the school calendar,Normal,Normal,1,4396,15,1145
2026-10-06T09:20:28.441312,2026-10-06T09:20:28.441312,s-sample-14,Sample Student 14,CYBR-2000,answer,c7,c7-w3,Message: Comment: <script>steal()</script>,Alert,Alert,1,10200,20,1160
2026-10-06T09:20:39.067705,2026-10-06T09:20:39.067705,s-sample-14,Sample Student 14,CYBR-2000,answer,c7,c7-w4,Message: Search: script for the school play,Alert,Normal,0,10626,0,1180
2026-10-06T09:20:53.614105,2026-10-06T09:20:53.614105,s-sample-14,Sample Student 14,CYBR-2000,answer,c7,c7-w5,Activity: A school laptop sends 5 GB to an unknown server at 3:12 AM,Alert,Alert,1,14546,15,1180
2026-10-06T09:21:01.110569,2026-10-06T09:21:01.110569,s-sample-14,Sample Student 14,CYBR-2000,answer,c7,c7-w6,Activity: A student downloads a 20 MB PDF for class at 10 AM,Normal,Normal,1,7496,15,1195
2026-10-06T09:21:09.880548,2026-10-06T09:21:09.880548,s-sample-14,Sample Student 14,CYBR-2000,answer,c7,c7-w7,Message: Get file: ../../secret/grades.txt,Alert,Alert,1,8769,20,1210
2026-10-06T09:21:26.773195,2026-10-06T09:21:26.773195,s-sample-14,Sample Student 14,CYBR-2000,answer,c7,c7-w8,Activity: The same account fails to log in 50 times in one minute,Alert,Alert,1,16892,15,1230
2026-10-06T09:21:46.773195,2026-10-06T09:21:46.773195,s-sample-14,Sample Student 14,CYBR-2000,chapter_complete,c7,c7-done,c7,2 stars,,89,180415,170,1270
2026-10-06T09:21:52.857210,2026-10-06T09:21:52.857210,s-sample-14,Sample Student 14,CYBR-2000,lesson,c8,c8-l1,lesson,,,,6084,5,1270
2026-10-06T09:22:15.261080,2026-10-06T09:22:15.261080,s-sample-14,Sample Student 14,CYBR-2000,lesson,c8,c8-l2,lesson,,,,22403,5,1270
2026-10-06T09:22:19.961083,2026-10-06T09:22:19.961083,s-sample-14,Sample Student 14,CYBR-2000,lesson,c8,c8-l3,lesson,,,,4700,5,1270
2026-10-06T09:22:26.216678,2026-10-06T09:22:26.216678,s-sample-14,Sample Student 14,CYBR-2000,check,c8,c8-check,The IPS blocks a student's real homework upload by mistake. This is a...,False positive,False positive,1,6255,20,1285
2026-10-06T09:22:39.505516,2026-10-06T09:22:39.505516,s-sample-14,Sample Student 14,CYBR-2000,answer,c8,c8-lane-clean,Night Shift: clean packets,ALLOW,ALLOW,1,13288,10,1305
2026-10-06T09:22:49.210566,2026-10-06T09:22:49.210566,s-sample-14,Sample Student 14,CYBR-2000,answer,c8,c8-lane-clean,Night Shift: clean packets,ALLOW,ALLOW,1,9705,20,1315
2026-10-06T09:23:06.754642,2026-10-06T09:23:06.754642,s-sample-14,Sample Student 14,CYBR-2000,answer,c8,c8-lane-clean,Night Shift: clean packets,ALLOW,ALLOW,1,17544,10,1335
2026-10-06T09:23:13.807482,2026-10-06T09:23:13.807482,s-sample-14,Sample Student 14,CYBR-2000,answer,c8,c8-lane-clean,Night Shift: clean packets,ALLOW,ALLOW,1,7052,10,1345
2026-10-06T09:23:23.846917,2026-10-06T09:23:23.846917,s-sample-14,Sample Student 14,CYBR-2000,answer,c8,c8-lane-clean,Night Shift: clean packets,ALLOW,ALLOW,1,10039,10,1355
2026-10-06T09:23:30.314817,2026-10-06T09:23:30.314817,s-sample-14,Sample Student 14,CYBR-2000,answer,c8,c8-lane-tricky-clean,Night Shift: tricky clean packets,BLOCK,ALLOW,0,6467,0,1365
2026-10-06T09:23:43.931122,2026-10-06T09:23:43.931122,s-sample-14,Sample Student 14,CYBR-2000,answer,c8,c8-lane-tricky-clean,Night Shift: tricky clean packets,BLOCK,ALLOW,0,13616,0,1365
2026-10-06T09:23:58.375481,2026-10-06T09:23:58.375481,s-sample-14,Sample Student 14,CYBR-2000,answer,c8,c8-lane-tricky-clean,Night Shift: tricky clean packets,BLOCK,ALLOW,0,14444,0,1365
2026-10-06T09:24:05.854337,2026-10-06T09:24:05.854337,s-sample-14,Sample Student 14,CYBR-2000,answer,c8,c8-lane-tricky-clean,Night Shift: tricky clean packets,BLOCK,ALLOW,0,7478,0,1365
2026-10-06T09:24:10.241809,2026-10-06T09:24:10.241809,s-sample-14,Sample Student 14,CYBR-2000,answer,c8,c8-lane-tricky-clean,Night Shift: tricky clean packets,ALLOW,ALLOW,1,4387,20,1365
2026-10-06T09:24:23.217733,2026-10-06T09:24:23.217733,s-sample-14,Sample Student 14,CYBR-2000,answer,c8,c8-lane-signature,Night Shift: signature packets,ALLOW,BLOCK,0,12975,0,1385
2026-10-06T09:24:36.401173,2026-10-06T09:24:36.401173,s-sample-14,Sample Student 14,CYBR-2000,answer,c8,c8-lane-signature,Night Shift: signature packets,ALLOW,BLOCK,0,13183,0,1385
2026-10-06T09:24:42.389472,2026-10-06T09:24:42.389472,s-sample-14,Sample Student 14,CYBR-2000,answer,c8,c8-lane-signature,Night Shift: signature packets,ALLOW,BLOCK,0,5988,0,1385
2026-10-06T09:24:47.340519,2026-10-06T09:24:47.340519,s-sample-14,Sample Student 14,CYBR-2000,answer,c8,c8-lane-signature,Night Shift: signature packets,BLOCK,BLOCK,1,4951,15,1385
2026-10-06T09:24:52.235697,2026-10-06T09:24:52.235697,s-sample-14,Sample Student 14,CYBR-2000,answer,c8,c8-lane-signature,Night Shift: signature packets,BLOCK,BLOCK,1,4895,10,1400
2026-10-06T09:24:57.263983,2026-10-06T09:24:57.263983,s-sample-14,Sample Student 14,CYBR-2000,answer,c8,c8-lane-bad-port,Night Shift: bad port packets,BLOCK,BLOCK,1,5028,10,1410
2026-10-06T09:25:02.844060,2026-10-06T09:25:02.844060,s-sample-14,Sample Student 14,CYBR-2000,answer,c8,c8-lane-bad-port,Night Shift: bad port packets,BLOCK,BLOCK,1,5580,15,1420
2026-10-06T09:25:13.987903,2026-10-06T09:25:13.987903,s-sample-14,Sample Student 14,CYBR-2000,answer,c8,c8-lane-bad-port,Night Shift: bad port packets,BLOCK,BLOCK,1,11143,15,1435
2026-10-06T09:25:24.288322,2026-10-06T09:25:24.288322,s-sample-14,Sample Student 14,CYBR-2000,answer,c8,c8-lane-bad-port,Night Shift: bad port packets,BLOCK,BLOCK,1,10300,10,1450
2026-10-06T09:25:33.815264,2026-10-06T09:25:33.815264,s-sample-14,Sample Student 14,CYBR-2000,answer,c8,c8-lane-bad-port,Night Shift: bad port packets,BLOCK,BLOCK,1,9526,20,1460
2026-10-06T09:25:44.044255,2026-10-06T09:25:44.044255,s-sample-14,Sample Student 14,CYBR-2000,answer,c8,c8-lane-blocklist,Night Shift: blocklist packets,BLOCK,BLOCK,1,10228,20,1480
2026-10-06T09:26:00.102562,2026-10-06T09:26:00.102562,s-sample-14,Sample Student 14,CYBR-2000,answer,c8,c8-lane-blocklist,Night Shift: blocklist packets,BLOCK,BLOCK,1,16058,15,1500
2026-10-06T09:26:15.754569,2026-10-06T09:26:15.754569,s-sample-14,Sample Student 14,CYBR-2000,answer,c8,c8-lane-blocklist,Night Shift: blocklist packets,BLOCK,BLOCK,1,15652,10,1515
2026-10-06T09:26:30.737545,2026-10-06T09:26:30.737545,s-sample-14,Sample Student 14,CYBR-2000,answer,c8,c8-lane-blocklist,Night Shift: blocklist packets,BLOCK,BLOCK,1,14982,10,1525
2026-10-06T09:26:45.977747,2026-10-06T09:26:45.977747,s-sample-14,Sample Student 14,CYBR-2000,answer,c8,c8-lane-blocklist,Night Shift: blocklist packets,BLOCK,BLOCK,1,15240,20,1535
2026-10-06T09:27:05.977747,2026-10-06T09:27:05.977747,s-sample-14,Sample Student 14,CYBR-2000,chapter_complete,c8,c8-done,c8,2 stars,,73,260530,310,1580
2026-10-06T09:27:05.977747,2026-10-06T09:27:05.977747,s-sample-14,Sample Student 14,CYBR-2000,finish,,,,,,,,0,1580
2026-10-06T09:01:00,2026-10-06T09:01:00,s-sample-15,Sample Student 15,CYBR-2000,start,,,,avatar 0,,,,0,0
2026-10-06T09:01:39.561001,2026-10-06T09:01:39.561001,s-sample-15,Sample Student 15,CYBR-2000,lesson,c1,c1-l1,lesson,,,,39561,5,0
2026-10-06T09:01:44.908929,2026-10-06T09:01:44.908929,s-sample-15,Sample Student 15,CYBR-2000,lesson,c1,c1-l2,lesson,,,,5347,5,0
2026-10-06T09:02:38.057396,2026-10-06T09:02:38.057396,s-sample-15,Sample Student 15,CYBR-2000,lesson,c1,c1-l3,lesson,,,,53148,5,0
2026-10-06T09:02:50.032047,2026-10-06T09:02:50.032047,s-sample-15,Sample Student 15,CYBR-2000,check,c1,c1-check,Someone changes your grade from a C to an A without permission. Which part of CIA is broken?,Integrity,Integrity,1,11974,10,15
2026-10-06T09:02:58.174437,2026-10-06T09:02:58.174437,s-sample-15,Sample Student 15,CYBR-2000,answer,c1,c1-s1,A stranger reads your private messages.,Confidentiality,Confidentiality,1,8142,15,25
2026-10-06T09:03:03.995414,2026-10-06T09:03:03.995414,s-sample-15,Sample Student 15,CYBR-2000,answer,c1,c1-s2,A hacker changes the price of shoes on a store website to $1.,Integrity,Integrity,1,5820,15,40
2026-10-06T09:03:18.112394,2026-10-06T09:03:18.112394,s-sample-15,Sample Student 15,CYBR-2000,answer,c1,c1-s3,The school website crashes on the first day of class.,Availability,Availability,1,14116,10,55
2026-10-06T09:03:32.432907,2026-10-06T09:03:32.432907,s-sample-15,Sample Student 15,CYBR-2000,answer,c1,c1-s4,Your friend watches over your shoulder as you type your PIN.,Confidentiality,Confidentiality,1,14320,15,65
2026-10-06T09:03:43.755601,2026-10-06T09:03:43.755601,s-sample-15,Sample Student 15,CYBR-2000,answer,c1,c1-s5,A virus edits files so the numbers in them are wrong.,Integrity,Integrity,1,11322,10,80
2026-10-06T09:04:00.484950,2026-10-06T09:04:00.484950,s-sample-15,Sample Student 15,CYBR-2000,answer,c1,c1-s6,A storm knocks out power to the server room.,Availability,Availability,1,16729,10,90
2026-10-06T09:04:09.815771,2026-10-06T09:04:09.815771,s-sample-15,Sample Student 15,CYBR-2000,answer,c1,c1-s7,"Thousands of fake visitors flood a game server, so real players cannot log in.",Availability,Availability,1,9330,10,100
2026-10-06T09:04:16.530781,2026-10-06T09:04:16.530781,s-sample-15,Sample Student 15,CYBR-2000,answer,c1,c1-s8,Someone posts your password online.,Confidentiality,Confidentiality,1,6715,10,110
2026-10-06T09:04:36.530781,2026-10-06T09:04:36.530781,s-sample-15,Sample Student 15,CYBR-2000,chapter_complete,c1,c1-done,c1,3 stars,,100,363034,170,170
2026-10-06T09:05:04.647536,2026-10-06T09:05:04.647536,s-sample-15,Sample Student 15,CYBR-2000,lesson,c2,c2-l1,lesson,,,,28116,5,170
2026-10-06T09:05:24.771495,2026-10-06T09:05:24.771495,s-sample-15,Sample Student 15,CYBR-2000,lesson,c2,c2-l2,lesson,,,,20123,5,170
2026-10-06T09:05:28.710748,2026-10-06T09:05:28.710748,s-sample-15,Sample Student 15,CYBR-2000,lesson,c2,c2-l3,lesson,,,,3939,5,170
2026-10-06T09:05:40.484927,2026-10-06T09:05:40.484927,s-sample-15,Sample Student 15,CYBR-2000,check,c2,c2-check,Which one is MFA?,A password and a code sent to your phone,A password and a code sent to your phone,1,11774,15,185
2026-10-06T09:05:46.133692,2026-10-06T09:05:46.133692,s-sample-15,Sample Student 15,CYBR-2000,answer,c2,c2-p1,Which password is stronger?,blue-river-pizza-cloud,blue-river-pizza-cloud,1,5648,15,200
2026-10-06T09:06:02.871543,2026-10-06T09:06:02.871543,s-sample-15,Sample Student 15,CYBR-2000,answer,c2,c2-p2,Which password is stronger?,maple-guitar-orbit-sock,maple-guitar-orbit-sock,1,16737,15,215
2026-10-06T09:06:08.527890,2026-10-06T09:06:08.527890,s-sample-15,Sample Student 15,CYBR-2000,answer,c2,c2-p3,Which password is stronger?,correct-horse-lamp-yellow,correct-horse-lamp-yellow,1,5656,10,230
2026-10-06T09:06:18.742741,2026-10-06T09:06:18.742741,s-sample-15,Sample Student 15,CYBR-2000,answer,c2,c2-p4,Which habit is safer?,"A different password on every site, saved in a password manager","A different password on every site, saved in a password manager",1,10214,10,240
2026-10-06T09:06:30.509771,2026-10-06T09:06:30.509771,s-sample-15,Sample Student 15,CYBR-2000,answer,c2,c2-p5,Which password is stronger?,Qz8#mL2!vR9p,Qz8#mL2!vR9p,1,11767,10,250
2026-10-06T09:06:41.285307,2026-10-06T09:06:41.285307,s-sample-15,Sample Student 15,CYBR-2000,answer,c2,c2-q1,You get a text with a login code you did not ask for. What should you do?,Ignore the code and change your password,Ignore the code and change your password,1,10775,10,260
2026-10-06T09:06:57.468331,2026-10-06T09:06:57.468331,s-sample-15,Sample Student 15,CYBR-2000,answer,c2,c2-q2,A friend asks for your game password so they can level up your character. What do you do?,"Say no, and keep your password private","Say no, and keep your password private",1,16183,15,270
2026-10-06T09:07:17.468331,2026-10-06T09:07:17.468331,s-sample-15,Sample Student 15,CYBR-2000,chapter_complete,c2,c2-done,c2,3 stars,,100,206411,165,335
2026-10-06T09:07:24.243106,2026-10-06T09:07:24.243106,s-sample-15,Sample Student 15,CYBR-2000,lesson,c3,c3-l1,lesson,,,,6774,5,335
2026-10-06T09:07:55.526538,2026-10-06T09:07:55.526538,s-sample-15,Sample Student 15,CYBR-2000,lesson,c3,c3-l2,lesson,,,,31283,5,335
2026-10-06T09:08:27.049902,2026-10-06T09:08:27.049902,s-sample-15,Sample Student 15,CYBR-2000,lesson,c3,c3-l3,lesson,,,,31523,5,335
2026-10-06T09:08:42.344183,2026-10-06T09:08:42.344183,s-sample-15,Sample Student 15,CYBR-2000,check,c3,c3-check,Which is the biggest red flag?,The email asks you to type your password on a link,The email asks you to type your password on a link,1,15294,20,350
2026-10-06T09:08:49.218846,2026-10-06T09:08:49.218846,s-sample-15,Sample Student 15,CYBR-2000,answer,c3,c3-e1,Netflix: Account suspended! Update payment in 2 hours,Phish,Phish,1,6874,20,370
2026-10-06T09:08:54.172888,2026-10-06T09:08:54.172888,s-sample-15,Sample Student 15,CYBR-2000,answer,c3,c3-e2,Ms. Carter: Reminder: quiz moved to Friday,Safe,Safe,1,4954,20,390
2026-10-06T09:09:04.915014,2026-10-06T09:09:04.915014,s-sample-15,Sample Student 15,CYBR-2000,answer,c3,c3-e3,"Roblox Rewards: YOU WON 10,000 ROBUX!!!",Safe,Phish,0,10742,0,410
2026-10-06T09:09:09.067331,2026-10-06T09:09:09.067331,s-sample-15,Sample Student 15,CYBR-2000,answer,c3,c3-e4,"Principal Grant: Quick favor, keep it secret",Phish,Phish,1,4152,20,410
2026-10-06T09:09:25.704662,2026-10-06T09:09:25.704662,s-sample-15,Sample Student 15,CYBR-2000,answer,c3,c3-e5,USPS: Package on hold,Phish,Phish,1,16637,20,430
2026-10-06T09:09:40.071064,2026-10-06T09:09:40.071064,s-sample-15,Sample Student 15,CYBR-2000,answer,c3,c3-e6,Library: Your book is due Monday,Safe,Safe,1,14366,20,450
2026-10-06T09:10:00.071064,2026-10-06T09:10:00.071064,s-sample-15,Sample Student 15,CYBR-2000,chapter_complete,c3,c3-done,c3,2 stars,,86,335622,160,495
2026-10-06T09:10:45.978029,2026-10-06T09:10:45.978029,s-sample-15,Sample Student 15,CYBR-2000,lesson,c4,c4-l1,lesson,,,,45906,5,495
2026-10-06T09:11:29.617484,2026-10-06T09:11:29.617484,s-sample-15,Sample Student 15,CYBR-2000,lesson,c4,c4-l2,lesson,,,,43639,5,495
2026-10-06T09:12:06.028912,2026-10-06T09:12:06.028912,s-sample-15,Sample Student 15,CYBR-2000,lesson,c4,c4-l3,lesson,,,,36411,5,495
2026-10-06T09:12:13.205368,2026-10-06T09:12:13.205368,s-sample-15,Sample Student 15,CYBR-2000,check,c4,c4-check,A security camera is mainly a...,Detect control,Detect control,1,7176,20,510
2026-10-06T09:12:27.338201,2026-10-06T09:12:27.338201,s-sample-15,Sample Student 15,CYBR-2000,answer,c4,c4-s1,A lock on the server room door,Prevent,Prevent,1,14132,15,530
2026-10-06T09:12:31.840920,2026-10-06T09:12:31.840920,s-sample-15,Sample Student 15,CYBR-2000,answer,c4,c4-s2,A firewall that blocks bad traffic,Prevent,Prevent,1,4502,15,545
2026-10-06T09:12:47.590636,2026-10-06T09:12:47.590636,s-sample-15,Sample Student 15,CYBR-2000,answer,c4,c4-s3,Multi-factor authentication (MFA),Prevent,Prevent,1,15749,15,560
2026-10-06T09:12:59.756877,2026-10-06T09:12:59.756877,s-sample-15,Sample Student 15,CYBR-2000,answer,c4,c4-s4,A security camera in the hallway,Detect,Detect,1,12166,10,575
2026-10-06T09:13:13.264558,2026-10-06T09:13:13.264558,s-sample-15,Sample Student 15,CYBR-2000,answer,c4,c4-s5,An alert when someone logs in at 3 AM from another country,Detect,Detect,1,13507,10,585
2026-10-06T09:13:24.043496,2026-10-06T09:13:24.043496,s-sample-15,Sample Student 15,CYBR-2000,answer,c4,c4-s6,An intrusion detection system (IDS),Detect,Detect,1,10778,10,595
2026-10-06T09:13:35.206637,2026-10-06T09:13:35.206637,s-sample-15,Sample Student 15,CYBR-2000,answer,c4,c4-s7,Restoring files from last night's backup,Fix,Fix,1,11163,20,605
2026-10-06T09:13:53.092574,2026-10-06T09:13:53.092574,s-sample-15,Sample Student 15,CYBR-2000,answer,c4,c4-s8,Antivirus removing a virus it found,Fix,Fix,1,17885,20,625
2026-10-06T09:13:59.786217,2026-10-06T09:13:59.786217,s-sample-15,Sample Student 15,CYBR-2000,answer,c4,c4-s9,Rebuilding a laptop after ransomware,Fix,Fix,1,6693,15,645
2026-10-06T09:14:17.780362,2026-10-06T09:14:17.780362,s-sample-15,Sample Student 15,CYBR-2000,answer,c4,c4-k1,A tall fence around the data center,Physical,Physical,1,17994,15,660
2026-10-06T09:14:35.429474,2026-10-06T09:14:35.429474,s-sample-15,Sample Student 15,CYBR-2000,answer,c4,c4-k2,Encrypting files so only the owner can read them,Technical,Technical,1,17649,15,675
2026-10-06T09:14:41.914591,2026-10-06T09:14:41.914591,s-sample-15,Sample Student 15,CYBR-2000,answer,c4,c4-k3,"A school rule: ""Never share your password""",Administrative,Administrative,1,6485,15,690
2026-10-06T09:14:46.235957,2026-10-06T09:14:46.235957,s-sample-15,Sample Student 15,CYBR-2000,answer,c4,c4-k4,Training every student to spot phishing,other answer,Administrative,0,4321,0,705
2026-10-06T09:15:06.235957,2026-10-06T09:15:06.235957,s-sample-15,Sample Student 15,CYBR-2000,chapter_complete,c4,c4-done,c4,3 stars,,93,269747,260,755
2026-10-06T09:15:26.239904,2026-10-06T09:15:26.239904,s-sample-15,Sample Student 15,CYBR-2000,lesson,c5,c5-l1,lesson,,,,20003,5,755
2026-10-06T09:15:58.116532,2026-10-06T09:15:58.116532,s-sample-15,Sample Student 15,CYBR-2000,lesson,c5,c5-l2,lesson,,,,31876,5,755
2026-10-06T09:16:03.963466,2026-10-06T09:16:03.963466,s-sample-15,Sample Student 15,CYBR-2000,lesson,c5,c5-l3,lesson,,,,5846,5,755
2026-10-06T09:16:13.787832,2026-10-06T09:16:13.787832,s-sample-15,Sample Student 15,CYBR-2000,check,c5,c5-check,"The firewall rule is ""Allow port 443 only."" A packet wants port 3389. What happens?",Blocked,Blocked,1,9824,10,770
2026-10-06T09:16:19.681503,2026-10-06T09:16:19.681503,s-sample-15,Sample Student 15,CYBR-2000,answer,c5,c5-lane-website-ok,Gate Duty: website ok packets,BLOCK,ALLOW,0,5893,0,780
2026-10-06T09:16:34.227436,2026-10-06T09:16:34.227436,s-sample-15,Sample Student 15,CYBR-2000,answer,c5,c5-lane-website-ok,Gate Duty: website ok packets,ALLOW,ALLOW,1,14545,10,780
2026-10-06T09:16:40.572458,2026-10-06T09:16:40.572458,s-sample-15,Sample Student 15,CYBR-2000,answer,c5,c5-lane-website-ok,Gate Duty: website ok packets,ALLOW,ALLOW,1,6345,20,790
2026-10-06T09:16:55.632683,2026-10-06T09:16:55.632683,s-sample-15,Sample Student 15,CYBR-2000,answer,c5,c5-lane-website-ok,Gate Duty: website ok packets,ALLOW,ALLOW,1,15060,15,810
2026-10-06T09:17:08.896550,2026-10-06T09:17:08.896550,s-sample-15,Sample Student 15,CYBR-2000,answer,c5,c5-lane-website-ok,Gate Duty: website ok packets,ALLOW,ALLOW,1,13263,10,825
2026-10-06T09:17:16.661633,2026-10-06T09:17:16.661633,s-sample-15,Sample Student 15,CYBR-2000,answer,c5,c5-lane-bad-port,Gate Duty: bad port packets,BLOCK,BLOCK,1,7765,20,835
2026-10-06T09:17:21.383902,2026-10-06T09:17:21.383902,s-sample-15,Sample Student 15,CYBR-2000,answer,c5,c5-lane-bad-port,Gate Duty: bad port packets,BLOCK,BLOCK,1,4722,10,855
2026-10-06T09:17:38.039408,2026-10-06T09:17:38.039408,s-sample-15,Sample Student 15,CYBR-2000,answer,c5,c5-lane-bad-port,Gate Duty: bad port packets,BLOCK,BLOCK,1,16655,10,865
2026-10-06T09:17:55.575917,2026-10-06T09:17:55.575917,s-sample-15,Sample Student 15,CYBR-2000,answer,c5,c5-lane-bad-port,Gate Duty: bad port packets,BLOCK,BLOCK,1,17536,10,875
2026-10-06T09:18:06.987277,2026-10-06T09:18:06.987277,s-sample-15,Sample Student 15,CYBR-2000,answer,c5,c5-lane-bad-port,Gate Duty: bad port packets,BLOCK,BLOCK,1,11411,15,885
2026-10-06T09:18:20.135063,2026-10-06T09:18:20.135063,s-sample-15,Sample Student 15,CYBR-2000,answer,c5,c5-lane-blocklist,Gate Duty: blocklist packets,ALLOW,BLOCK,0,13147,0,900
2026-10-06T09:18:25.767411,2026-10-06T09:18:25.767411,s-sample-15,Sample Student 15,CYBR-2000,answer,c5,c5-lane-blocklist,Gate Duty: blocklist packets,BLOCK,BLOCK,1,5632,10,900
2026-10-06T09:18:37.193243,2026-10-06T09:18:37.193243,s-sample-15,Sample Student 15,CYBR-2000,answer,c5,c5-lane-blocklist,Gate Duty: blocklist packets,BLOCK,BLOCK,1,11425,20,910
2026-10-06T09:18:53.776027,2026-10-06T09:18:53.776027,s-sample-15,Sample Student 15,CYBR-2000,answer,c5,c5-lane-blocklist,Gate Duty: blocklist packets,ALLOW,BLOCK,0,16582,0,930
2026-10-06T09:19:00.473617,2026-10-06T09:19:00.473617,s-sample-15,Sample Student 15,CYBR-2000,answer,c5,c5-lane-blocklist,Gate Duty: blocklist packets,ALLOW,BLOCK,0,6697,0,930
2026-10-06T09:19:20.473617,2026-10-06T09:19:20.473617,s-sample-15,Sample Student 15,CYBR-2000,chapter_complete,c5,c5-done,c5,2 stars,,75,198245,200,955
2026-10-06T09:03:00,2026-10-06T09:03:00,s-sample-16,Sample Student 16,CYBR-2000,start,,,,avatar 0,,,,0,0
2026-10-06T09:03:03.726102,2026-10-06T09:03:03.726102,s-sample-16,Sample Student 16,CYBR-2000,lesson,c1,c1-l1,lesson,,,,3726,5,0
2026-10-06T09:03:08.374267,2026-10-06T09:03:08.374267,s-sample-16,Sample Student 16,CYBR-2000,lesson,c1,c1-l2,lesson,,,,4648,5,0
2026-10-06T09:03:14.178427,2026-10-06T09:03:14.178427,s-sample-16,Sample Student 16,CYBR-2000,lesson,c1,c1-l3,lesson,,,,5804,5,0
2026-10-06T09:03:29.372795,2026-10-06T09:03:29.372795,s-sample-16,Sample Student 16,CYBR-2000,check,c1,c1-check,Someone changes your grade from a C to an A without permission. Which part of CIA is broken?,Integrity,Integrity,1,15194,10,15
2026-10-06T09:03:38.133222,2026-10-06T09:03:38.133222,s-sample-16,Sample Student 16,CYBR-2000,answer,c1,c1-s1,A stranger reads your private messages.,Confidentiality,Confidentiality,1,8760,20,25
2026-10-06T09:03:54.589906,2026-10-06T09:03:54.589906,s-sample-16,Sample Student 16,CYBR-2000,answer,c1,c1-s2,A hacker changes the price of shoes on a store website to $1.,Integrity,Integrity,1,16456,15,45
2026-10-06T09:04:09.589577,2026-10-06T09:04:09.589577,s-sample-16,Sample Student 16,CYBR-2000,answer,c1,c1-s3,The school website crashes on the first day of class.,Availability,Availability,1,14999,10,60
2026-10-06T09:04:14.834883,2026-10-06T09:04:14.834883,s-sample-16,Sample Student 16,CYBR-2000,answer,c1,c1-s4,Your friend watches over your shoulder as you type your PIN.,Confidentiality,Confidentiality,1,5245,10,70
2026-10-06T09:04:24.449564,2026-10-06T09:04:24.449564,s-sample-16,Sample Student 16,CYBR-2000,answer,c1,c1-s5,A virus edits files so the numbers in them are wrong.,Integrity,Integrity,1,9614,10,80
2026-10-06T09:04:31.704514,2026-10-06T09:04:31.704514,s-sample-16,Sample Student 16,CYBR-2000,answer,c1,c1-s6,A storm knocks out power to the server room.,Availability,Availability,1,7254,20,90
2026-10-06T09:04:41.025748,2026-10-06T09:04:41.025748,s-sample-16,Sample Student 16,CYBR-2000,answer,c1,c1-s7,"Thousands of fake visitors flood a game server, so real players cannot log in.",Confidentiality,Availability,0,9321,0,110
2026-10-06T09:04:50.134448,2026-10-06T09:04:50.134448,s-sample-16,Sample Student 16,CYBR-2000,answer,c1,c1-s8,Someone posts your password online.,Confidentiality,Confidentiality,1,9108,10,110
2026-10-06T09:05:10.134448,2026-10-06T09:05:10.134448,s-sample-16,Sample Student 16,CYBR-2000,chapter_complete,c1,c1-done,c1,2 stars,,89,333551,145,145
2026-10-06T09:05:32.884521,2026-10-06T09:05:32.884521,s-sample-16,Sample Student 16,CYBR-2000,lesson,c2,c2-l1,lesson,,,,22750,5,145
2026-10-06T09:06:18.031972,2026-10-06T09:06:18.031972,s-sample-16,Sample Student 16,CYBR-2000,lesson,c2,c2-l2,lesson,,,,45147,5,145
2026-10-06T09:06:46.923997,2026-10-06T09:06:46.923997,s-sample-16,Sample Student 16,CYBR-2000,lesson,c2,c2-l3,lesson,,,,28892,5,145
2026-10-06T09:06:55.326924,2026-10-06T09:06:55.326924,s-sample-16,Sample Student 16,CYBR-2000,check,c2,c2-check,Which one is MFA?,A password and a code sent to your phone,A password and a code sent to your phone,1,8402,15,160
2026-10-06T09:07:08.797219,2026-10-06T09:07:08.797219,s-sample-16,Sample Student 16,CYBR-2000,answer,c2,c2-p1,Which password is stronger?,blue-river-pizza-cloud,blue-river-pizza-cloud,1,13470,10,175
2026-10-06T09:07:14.437213,2026-10-06T09:07:14.437213,s-sample-16,Sample Student 16,CYBR-2000,answer,c2,c2-p2,Which password is stronger?,maple-guitar-orbit-sock,maple-guitar-orbit-sock,1,5639,20,185
2026-10-06T09:07:30.134771,2026-10-06T09:07:30.134771,s-sample-16,Sample Student 16,CYBR-2000,answer,c2,c2-p3,Which password is stronger?,other answer,correct-horse-lamp-yellow,0,15697,0,205
2026-10-06T09:07:43.018985,2026-10-06T09:07:43.018985,s-sample-16,Sample Student 16,CYBR-2000,answer,c2,c2-p4,Which habit is safer?,"A different password on every site, saved in a password manager","A different password on every site, saved in a password manager",1,12884,20,205
2026-10-06T09:07:57.784376,2026-10-06T09:07:57.784376,s-sample-16,Sample Student 16,CYBR-2000,answer,c2,c2-p5,Which password is stronger?,Qz8#mL2!vR9p,Qz8#mL2!vR9p,1,14765,15,225
2026-10-06T09:08:05.996222,2026-10-06T09:08:05.996222,s-sample-16,Sample Student 16,CYBR-2000,answer,c2,c2-q1,You get a text with a login code you did not ask for. What should you do?,Ignore the code and change your password,Ignore the code and change your password,1,8211,15,240
2026-10-06T09:08:10.902455,2026-10-06T09:08:10.902455,s-sample-16,Sample Student 16,CYBR-2000,answer,c2,c2-q2,A friend asks for your game password so they can level up your character. What do you do?,"Say no, and keep your password private","Say no, and keep your password private",1,4906,15,255
2026-10-06T09:08:30.902455,2026-10-06T09:08:30.902455,s-sample-16,Sample Student 16,CYBR-2000,chapter_complete,c2,c2-done,c2,2 stars,,88,383916,150,295
2026-10-06T09:08:37.402973,2026-10-06T09:08:37.402973,s-sample-16,Sample Student 16,CYBR-2000,lesson,c3,c3-l1,lesson,,,,6500,5,295
2026-10-06T09:08:42.785032,2026-10-06T09:08:42.785032,s-sample-16,Sample Student 16,CYBR-2000,lesson,c3,c3-l2,lesson,,,,5382,5,295
2026-10-06T09:09:07.115469,2026-10-06T09:09:07.115469,s-sample-16,Sample Student 16,CYBR-2000,lesson,c3,c3-l3,lesson,,,,24330,5,295
2026-10-06T09:09:13.545679,2026-10-06T09:09:13.545679,s-sample-16,Sample Student 16,CYBR-2000,check,c3,c3-check,Which is the biggest red flag?,The email asks you to type your password on a link,The email asks you to type your password on a link,1,6430,10,310
2026-10-06T09:09:27.501073,2026-10-06T09:09:27.501073,s-sample-16,Sample Student 16,CYBR-2000,answer,c3,c3-e1,Netflix: Account suspended! Update payment in 2 hours,Phish,Phish,1,13955,10,320
2026-10-06T09:09:33.100261,2026-10-06T09:09:33.100261,s-sample-16,Sample Student 16,CYBR-2000,answer,c3,c3-e2,Ms. Carter: Reminder: quiz moved to Friday,Safe,Safe,1,5599,10,330
2026-10-06T09:09:39.180889,2026-10-06T09:09:39.180889,s-sample-16,Sample Student 16,CYBR-2000,answer,c3,c3-e3,"Roblox Rewards: YOU WON 10,000 ROBUX!!!",Phish,Phish,1,6080,15,340
2026-10-06T09:09:48.065984,2026-10-06T09:09:48.065984,s-sample-16,Sample Student 16,CYBR-2000,answer,c3,c3-e4,"Principal Grant: Quick favor, keep it secret",Phish,Phish,1,8885,15,355
2026-10-06T09:09:58.769777,2026-10-06T09:09:58.769777,s-sample-16,Sample Student 16,CYBR-2000,answer,c3,c3-e5,USPS: Package on hold,Phish,Phish,1,10703,15,370
2026-10-06T09:10:15.750887,2026-10-06T09:10:15.750887,s-sample-16,Sample Student 16,CYBR-2000,answer,c3,c3-e6,Library: Your book is due Monday,Safe,Safe,1,16981,15,385
2026-10-06T09:10:35.750887,2026-10-06T09:10:35.750887,s-sample-16,Sample Student 16,CYBR-2000,chapter_complete,c3,c3-done,c3,3 stars,,100,218990,155,450
2026-10-06T09:11:19.961114,2026-10-06T09:11:19.961114,s-sample-16,Sample Student 16,CYBR-2000,lesson,c4,c4-l1,lesson,,,,44210,5,450
2026-10-06T09:11:48.177445,2026-10-06T09:11:48.177445,s-sample-16,Sample Student 16,CYBR-2000,lesson,c4,c4-l2,lesson,,,,28216,5,450
2026-10-06T09:12:31.401707,2026-10-06T09:12:31.401707,s-sample-16,Sample Student 16,CYBR-2000,lesson,c4,c4-l3,lesson,,,,43224,5,450
2026-10-06T09:12:45.919511,2026-10-06T09:12:45.919511,s-sample-16,Sample Student 16,CYBR-2000,check,c4,c4-check,A security camera is mainly a...,Detect control,Detect control,1,14517,20,465
2026-10-06T09:12:54.051526,2026-10-06T09:12:54.051526,s-sample-16,Sample Student 16,CYBR-2000,answer,c4,c4-s1,A lock on the server room door,Prevent,Prevent,1,8132,10,485
2026-10-06T09:13:09.211650,2026-10-06T09:13:09.211650,s-sample-16,Sample Student 16,CYBR-2000,answer,c4,c4-s2,A firewall that blocks bad traffic,Prevent,Prevent,1,15160,15,495
2026-10-06T09:13:21.418676,2026-10-06T09:13:21.418676,s-sample-16,Sample Student 16,CYBR-2000,answer,c4,c4-s3,Multi-factor authentication (MFA),Prevent,Prevent,1,12207,10,510
2026-10-06T09:13:31.748958,2026-10-06T09:13:31.748958,s-sample-16,Sample Student 16,CYBR-2000,answer,c4,c4-s4,A security camera in the hallway,Detect,Detect,1,10330,15,520
2026-10-06T09:13:38.986364,2026-10-06T09:13:38.986364,s-sample-16,Sample Student 16,CYBR-2000,answer,c4,c4-s5,An alert when someone logs in at 3 AM from another country,Fix,Detect,0,7237,0,535
2026-10-06T09:13:52.274732,2026-10-06T09:13:52.274732,s-sample-16,Sample Student 16,CYBR-2000,answer,c4,c4-s6,An intrusion detection system (IDS),Detect,Detect,1,13288,20,535
2026-10-06T09:13:56.458808,2026-10-06T09:13:56.458808,s-sample-16,Sample Student 16,CYBR-2000,answer,c4,c4-s7,Restoring files from last night's backup,Fix,Fix,1,4184,20,555
2026-10-06T09:14:12.218027,2026-10-06T09:14:12.218027,s-sample-16,Sample Student 16,CYBR-2000,answer,c4,c4-s8,Antivirus removing a virus it found,Fix,Fix,1,15759,15,575
2026-10-06T09:14:19.837487,2026-10-06T09:14:19.837487,s-sample-16,Sample Student 16,CYBR-2000,answer,c4,c4-s9,Rebuilding a laptop after ransomware,Fix,Fix,1,7619,15,590
2026-10-06T09:14:28.483343,2026-10-06T09:14:28.483343,s-sample-16,Sample Student 16,CYBR-2000,answer,c4,c4-k1,A tall fence around the data center,Physical,Physical,1,8645,10,605
2026-10-06T09:14:42.624386,2026-10-06T09:14:42.624386,s-sample-16,Sample Student 16,CYBR-2000,answer,c4,c4-k2,Encrypting files so only the owner can read them,Technical,Technical,1,14141,10,615
2026-10-06T09:14:49.584884,2026-10-06T09:14:49.584884,s-sample-16,Sample Student 16,CYBR-2000,answer,c4,c4-k3,"A school rule: ""Never share your password""",Administrative,Administrative,1,6960,20,625
2026-10-06T09:15:02.190962,2026-10-06T09:15:02.190962,s-sample-16,Sample Student 16,CYBR-2000,answer,c4,c4-k4,Training every student to spot phishing,other answer,Administrative,0,12606,0,645
2026-10-06T09:15:22.190962,2026-10-06T09:15:22.190962,s-sample-16,Sample Student 16,CYBR-2000,chapter_complete,c4,c4-done,c4,2 stars,,86,396437,220,670
2026-10-06T09:15:53.258722,2026-10-06T09:15:53.258722,s-sample-16,Sample Student 16,CYBR-2000,lesson,c5,c5-l1,lesson,,,,31067,5,670
2026-10-06T09:16:13.863577,2026-10-06T09:16:13.863577,s-sample-16,Sample Student 16,CYBR-2000,lesson,c5,c5-l2,lesson,,,,20604,5,670
2026-10-06T09:17:01.947333,2026-10-06T09:17:01.947333,s-sample-16,Sample Student 16,CYBR-2000,lesson,c5,c5-l3,lesson,,,,48083,5,670
2026-10-06T09:17:13.268062,2026-10-06T09:17:13.268062,s-sample-16,Sample Student 16,CYBR-2000,check,c5,c5-check,"The firewall rule is ""Allow port 443 only."" A packet wants port 3389. What happens?",Blocked,Blocked,1,11320,15,685
2026-10-06T09:17:25.797033,2026-10-06T09:17:25.797033,s-sample-16,Sample Student 16,CYBR-2000,answer,c5,c5-lane-website-ok,Gate Duty: website ok packets,ALLOW,ALLOW,1,12528,10,700
2026-10-06T09:17:34.347459,2026-10-06T09:17:34.347459,s-sample-16,Sample Student 16,CYBR-2000,answer,c5,c5-lane-website-ok,Gate Duty: website ok packets,ALLOW,ALLOW,1,8550,10,710
2026-10-06T09:17:51.390781,2026-10-06T09:17:51.390781,s-sample-16,Sample Student 16,CYBR-2000,answer,c5,c5-lane-website-ok,Gate Duty: website ok packets,ALLOW,ALLOW,1,17043,10,720
2026-10-06T09:17:58.158691,2026-10-06T09:17:58.158691,s-sample-16,Sample Student 16,CYBR-2000,answer,c5,c5-lane-website-ok,Gate Duty: website ok packets,ALLOW,ALLOW,1,6767,10,730
2026-10-06T09:18:12.215779,2026-10-06T09:18:12.215779,s-sample-16,Sample Student 16,CYBR-2000,answer,c5,c5-lane-website-ok,Gate Duty: website ok packets,ALLOW,ALLOW,1,14057,15,740
2026-10-06T09:18:22.886166,2026-10-06T09:18:22.886166,s-sample-16,Sample Student 16,CYBR-2000,answer,c5,c5-lane-bad-port,Gate Duty: bad port packets,BLOCK,BLOCK,1,10670,15,755
2026-10-06T09:18:28.373187,2026-10-06T09:18:28.373187,s-sample-16,Sample Student 16,CYBR-2000,answer,c5,c5-lane-bad-port,Gate Duty: bad port packets,BLOCK,BLOCK,1,5487,10,770
2026-10-06T09:18:38.495407,2026-10-06T09:18:38.495407,s-sample-16,Sample Student 16,CYBR-2000,answer,c5,c5-lane-bad-port,Gate Duty: bad port packets,BLOCK,BLOCK,1,10122,10,780
2026-10-06T09:18:51.854847,2026-10-06T09:18:51.854847,s-sample-16,Sample Student 16,CYBR-2000,answer,c5,c5-lane-bad-port,Gate Duty: bad port packets,BLOCK,BLOCK,1,13359,10,790
2026-10-06T09:19:07.786932,2026-10-06T09:19:07.786932,s-sample-16,Sample Student 16,CYBR-2000,answer,c5,c5-lane-bad-port,Gate Duty: bad port packets,BLOCK,BLOCK,1,15932,20,800
2026-10-06T09:19:21.659250,2026-10-06T09:19:21.659250,s-sample-16,Sample Student 16,CYBR-2000,answer,c5,c5-lane-blocklist,Gate Duty: blocklist packets,BLOCK,BLOCK,1,13872,20,820
2026-10-06T09:19:38.645219,2026-10-06T09:19:38.645219,s-sample-16,Sample Student 16,CYBR-2000,answer,c5,c5-lane-blocklist,Gate Duty: blocklist packets,BLOCK,BLOCK,1,16985,15,840
2026-10-06T09:19:44.114503,2026-10-06T09:19:44.114503,s-sample-16,Sample Student 16,CYBR-2000,answer,c5,c5-lane-blocklist,Gate Duty: blocklist packets,BLOCK,BLOCK,1,5469,15,855
2026-10-06T09:20:01.028952,2026-10-06T09:20:01.028952,s-sample-16,Sample Student 16,CYBR-2000,answer,c5,c5-lane-blocklist,Gate Duty: blocklist packets,BLOCK,BLOCK,1,16914,10,870
2026-10-06T09:20:18.765127,2026-10-06T09:20:18.765127,s-sample-16,Sample Student 16,CYBR-2000,answer,c5,c5-lane-blocklist,Gate Duty: blocklist packets,BLOCK,BLOCK,1,17736,20,880
2026-10-06T09:20:38.765127,2026-10-06T09:20:38.765127,s-sample-16,Sample Student 16,CYBR-2000,chapter_complete,c5,c5-done,c5,3 stars,,100,210948,280,950
2026-10-06T09:20:43.628600,2026-10-06T09:20:43.628600,s-sample-16,Sample Student 16,CYBR-2000,lesson,c6,c6-l1,lesson,,,,4863,5,950
2026-10-06T09:21:12.148582,2026-10-06T09:21:12.148582,s-sample-16,Sample Student 16,CYBR-2000,lesson,c6,c6-l2,lesson,,,,28519,5,950
2026-10-06T09:21:21.662642,2026-10-06T09:21:21.662642,s-sample-16,Sample Student 16,CYBR-2000,check,c6,c6-check,"Where should ""Block everything"" go?",At the bottom,At the bottom,1,9514,10,960
2026-10-06T09:21:35.966544,2026-10-06T09:21:35.966544,s-sample-16,Sample Student 16,CYBR-2000,answer,c6,c6-o1-try1,Let website visitors in. Keep everything else out.,all tests pass,all tests pass,1,14303,10,970
2026-10-06T09:21:50.717499,2026-10-06T09:21:50.717499,s-sample-16,Sample Student 16,CYBR-2000,answer,c6,c6-o2-try1,"Let website visitors in, except the known bad IP 203.0.113.66.",all tests pass,all tests pass,1,14750,10,980
2026-10-06T09:22:04.519701,2026-10-06T09:22:04.519701,s-sample-16,Sample Student 16,CYBR-2000,answer,c6,c6-o3-try1,Only the IT laptop (10.0.5.20) may use remote login on port 22. Websites stay open to all.,other answer,all tests pass,0,13802,0,990
2026-10-06T09:22:24.519701,2026-10-06T09:22:24.519701,s-sample-16,Sample Student 16,CYBR-2000,chapter_complete,c6,c6-done,c6,2 stars,,75,255841,65,1015
2026-10-06T09:22:30.793839,2026-10-06T09:22:30.793839,s-sample-16,Sample Student 16,CYBR-2000,lesson,c7,c7-l1,lesson,,,,6274,5,1015
2026-10-06T09:23:20.922249,2026-10-06T09:23:20.922249,s-sample-16,Sample Student 16,CYBR-2000,lesson,c7,c7-l2,lesson,,,,50128,5,1015
2026-10-06T09:23:52.374278,2026-10-06T09:23:52.374278,s-sample-16,Sample Student 16,CYBR-2000,lesson,c7,c7-l3,lesson,,,,31452,5,1015
2026-10-06T09:24:00.008243,2026-10-06T09:24:00.008243,s-sample-16,Sample Student 16,CYBR-2000,check,c7,c7-check,What does an IDS do when it finds an attack?,Raises an alert,Raises an alert,1,7633,20,1030
2026-10-06T09:24:14.090884,2026-10-06T09:24:14.090884,s-sample-16,Sample Student 16,CYBR-2000,answer,c7,c7-w1,Message: Search: ' OR 1=1 --,Alert,Alert,1,14082,15,1050
2026-10-06T09:24:31.480449,2026-10-06T09:24:31.480449,s-sample-16,Sample Student 16,CYBR-2000,answer,c7,c7-w2,Message: Show me the school calendar,Normal,Normal,1,17389,20,1065
2026-10-06T09:24:46.103114,2026-10-06T09:24:46.103114,s-sample-16,Sample Student 16,CYBR-2000,answer,c7,c7-w3,Message: Comment: <script>steal()</script>,Alert,Alert,1,14622,15,1085
2026-10-06T09:25:00.379012,2026-10-06T09:25:00.379012,s-sample-16,Sample Student 16,CYBR-2000,answer,c7,c7-w4,Message: Search: script for the school play,Alert,Normal,0,14275,0,1100
2026-10-06T09:25:07.090227,2026-10-06T09:25:07.090227,s-sample-16,Sample Student 16,CYBR-2000,answer,c7,c7-w5,Activity: A school laptop sends 5 GB to an unknown server at 3:12 AM,Alert,Alert,1,6711,15,1100
2026-10-06T09:25:22.477943,2026-10-06T09:25:22.477943,s-sample-16,Sample Student 16,CYBR-2000,answer,c7,c7-w6,Activity: A student downloads a 20 MB PDF for class at 10 AM,Normal,Normal,1,15387,15,1115
2026-10-06T09:25:26.865156,2026-10-06T09:25:26.865156,s-sample-16,Sample Student 16,CYBR-2000,answer,c7,c7-w7,Message: Get file: ../../secret/grades.txt,Alert,Alert,1,4387,20,1130
2026-10-06T09:25:44.733120,2026-10-06T09:25:44.733120,s-sample-16,Sample Student 16,CYBR-2000,answer,c7,c7-w8,Activity: The same account fails to log in 50 times in one minute,Alert,Alert,1,17867,10,1150
2026-10-06T09:26:04.733120,2026-10-06T09:26:04.733120,s-sample-16,Sample Student 16,CYBR-2000,chapter_complete,c7,c7-done,c7,2 stars,,89,414295,170,1185
2026-10-06T09:01:00,2026-10-06T09:01:00,s-sample-17,Sample Student 17,CYBR-2000,start,,,,avatar 0,,,,0,0
2026-10-06T09:01:37.065435,2026-10-06T09:01:37.065435,s-sample-17,Sample Student 17,CYBR-2000,lesson,c1,c1-l1,lesson,,,,37065,5,0
2026-10-06T09:02:18.641898,2026-10-06T09:02:18.641898,s-sample-17,Sample Student 17,CYBR-2000,lesson,c1,c1-l2,lesson,,,,41576,5,0
2026-10-06T09:02:23.017124,2026-10-06T09:02:23.017124,s-sample-17,Sample Student 17,CYBR-2000,lesson,c1,c1-l3,lesson,,,,4375,5,0
2026-10-06T09:02:40.345406,2026-10-06T09:02:40.345406,s-sample-17,Sample Student 17,CYBR-2000,check,c1,c1-check,Someone changes your grade from a C to an A without permission. Which part of CIA is broken?,Integrity,Integrity,1,17328,15,15
2026-10-06T09:02:48.794458,2026-10-06T09:02:48.794458,s-sample-17,Sample Student 17,CYBR-2000,answer,c1,c1-s1,A stranger reads your private messages.,Confidentiality,Confidentiality,1,8449,15,30
2026-10-06T09:02:57.016416,2026-10-06T09:02:57.016416,s-sample-17,Sample Student 17,CYBR-2000,answer,c1,c1-s2,A hacker changes the price of shoes on a store website to $1.,Integrity,Integrity,1,8221,20,45
2026-10-06T09:03:06.311818,2026-10-06T09:03:06.311818,s-sample-17,Sample Student 17,CYBR-2000,answer,c1,c1-s3,The school website crashes on the first day of class.,Availability,Availability,1,9295,10,65
2026-10-06T09:03:10.488093,2026-10-06T09:03:10.488093,s-sample-17,Sample Student 17,CYBR-2000,answer,c1,c1-s4,Your friend watches over your shoulder as you type your PIN.,Confidentiality,Confidentiality,1,4176,20,75
2026-10-06T09:03:23.389451,2026-10-06T09:03:23.389451,s-sample-17,Sample Student 17,CYBR-2000,answer,c1,c1-s5,A virus edits files so the numbers in them are wrong.,Integrity,Integrity,1,12901,20,95
2026-10-06T09:03:30.810664,2026-10-06T09:03:30.810664,s-sample-17,Sample Student 17,CYBR-2000,answer,c1,c1-s6,A storm knocks out power to the server room.,Availability,Availability,1,7421,20,115
2026-10-06T09:03:48.679651,2026-10-06T09:03:48.679651,s-sample-17,Sample Student 17,CYBR-2000,answer,c1,c1-s7,"Thousands of fake visitors flood a game server, so real players cannot log in.",Confidentiality,Availability,0,17868,0,135
2026-10-06T09:04:03.247409,2026-10-06T09:04:03.247409,s-sample-17,Sample Student 17,CYBR-2000,answer,c1,c1-s8,Someone posts your password online.,Confidentiality,Confidentiality,1,14567,15,135
2026-10-06T09:04:23.247409,2026-10-06T09:04:23.247409,s-sample-17,Sample Student 17,CYBR-2000,chapter_complete,c1,c1-done,c1,2 stars,,89,240772,175,175
2026-10-06T09:04:28.871138,2026-10-06T09:04:28.871138,s-sample-17,Sample Student 17,CYBR-2000,lesson,c2,c2-l1,lesson,,,,5623,5,175
2026-10-06T09:04:32.830340,2026-10-06T09:04:32.830340,s-sample-17,Sample Student 17,CYBR-2000,lesson,c2,c2-l2,lesson,,,,3959,5,175
2026-10-06T09:04:37.211453,2026-10-06T09:04:37.211453,s-sample-17,Sample Student 17,CYBR-2000,lesson,c2,c2-l3,lesson,,,,4381,5,175
2026-10-06T09:04:54.576747,2026-10-06T09:04:54.576747,s-sample-17,Sample Student 17,CYBR-2000,check,c2,c2-check,Which one is MFA?,A password and a code sent to your phone,A password and a code sent to your phone,1,17365,20,190
2026-10-06T09:05:11.331850,2026-10-06T09:05:11.331850,s-sample-17,Sample Student 17,CYBR-2000,answer,c2,c2-p1,Which password is stronger?,blue-river-pizza-cloud,blue-river-pizza-cloud,1,16755,20,210
2026-10-06T09:05:28.578171,2026-10-06T09:05:28.578171,s-sample-17,Sample Student 17,CYBR-2000,answer,c2,c2-p2,Which password is stronger?,maple-guitar-orbit-sock,maple-guitar-orbit-sock,1,17246,15,230
2026-10-06T09:05:43.529482,2026-10-06T09:05:43.529482,s-sample-17,Sample Student 17,CYBR-2000,answer,c2,c2-p3,Which password is stronger?,other answer,correct-horse-lamp-yellow,0,14951,0,245
2026-10-06T09:05:50.527251,2026-10-06T09:05:50.527251,s-sample-17,Sample Student 17,CYBR-2000,answer,c2,c2-p4,Which habit is safer?,"A different password on every site, saved in a password manager","A different password on every site, saved in a password manager",1,6997,15,245
2026-10-06T09:05:55.423500,2026-10-06T09:05:55.423500,s-sample-17,Sample Student 17,CYBR-2000,answer,c2,c2-p5,Which password is stronger?,Qz8#mL2!vR9p,Qz8#mL2!vR9p,1,4896,10,260
2026-10-06T09:05:59.787345,2026-10-06T09:05:59.787345,s-sample-17,Sample Student 17,CYBR-2000,answer,c2,c2-q1,You get a text with a login code you did not ask for. What should you do?,Ignore the code and change your password,Ignore the code and change your password,1,4363,10,270
2026-10-06T09:06:04.776497,2026-10-06T09:06:04.776497,s-sample-17,Sample Student 17,CYBR-2000,answer,c2,c2-q2,A friend asks for your game password so they can level up your character. What do you do?,"Say no, and keep your password private","Say no, and keep your password private",1,4989,10,280
2026-10-06T09:06:24.776497,2026-10-06T09:06:24.776497,s-sample-17,Sample Student 17,CYBR-2000,chapter_complete,c2,c2-done,c2,2 stars,,88,299488,140,315
2026-10-06T09:07:18.892566,2026-10-06T09:07:18.892566,s-sample-17,Sample Student 17,CYBR-2000,lesson,c3,c3-l1,lesson,,,,54116,5,315
2026-10-06T09:07:46.639613,2026-10-06T09:07:46.639613,s-sample-17,Sample Student 17,CYBR-2000,lesson,c3,c3-l2,lesson,,,,27747,5,315
2026-10-06T09:08:28.861885,2026-10-06T09:08:28.861885,s-sample-17,Sample Student 17,CYBR-2000,lesson,c3,c3-l3,lesson,,,,42222,5,315
2026-10-06T09:08:37.223223,2026-10-06T09:08:37.223223,s-sample-17,Sample Student 17,CYBR-2000,check,c3,c3-check,Which is the biggest red flag?,The email asks you to type your password on a link,The email asks you to type your password on a link,1,8361,15,330
2026-10-06T09:08:42.705596,2026-10-06T09:08:42.705596,s-sample-17,Sample Student 17,CYBR-2000,answer,c3,c3-e1,Netflix: Account suspended! Update payment in 2 hours,Phish,Phish,1,5482,20,345
2026-10-06T09:08:59.249690,2026-10-06T09:08:59.249690,s-sample-17,Sample Student 17,CYBR-2000,answer,c3,c3-e2,Ms. Carter: Reminder: quiz moved to Friday,Phish,Safe,0,16544,0,365
2026-10-06T09:09:09.495596,2026-10-06T09:09:09.495596,s-sample-17,Sample Student 17,CYBR-2000,answer,c3,c3-e3,"Roblox Rewards: YOU WON 10,000 ROBUX!!!",Phish,Phish,1,10245,10,365
2026-10-06T09:09:22.813101,2026-10-06T09:09:22.813101,s-sample-17,Sample Student 17,CYBR-2000,answer,c3,c3-e4,"Principal Grant: Quick favor, keep it secret",Phish,Phish,1,13317,10,375
2026-10-06T09:09:34.411850,2026-10-06T09:09:34.411850,s-sample-17,Sample Student 17,CYBR-2000,answer,c3,c3-e5,USPS: Package on hold,Phish,Phish,1,11598,20,385
2026-10-06T09:09:40.159855,2026-10-06T09:09:40.159855,s-sample-17,Sample Student 17,CYBR-2000,answer,c3,c3-e6,Library: Your book is due Monday,Phish,Safe,0,5748,0,405
2026-10-06T09:10:00.159855,2026-10-06T09:10:00.159855,s-sample-17,Sample Student 17,CYBR-2000,chapter_complete,c3,c3-done,c3,2 stars,,71,399438,115,430
2026-10-06T09:10:30.968918,2026-10-06T09:10:30.968918,s-sample-17,Sample Student 17,CYBR-2000,lesson,c4,c4-l1,lesson,,,,30809,5,430
2026-10-06T09:11:30.915424,2026-10-06T09:11:30.915424,s-sample-17,Sample Student 17,CYBR-2000,lesson,c4,c4-l2,lesson,,,,59946,5,430
2026-10-06T09:11:37.197071,2026-10-06T09:11:37.197071,s-sample-17,Sample Student 17,CYBR-2000,lesson,c4,c4-l3,lesson,,,,6281,5,430
2026-10-06T09:11:49.650053,2026-10-06T09:11:49.650053,s-sample-17,Sample Student 17,CYBR-2000,check,c4,c4-check,A security camera is mainly a...,Detect control,Detect control,1,12452,10,445
2026-10-06T09:12:06.013593,2026-10-06T09:12:06.013593,s-sample-17,Sample Student 17,CYBR-2000,answer,c4,c4-s1,A lock on the server room door,Prevent,Prevent,1,16363,20,455
2026-10-06T09:12:15.341877,2026-10-06T09:12:15.341877,s-sample-17,Sample Student 17,CYBR-2000,answer,c4,c4-s2,A firewall that blocks bad traffic,Prevent,Prevent,1,9328,20,475
2026-10-06T09:12:25.177282,2026-10-06T09:12:25.177282,s-sample-17,Sample Student 17,CYBR-2000,answer,c4,c4-s3,Multi-factor authentication (MFA),Prevent,Prevent,1,9835,15,495
2026-10-06T09:12:33.783783,2026-10-06T09:12:33.783783,s-sample-17,Sample Student 17,CYBR-2000,answer,c4,c4-s4,A security camera in the hallway,Detect,Detect,1,8606,20,510
2026-10-06T09:12:44.661603,2026-10-06T09:12:44.661603,s-sample-17,Sample Student 17,CYBR-2000,answer,c4,c4-s5,An alert when someone logs in at 3 AM from another country,Fix,Detect,0,10877,0,530
2026-10-06T09:12:48.813327,2026-10-06T09:12:48.813327,s-sample-17,Sample Student 17,CYBR-2000,answer,c4,c4-s6,An intrusion detection system (IDS),Detect,Detect,1,4151,10,530
2026-10-06T09:12:58.105257,2026-10-06T09:12:58.105257,s-sample-17,Sample Student 17,CYBR-2000,answer,c4,c4-s7,Restoring files from last night's backup,Fix,Fix,1,9291,20,540
2026-10-06T09:13:04.402180,2026-10-06T09:13:04.402180,s-sample-17,Sample Student 17,CYBR-2000,answer,c4,c4-s8,Antivirus removing a virus it found,Fix,Fix,1,6296,10,560
2026-10-06T09:13:16.121625,2026-10-06T09:13:16.121625,s-sample-17,Sample Student 17,CYBR-2000,answer,c4,c4-s9,Rebuilding a laptop after ransomware,Fix,Fix,1,11719,10,570
2026-10-06T09:13:25.185597,2026-10-06T09:13:25.185597,s-sample-17,Sample Student 17,CYBR-2000,answer,c4,c4-k1,A tall fence around the data center,Physical,Physical,1,9063,10,580
2026-10-06T09:13:29.513516,2026-10-06T09:13:29.513516,s-sample-17,Sample Student 17,CYBR-2000,answer,c4,c4-k2,Encrypting files so only the owner can read them,Technical,Technical,1,4327,20,590
2026-10-06T09:13:43.514540,2026-10-06T09:13:43.514540,s-sample-17,Sample Student 17,CYBR-2000,answer,c4,c4-k3,"A school rule: ""Never share your password""",Administrative,Administrative,1,14001,20,610
2026-10-06T09:13:54.665711,2026-10-06T09:13:54.665711,s-sample-17,Sample Student 17,CYBR-2000,answer,c4,c4-k4,Training every student to spot phishing,other answer,Administrative,0,11151,0,630
2026-10-06T09:14:14.665711,2026-10-06T09:14:14.665711,s-sample-17,Sample Student 17,CYBR-2000,chapter_complete,c4,c4-done,c4,2 stars,,86,403830,225,655
2026-10-06T09:14:19.905570,2026-10-06T09:14:19.905570,s-sample-17,Sample Student 17,CYBR-2000,lesson,c5,c5-l1,lesson,,,,5239,5,655
2026-10-06T09:15:03.194284,2026-10-06T09:15:03.194284,s-sample-17,Sample Student 17,CYBR-2000,lesson,c5,c5-l2,lesson,,,,43288,5,655
2026-10-06T09:15:07.129407,2026-10-06T09:15:07.129407,s-sample-17,Sample Student 17,CYBR-2000,lesson,c5,c5-l3,lesson,,,,3935,5,655
2026-10-06T09:15:11.208807,2026-10-06T09:15:11.208807,s-sample-17,Sample Student 17,CYBR-2000,check,c5,c5-check,"The firewall rule is ""Allow port 443 only."" A packet wants port 3389. What happens?",Blocked,Blocked,1,4079,15,670
2026-10-06T09:15:17.524815,2026-10-06T09:15:17.524815,s-sample-17,Sample Student 17,CYBR-2000,answer,c5,c5-lane-website-ok,Gate Duty: website ok packets,ALLOW,ALLOW,1,6316,10,685
2026-10-06T09:15:24.773995,2026-10-06T09:15:24.773995,s-sample-17,Sample Student 17,CYBR-2000,answer,c5,c5-lane-website-ok,Gate Duty: website ok packets,ALLOW,ALLOW,1,7249,10,695
2026-10-06T09:15:31.222372,2026-10-06T09:15:31.222372,s-sample-17,Sample Student 17,CYBR-2000,answer,c5,c5-lane-website-ok,Gate Duty: website ok packets,ALLOW,ALLOW,1,6448,10,705
2026-10-06T09:15:45.323842,2026-10-06T09:15:45.323842,s-sample-17,Sample Student 17,CYBR-2000,answer,c5,c5-lane-website-ok,Gate Duty: website ok packets,ALLOW,ALLOW,1,14101,10,715
2026-10-06T09:15:59.293048,2026-10-06T09:15:59.293048,s-sample-17,Sample Student 17,CYBR-2000,answer,c5,c5-lane-website-ok,Gate Duty: website ok packets,ALLOW,ALLOW,1,13969,20,725
2026-10-06T09:16:14.997610,2026-10-06T09:16:14.997610,s-sample-17,Sample Student 17,CYBR-2000,answer,c5,c5-lane-bad-port,Gate Duty: bad port packets,BLOCK,BLOCK,1,15704,15,745
2026-10-06T09:16:19.733403,2026-10-06T09:16:19.733403,s-sample-17,Sample Student 17,CYBR-2000,answer,c5,c5-lane-bad-port,Gate Duty: bad port packets,BLOCK,BLOCK,1,4735,10,760
2026-10-06T09:16:24.942144,2026-10-06T09:16:24.942144,s-sample-17,Sample Student 17,CYBR-2000,answer,c5,c5-lane-bad-port,Gate Duty: bad port packets,BLOCK,BLOCK,1,5208,10,770
2026-10-06T09:16:36.772672,2026-10-06T09:16:36.772672,s-sample-17,Sample Student 17,CYBR-2000,answer,c5,c5-lane-bad-port,Gate Duty: bad port packets,BLOCK,BLOCK,1,11830,15,780
2026-10-06T09:16:47.212262,2026-10-06T09:16:47.212262,s-sample-17,Sample Student 17,CYBR-2000,answer,c5,c5-lane-bad-port,Gate Duty: bad port packets,BLOCK,BLOCK,1,10439,20,795
2026-10-06T09:16:58.814533,2026-10-06T09:16:58.814533,s-sample-17,Sample Student 17,CYBR-2000,answer,c5,c5-lane-blocklist,Gate Duty: blocklist packets,BLOCK,BLOCK,1,11602,15,815
2026-10-06T09:17:06.246177,2026-10-06T09:17:06.246177,s-sample-17,Sample Student 17,CYBR-2000,answer,c5,c5-lane-blocklist,Gate Duty: blocklist packets,ALLOW,BLOCK,0,7431,0,830
2026-10-06T09:17:12.503354,2026-10-06T09:17:12.503354,s-sample-17,Sample Student 17,CYBR-2000,answer,c5,c5-lane-blocklist,Gate Duty: blocklist packets,BLOCK,BLOCK,1,6257,15,830
2026-10-06T09:17:22.607089,2026-10-06T09:17:22.607089,s-sample-17,Sample Student 17,CYBR-2000,answer,c5,c5-lane-blocklist,Gate Duty: blocklist packets,BLOCK,BLOCK,1,10103,15,845
2026-10-06T09:17:29.666240,2026-10-06T09:17:29.666240,s-sample-17,Sample Student 17,CYBR-2000,answer,c5,c5-lane-blocklist,Gate Duty: blocklist packets,BLOCK,BLOCK,1,7059,10,860
2026-10-06T09:17:49.666240,2026-10-06T09:17:49.666240,s-sample-17,Sample Student 17,CYBR-2000,chapter_complete,c5,c5-done,c5,3 stars,,94,214211,265,920
2026-10-06T09:18:12.893765,2026-10-06T09:18:12.893765,s-sample-17,Sample Student 17,CYBR-2000,lesson,c6,c6-l1,lesson,,,,23227,5,920
2026-10-06T09:18:49.366449,2026-10-06T09:18:49.366449,s-sample-17,Sample Student 17,CYBR-2000,lesson,c6,c6-l2,lesson,,,,36472,5,920
2026-10-06T09:18:57.245719,2026-10-06T09:18:57.245719,s-sample-17,Sample Student 17,CYBR-2000,check,c6,c6-check,"Where should ""Block everything"" go?",At the bottom,At the bottom,1,7879,20,930
2026-10-06T09:19:09.533264,2026-10-06T09:19:09.533264,s-sample-17,Sample Student 17,CYBR-2000,answer,c6,c6-o1-try1,Let website visitors in. Keep everything else out.,all tests pass,all tests pass,1,12287,10,950
2026-10-06T09:19:16.794066,2026-10-06T09:19:16.794066,s-sample-17,Sample Student 17,CYBR-2000,answer,c6,c6-o2-try1,"Let website visitors in, except the known bad IP 203.0.113.66.",all tests pass,all tests pass,1,7260,15,960
2026-10-06T09:19:34.331979,2026-10-06T09:19:34.331979,s-sample-17,Sample Student 17,CYBR-2000,answer,c6,c6-o3-try1,Only the IT laptop (10.0.5.20) may use remote login on port 22. Websites stay open to all.,other answer,all tests pass,0,17537,0,975
2026-10-06T09:19:54.331979,2026-10-06T09:19:54.331979,s-sample-17,Sample Student 17,CYBR-2000,chapter_complete,c6,c6-done,c6,2 stars,,75,276815,80,1000
2026-10-06T09:20:23.131737,2026-10-06T09:20:23.131737,s-sample-17,Sample Student 17,CYBR-2000,lesson,c7,c7-l1,lesson,,,,28799,5,1000
2026-10-06T09:20:54.764016,2026-10-06T09:20:54.764016,s-sample-17,Sample Student 17,CYBR-2000,lesson,c7,c7-l2,lesson,,,,31632,5,1000
2026-10-06T09:21:14.512981,2026-10-06T09:21:14.512981,s-sample-17,Sample Student 17,CYBR-2000,lesson,c7,c7-l3,lesson,,,,19748,5,1000
2026-10-06T09:21:27.332326,2026-10-06T09:21:27.332326,s-sample-17,Sample Student 17,CYBR-2000,check,c7,c7-check,What does an IDS do when it finds an attack?,Raises an alert,Raises an alert,1,12819,20,1015
2026-10-06T09:21:37.388239,2026-10-06T09:21:37.388239,s-sample-17,Sample Student 17,CYBR-2000,answer,c7,c7-w1,Message: Search: ' OR 1=1 --,Alert,Alert,1,10055,15,1035
2026-10-06T09:21:50.521782,2026-10-06T09:21:50.521782,s-sample-17,Sample Student 17,CYBR-2000,answer,c7,c7-w2,Message: Show me the school calendar,Normal,Normal,1,13133,20,1050
2026-10-06T09:22:07.812059,2026-10-06T09:22:07.812059,s-sample-17,Sample Student 17,CYBR-2000,answer,c7,c7-w3,Message: Comment: <script>steal()</script>,Alert,Alert,1,17290,10,1070
2026-10-06T09:22:21.301983,2026-10-06T09:22:21.301983,s-sample-17,Sample Student 17,CYBR-2000,answer,c7,c7-w4,Message: Search: script for the school play,Alert,Normal,0,13489,0,1080
2026-10-06T09:22:29.874666,2026-10-06T09:22:29.874666,s-sample-17,Sample Student 17,CYBR-2000,answer,c7,c7-w5,Activity: A school laptop sends 5 GB to an unknown server at 3:12 AM,Alert,Alert,1,8572,20,1080
2026-10-06T09:22:38.635492,2026-10-06T09:22:38.635492,s-sample-17,Sample Student 17,CYBR-2000,answer,c7,c7-w6,Activity: A student downloads a 20 MB PDF for class at 10 AM,Normal,Normal,1,8760,10,1100
2026-10-06T09:22:48.270839,2026-10-06T09:22:48.270839,s-sample-17,Sample Student 17,CYBR-2000,answer,c7,c7-w7,Message: Get file: ../../secret/grades.txt,Alert,Alert,1,9635,10,1110
2026-10-06T09:22:54.174616,2026-10-06T09:22:54.174616,s-sample-17,Sample Student 17,CYBR-2000,answer,c7,c7-w8,Activity: The same account fails to log in 50 times in one minute,Alert,Alert,1,5903,10,1120
2026-10-06T09:23:14.174616,2026-10-06T09:23:14.174616,s-sample-17,Sample Student 17,CYBR-2000,chapter_complete,c7,c7-done,c7,2 stars,,89,327932,155,1155
2026-10-06T09:23:41.041613,2026-10-06T09:23:41.041613,s-sample-17,Sample Student 17,CYBR-2000,lesson,c8,c8-l1,lesson,,,,26866,5,1155
2026-10-06T09:24:13.734864,2026-10-06T09:24:13.734864,s-sample-17,Sample Student 17,CYBR-2000,lesson,c8,c8-l2,lesson,,,,32693,5,1155
2026-10-06T09:24:51.765255,2026-10-06T09:24:51.765255,s-sample-17,Sample Student 17,CYBR-2000,lesson,c8,c8-l3,lesson,,,,38030,5,1155
2026-10-06T09:25:03.679456,2026-10-06T09:25:03.679456,s-sample-17,Sample Student 17,CYBR-2000,check,c8,c8-check,The IPS blocks a student's real homework upload by mistake. This is a...,False positive,False positive,1,11914,15,1170
2026-10-06T09:25:18.879667,2026-10-06T09:25:18.879667,s-sample-17,Sample Student 17,CYBR-2000,answer,c8,c8-lane-clean,Night Shift: clean packets,ALLOW,ALLOW,1,15200,10,1185
2026-10-06T09:25:35.661292,2026-10-06T09:25:35.661292,s-sample-17,Sample Student 17,CYBR-2000,answer,c8,c8-lane-clean,Night Shift: clean packets,ALLOW,ALLOW,1,16781,20,1195
2026-10-06T09:25:52.139052,2026-10-06T09:25:52.139052,s-sample-17,Sample Student 17,CYBR-2000,answer,c8,c8-lane-clean,Night Shift: clean packets,ALLOW,ALLOW,1,16477,15,1215
2026-10-06T09:25:58.382189,2026-10-06T09:25:58.382189,s-sample-17,Sample Student 17,CYBR-2000,answer,c8,c8-lane-clean,Night Shift: clean packets,ALLOW,ALLOW,1,6243,20,1230
2026-10-06T09:26:03.442301,2026-10-06T09:26:03.442301,s-sample-17,Sample Student 17,CYBR-2000,answer,c8,c8-lane-clean,Night Shift: clean packets,ALLOW,ALLOW,1,5060,10,1250
2026-10-06T09:26:18.720376,2026-10-06T09:26:18.720376,s-sample-17,Sample Student 17,CYBR-2000,answer,c8,c8-lane-tricky-clean,Night Shift: tricky clean packets,ALLOW,ALLOW,1,15278,10,1260
2026-10-06T09:26:25.790210,2026-10-06T09:26:25.790210,s-sample-17,Sample Student 17,CYBR-2000,answer,c8,c8-lane-tricky-clean,Night Shift: tricky clean packets,ALLOW,ALLOW,1,7069,15,1270
2026-10-06T09:26:40.058080,2026-10-06T09:26:40.058080,s-sample-17,Sample Student 17,CYBR-2000,answer,c8,c8-lane-tricky-clean,Night Shift: tricky clean packets,ALLOW,ALLOW,1,14267,20,1285
2026-10-06T09:26:45.557634,2026-10-06T09:26:45.557634,s-sample-17,Sample Student 17,CYBR-2000,answer,c8,c8-lane-tricky-clean,Night Shift: tricky clean packets,BLOCK,ALLOW,0,5499,0,1305
2026-10-06T09:26:57.269353,2026-10-06T09:26:57.269353,s-sample-17,Sample Student 17,CYBR-2000,answer,c8,c8-lane-tricky-clean,Night Shift: tricky clean packets,ALLOW,ALLOW,1,11711,10,1305
2026-10-06T09:27:03.349262,2026-10-06T09:27:03.349262,s-sample-17,Sample Student 17,CYBR-2000,answer,c8,c8-lane-signature,Night Shift: signature packets,ALLOW,BLOCK,0,6079,0,1315
2026-10-06T09:27:07.907381,2026-10-06T09:27:07.907381,s-sample-17,Sample Student 17,CYBR-2000,answer,c8,c8-lane-signature,Night Shift: signature packets,ALLOW,BLOCK,0,4558,0,1315
2026-10-06T09:27:22.132299,2026-10-06T09:27:22.132299,s-sample-17,Sample Student 17,CYBR-2000,answer,c8,c8-lane-signature,Night Shift: signature packets,BLOCK,BLOCK,1,14224,15,1315
2026-10-06T09:27:38.353283,2026-10-06T09:27:38.353283,s-sample-17,Sample Student 17,CYBR-2000,answer,c8,c8-lane-signature,Night Shift: signature packets,BLOCK,BLOCK,1,16220,10,1330
2026-10-06T09:27:56.028360,2026-10-06T09:27:56.028360,s-sample-17,Sample Student 17,CYBR-2000,answer,c8,c8-lane-signature,Night Shift: signature packets,BLOCK,BLOCK,1,17675,10,1340
2026-10-06T09:28:02.274658,2026-10-06T09:28:02.274658,s-sample-17,Sample Student 17,CYBR-2000,answer,c8,c8-lane-bad-port,Night Shift: bad port packets,BLOCK,BLOCK,1,6246,10,1350
2026-10-06T09:28:16.190677,2026-10-06T09:28:16.190677,s-sample-17,Sample Student 17,CYBR-2000,answer,c8,c8-lane-bad-port,Night Shift: bad port packets,BLOCK,BLOCK,1,13916,20,1360
2026-10-06T09:28:26.677784,2026-10-06T09:28:26.677784,s-sample-17,Sample Student 17,CYBR-2000,answer,c8,c8-lane-bad-port,Night Shift: bad port packets,BLOCK,BLOCK,1,10487,10,1380
2026-10-06T09:28:39.207404,2026-10-06T09:28:39.207404,s-sample-17,Sample Student 17,CYBR-2000,answer,c8,c8-lane-bad-port,Night Shift: bad port packets,BLOCK,BLOCK,1,12529,20,1390
2026-10-06T09:28:45.979852,2026-10-06T09:28:45.979852,s-sample-17,Sample Student 17,CYBR-2000,answer,c8,c8-lane-bad-port,Night Shift: bad port packets,BLOCK,BLOCK,1,6772,10,1410
2026-10-06T09:28:56.062246,2026-10-06T09:28:56.062246,s-sample-17,Sample Student 17,CYBR-2000,answer,c8,c8-lane-blocklist,Night Shift: blocklist packets,BLOCK,BLOCK,1,10082,15,1420
2026-10-06T09:29:06.308433,2026-10-06T09:29:06.308433,s-sample-17,Sample Student 17,CYBR-2000,answer,c8,c8-lane-blocklist,Night Shift: blocklist packets,BLOCK,BLOCK,1,10246,15,1435
2026-10-06T09:29:24.236939,2026-10-06T09:29:24.236939,s-sample-17,Sample Student 17,CYBR-2000,answer,c8,c8-lane-blocklist,Night Shift: blocklist packets,BLOCK,BLOCK,1,17928,20,1450
2026-10-06T09:29:30.554805,2026-10-06T09:29:30.554805,s-sample-17,Sample Student 17,CYBR-2000,answer,c8,c8-lane-blocklist,Night Shift: blocklist packets,BLOCK,BLOCK,1,6317,10,1470
2026-10-06T09:29:43.319258,2026-10-06T09:29:43.319258,s-sample-17,Sample Student 17,CYBR-2000,answer,c8,c8-lane-blocklist,Night Shift: blocklist packets,BLOCK,BLOCK,1,12764,20,1480
2026-10-06T09:30:03.319258,2026-10-06T09:30:03.319258,s-sample-17,Sample Student 17,CYBR-2000,chapter_complete,c8,c8-done,c8,2 stars,,88,194144,370,1525
2026-10-06T09:30:03.319258,2026-10-06T09:30:03.319258,s-sample-17,Sample Student 17,CYBR-2000,finish,,,,,,,,0,1525
2026-10-06T09:00:00,2026-10-06T09:00:00,s-sample-18,Sample Student 18,CYBR-2000,start,,,,avatar 0,,,,0,0
2026-10-06T09:00:06.132746,2026-10-06T09:00:06.132746,s-sample-18,Sample Student 18,CYBR-2000,lesson,c1,c1-l1,lesson,,,,6132,5,0
2026-10-06T09:01:01.150491,2026-10-06T09:01:01.150491,s-sample-18,Sample Student 18,CYBR-2000,lesson,c1,c1-l2,lesson,,,,55017,5,0
2026-10-06T09:01:06.791260,2026-10-06T09:01:06.791260,s-sample-18,Sample Student 18,CYBR-2000,lesson,c1,c1-l3,lesson,,,,5640,5,0
2026-10-06T09:01:18.642698,2026-10-06T09:01:18.642698,s-sample-18,Sample Student 18,CYBR-2000,check,c1,c1-check,Someone changes your grade from a C to an A without permission. Which part of CIA is broken?,Integrity,Integrity,1,11851,10,15
2026-10-06T09:01:32.279685,2026-10-06T09:01:32.279685,s-sample-18,Sample Student 18,CYBR-2000,answer,c1,c1-s1,A stranger reads your private messages.,Confidentiality,Confidentiality,1,13636,10,25
2026-10-06T09:01:36.344105,2026-10-06T09:01:36.344105,s-sample-18,Sample Student 18,CYBR-2000,answer,c1,c1-s2,A hacker changes the price of shoes on a store website to $1.,Integrity,Integrity,1,4064,20,35
2026-10-06T09:01:40.422653,2026-10-06T09:01:40.422653,s-sample-18,Sample Student 18,CYBR-2000,answer,c1,c1-s3,The school website crashes on the first day of class.,Availability,Availability,1,4078,15,55
2026-10-06T09:01:53.793090,2026-10-06T09:01:53.793090,s-sample-18,Sample Student 18,CYBR-2000,answer,c1,c1-s4,Your friend watches over your shoulder as you type your PIN.,Confidentiality,Confidentiality,1,13370,20,70
2026-10-06T09:02:07.070805,2026-10-06T09:02:07.070805,s-sample-18,Sample Student 18,CYBR-2000,answer,c1,c1-s5,A virus edits files so the numbers in them are wrong.,Integrity,Integrity,1,13277,15,90
2026-10-06T09:02:24.447825,2026-10-06T09:02:24.447825,s-sample-18,Sample Student 18,CYBR-2000,answer,c1,c1-s6,A storm knocks out power to the server room.,Availability,Availability,1,17377,20,105
2026-10-06T09:02:40.978345,2026-10-06T09:02:40.978345,s-sample-18,Sample Student 18,CYBR-2000,answer,c1,c1-s7,"Thousands of fake visitors flood a game server, so real players cannot log in.",Availability,Availability,1,16530,10,125
2026-10-06T09:02:57.631287,2026-10-06T09:02:57.631287,s-sample-18,Sample Student 18,CYBR-2000,answer,c1,c1-s8,Someone posts your password online.,Confidentiality,Confidentiality,1,16652,20,135
2026-10-06T09:03:17.631287,2026-10-06T09:03:17.631287,s-sample-18,Sample Student 18,CYBR-2000,chapter_complete,c1,c1-done,c1,3 stars,,100,369151,205,205
2026-10-06T09:04:17.244154,2026-10-06T09:04:17.244154,s-sample-18,Sample Student 18,CYBR-2000,lesson,c2,c2-l1,lesson,,,,59612,5,205
2026-10-06T09:04:58.757874,2026-10-06T09:04:58.757874,s-sample-18,Sample Student 18,CYBR-2000,lesson,c2,c2-l2,lesson,,,,41513,5,205
2026-10-06T09:05:52.780075,2026-10-06T09:05:52.780075,s-sample-18,Sample Student 18,CYBR-2000,lesson,c2,c2-l3,lesson,,,,54022,5,205
2026-10-06T09:06:10.622783,2026-10-06T09:06:10.622783,s-sample-18,Sample Student 18,CYBR-2000,check,c2,c2-check,Which one is MFA?,A password and a code sent to your phone,A password and a code sent to your phone,1,17842,15,220
2026-10-06T09:06:25.220064,2026-10-06T09:06:25.220064,s-sample-18,Sample Student 18,CYBR-2000,answer,c2,c2-p1,Which password is stronger?,blue-river-pizza-cloud,blue-river-pizza-cloud,1,14597,10,235
2026-10-06T09:06:30.376682,2026-10-06T09:06:30.376682,s-sample-18,Sample Student 18,CYBR-2000,answer,c2,c2-p2,Which password is stronger?,maple-guitar-orbit-sock,maple-guitar-orbit-sock,1,5156,15,245
2026-10-06T09:06:42.587995,2026-10-06T09:06:42.587995,s-sample-18,Sample Student 18,CYBR-2000,answer,c2,c2-p3,Which password is stronger?,other answer,correct-horse-lamp-yellow,0,12211,0,260
2026-10-06T09:06:59.655021,2026-10-06T09:06:59.655021,s-sample-18,Sample Student 18,CYBR-2000,answer,c2,c2-p4,Which habit is safer?,"A different password on every site, saved in a password manager","A different password on every site, saved in a password manager",1,17067,10,260
2026-10-06T09:07:05.525446,2026-10-06T09:07:05.525446,s-sample-18,Sample Student 18,CYBR-2000,answer,c2,c2-p5,Which password is stronger?,Qz8#mL2!vR9p,Qz8#mL2!vR9p,1,5870,15,270
2026-10-06T09:07:11.117085,2026-10-06T09:07:11.117085,s-sample-18,Sample Student 18,CYBR-2000,answer,c2,c2-q1,You get a text with a login code you did not ask for. What should you do?,Ignore the code and change your password,Ignore the code and change your password,1,5591,15,285
2026-10-06T09:07:25.286353,2026-10-06T09:07:25.286353,s-sample-18,Sample Student 18,CYBR-2000,answer,c2,c2-q2,A friend asks for your game password so they can level up your character. What do you do?,"Say no, and keep your password private","Say no, and keep your password private",1,14169,15,300
2026-10-06T09:07:45.286353,2026-10-06T09:07:45.286353,s-sample-18,Sample Student 18,CYBR-2000,chapter_complete,c2,c2-done,c2,2 stars,,88,199525,135,340
2026-10-06T09:08:06.178499,2026-10-06T09:08:06.178499,s-sample-18,Sample Student 18,CYBR-2000,lesson,c3,c3-l1,lesson,,,,20892,5,340
2026-10-06T09:08:26.910126,2026-10-06T09:08:26.910126,s-sample-18,Sample Student 18,CYBR-2000,lesson,c3,c3-l2,lesson,,,,20731,5,340
2026-10-06T09:08:59.430630,2026-10-06T09:08:59.430630,s-sample-18,Sample Student 18,CYBR-2000,lesson,c3,c3-l3,lesson,,,,32520,5,340
2026-10-06T09:09:11.435229,2026-10-06T09:09:11.435229,s-sample-18,Sample Student 18,CYBR-2000,check,c3,c3-check,Which is the biggest red flag?,The email asks you to type your password on a link,The email asks you to type your password on a link,1,12004,20,355
2026-10-06T09:09:21.822254,2026-10-06T09:09:21.822254,s-sample-18,Sample Student 18,CYBR-2000,answer,c3,c3-e1,Netflix: Account suspended! Update payment in 2 hours,Phish,Phish,1,10387,15,375
2026-10-06T09:09:39.122271,2026-10-06T09:09:39.122271,s-sample-18,Sample Student 18,CYBR-2000,answer,c3,c3-e2,Ms. Carter: Reminder: quiz moved to Friday,Safe,Safe,1,17300,15,390
2026-10-06T09:09:43.770897,2026-10-06T09:09:43.770897,s-sample-18,Sample Student 18,CYBR-2000,answer,c3,c3-e3,"Roblox Rewards: YOU WON 10,000 ROBUX!!!",Phish,Phish,1,4648,10,405
2026-10-06T09:09:51.903229,2026-10-06T09:09:51.903229,s-sample-18,Sample Student 18,CYBR-2000,answer,c3,c3-e4,"Principal Grant: Quick favor, keep it secret",Phish,Phish,1,8132,20,415
2026-10-06T09:10:03.476491,2026-10-06T09:10:03.476491,s-sample-18,Sample Student 18,CYBR-2000,answer,c3,c3-e5,USPS: Package on hold,Safe,Phish,0,11573,0,435
2026-10-06T09:10:09.312662,2026-10-06T09:10:09.312662,s-sample-18,Sample Student 18,CYBR-2000,answer,c3,c3-e6,Library: Your book is due Monday,Phish,Safe,0,5836,0,435
2026-10-06T09:10:29.312662,2026-10-06T09:10:29.312662,s-sample-18,Sample Student 18,CYBR-2000,chapter_complete,c3,c3-done,c3,2 stars,,71,332846,120,460
2026-10-06T09:10:33.818719,2026-10-06T09:10:33.818719,s-sample-18,Sample Student 18,CYBR-2000,lesson,c4,c4-l1,lesson,,,,4506,5,460
2026-10-06T09:10:38.598010,2026-10-06T09:10:38.598010,s-sample-18,Sample Student 18,CYBR-2000,lesson,c4,c4-l2,lesson,,,,4779,5,460
2026-10-06T09:10:42.459654,2026-10-06T09:10:42.459654,s-sample-18,Sample Student 18,CYBR-2000,lesson,c4,c4-l3,lesson,,,,3861,5,460
2026-10-06T09:10:51.264816,2026-10-06T09:10:51.264816,s-sample-18,Sample Student 18,CYBR-2000,check,c4,c4-check,A security camera is mainly a...,Detect control,Detect control,1,8805,20,475
2026-10-06T09:10:57.177595,2026-10-06T09:10:57.177595,s-sample-18,Sample Student 18,CYBR-2000,answer,c4,c4-s1,A lock on the server room door,Prevent,Prevent,1,5912,10,495
2026-10-06T09:11:12.914342,2026-10-06T09:11:12.914342,s-sample-18,Sample Student 18,CYBR-2000,answer,c4,c4-s2,A firewall that blocks bad traffic,Prevent,Prevent,1,15736,15,505
2026-10-06T09:11:19.207465,2026-10-06T09:11:19.207465,s-sample-18,Sample Student 18,CYBR-2000,answer,c4,c4-s3,Multi-factor authentication (MFA),Prevent,Prevent,1,6293,10,520
2026-10-06T09:11:34.209514,2026-10-06T09:11:34.209514,s-sample-18,Sample Student 18,CYBR-2000,answer,c4,c4-s4,A security camera in the hallway,Detect,Detect,1,15002,15,530
2026-10-06T09:11:39.062519,2026-10-06T09:11:39.062519,s-sample-18,Sample Student 18,CYBR-2000,answer,c4,c4-s5,An alert when someone logs in at 3 AM from another country,Detect,Detect,1,4853,10,545
2026-10-06T09:11:51.642601,2026-10-06T09:11:51.642601,s-sample-18,Sample Student 18,CYBR-2000,answer,c4,c4-s6,An intrusion detection system (IDS),Detect,Detect,1,12580,10,555
2026-10-06T09:12:03.104015,2026-10-06T09:12:03.104015,s-sample-18,Sample Student 18,CYBR-2000,answer,c4,c4-s7,Restoring files from last night's backup,Fix,Fix,1,11461,15,565
2026-10-06T09:12:12.932585,2026-10-06T09:12:12.932585,s-sample-18,Sample Student 18,CYBR-2000,answer,c4,c4-s8,Antivirus removing a virus it found,Fix,Fix,1,9828,15,580
2026-10-06T09:12:26.480521,2026-10-06T09:12:26.480521,s-sample-18,Sample Student 18,CYBR-2000,answer,c4,c4-s9,Rebuilding a laptop after ransomware,Fix,Fix,1,13547,20,595
2026-10-06T09:12:39.616676,2026-10-06T09:12:39.616676,s-sample-18,Sample Student 18,CYBR-2000,answer,c4,c4-k1,A tall fence around the data center,Physical,Physical,1,13136,15,615
2026-10-06T09:12:57.084640,2026-10-06T09:12:57.084640,s-sample-18,Sample Student 18,CYBR-2000,answer,c4,c4-k2,Encrypting files so only the owner can read them,Technical,Technical,1,17467,15,630
2026-10-06T09:13:10.658860,2026-10-06T09:13:10.658860,s-sample-18,Sample Student 18,CYBR-2000,answer,c4,c4-k3,"A school rule: ""Never share your password""",Administrative,Administrative,1,13574,20,645
2026-10-06T09:13:27.111001,2026-10-06T09:13:27.111001,s-sample-18,Sample Student 18,CYBR-2000,answer,c4,c4-k4,Training every student to spot phishing,Administrative,Administrative,1,16452,10,665
2026-10-06T09:13:47.111001,2026-10-06T09:13:47.111001,s-sample-18,Sample Student 18,CYBR-2000,chapter_complete,c4,c4-done,c4,3 stars,,100,395731,265,725
2026-10-06T09:13:51.989271,2026-10-06T09:13:51.989271,s-sample-18,Sample Student 18,CYBR-2000,lesson,c5,c5-l1,lesson,,,,4878,5,725
2026-10-06T09:13:57.205410,2026-10-06T09:13:57.205410,s-sample-18,Sample Student 18,CYBR-2000,lesson,c5,c5-l2,lesson,,,,5216,5,725
2026-10-06T09:14:01.576630,2026-10-06T09:14:01.576630,s-sample-18,Sample Student 18,CYBR-2000,lesson,c5,c5-l3,lesson,,,,4371,5,725
2026-10-06T09:14:07.541369,2026-10-06T09:14:07.541369,s-sample-18,Sample Student 18,CYBR-2000,check,c5,c5-check,"The firewall rule is ""Allow port 443 only."" A packet wants port 3389. What happens?",other answer,Blocked,0,5964,0,740
2026-10-06T09:14:25.076789,2026-10-06T09:14:25.076789,s-sample-18,Sample Student 18,CYBR-2000,answer,c5,c5-lane-website-ok,Gate Duty: website ok packets,ALLOW,ALLOW,1,17535,15,740
2026-10-06T09:14:31.571739,2026-10-06T09:14:31.571739,s-sample-18,Sample Student 18,CYBR-2000,answer,c5,c5-lane-website-ok,Gate Duty: website ok packets,ALLOW,ALLOW,1,6494,10,755
2026-10-06T09:14:41.987958,2026-10-06T09:14:41.987958,s-sample-18,Sample Student 18,CYBR-2000,answer,c5,c5-lane-website-ok,Gate Duty: website ok packets,ALLOW,ALLOW,1,10416,15,765
2026-10-06T09:14:51.160612,2026-10-06T09:14:51.160612,s-sample-18,Sample Student 18,CYBR-2000,answer,c5,c5-lane-website-ok,Gate Duty: website ok packets,ALLOW,ALLOW,1,9172,20,780
2026-10-06T09:15:01.890591,2026-10-06T09:15:01.890591,s-sample-18,Sample Student 18,CYBR-2000,answer,c5,c5-lane-website-ok,Gate Duty: website ok packets,ALLOW,ALLOW,1,10729,20,800
2026-10-06T09:15:19.304466,2026-10-06T09:15:19.304466,s-sample-18,Sample Student 18,CYBR-2000,answer,c5,c5-lane-bad-port,Gate Duty: bad port packets,BLOCK,BLOCK,1,17413,20,820
2026-10-06T09:15:28.349303,2026-10-06T09:15:28.349303,s-sample-18,Sample Student 18,CYBR-2000,answer,c5,c5-lane-bad-port,Gate Duty: bad port packets,BLOCK,BLOCK,1,9044,20,840
2026-10-06T09:15:36.452351,2026-10-06T09:15:36.452351,s-sample-18,Sample Student 18,CYBR-2000,answer,c5,c5-lane-bad-port,Gate Duty: bad port packets,BLOCK,BLOCK,1,8103,20,860
2026-10-06T09:15:54.072770,2026-10-06T09:15:54.072770,s-sample-18,Sample Student 18,CYBR-2000,answer,c5,c5-lane-bad-port,Gate Duty: bad port packets,BLOCK,BLOCK,1,17620,10,880
2026-10-06T09:16:01.007674,2026-10-06T09:16:01.007674,s-sample-18,Sample Student 18,CYBR-2000,answer,c5,c5-lane-bad-port,Gate Duty: bad port packets,BLOCK,BLOCK,1,6934,10,890
2026-10-06T09:16:12.112165,2026-10-06T09:16:12.112165,s-sample-18,Sample Student 18,CYBR-2000,answer,c5,c5-lane-blocklist,Gate Duty: blocklist packets,BLOCK,BLOCK,1,11104,10,900
2026-10-06T09:16:19.433726,2026-10-06T09:16:19.433726,s-sample-18,Sample Student 18,CYBR-2000,answer,c5,c5-lane-blocklist,Gate Duty: blocklist packets,ALLOW,BLOCK,0,7321,0,910
2026-10-06T09:16:27.447478,2026-10-06T09:16:27.447478,s-sample-18,Sample Student 18,CYBR-2000,answer,c5,c5-lane-blocklist,Gate Duty: blocklist packets,BLOCK,BLOCK,1,8013,10,910
2026-10-06T09:16:40.942465,2026-10-06T09:16:40.942465,s-sample-18,Sample Student 18,CYBR-2000,answer,c5,c5-lane-blocklist,Gate Duty: blocklist packets,ALLOW,BLOCK,0,13494,0,920
2026-10-06T09:16:44.967318,2026-10-06T09:16:44.967318,s-sample-18,Sample Student 18,CYBR-2000,answer,c5,c5-lane-blocklist,Gate Duty: blocklist packets,ALLOW,BLOCK,0,4024,0,920
2026-10-06T09:17:04.967318,2026-10-06T09:17:04.967318,s-sample-18,Sample Student 18,CYBR-2000,chapter_complete,c5,c5-done,c5,2 stars,,75,191817,220,945
2026-10-06T09:17:32.792314,2026-10-06T09:17:32.792314,s-sample-18,Sample Student 18,CYBR-2000,lesson,c6,c6-l1,lesson,,,,27824,5,945
2026-10-06T09:18:01.542996,2026-10-06T09:18:01.542996,s-sample-18,Sample Student 18,CYBR-2000,lesson,c6,c6-l2,lesson,,,,28750,5,945
2026-10-06T09:18:17.083791,2026-10-06T09:18:17.083791,s-sample-18,Sample Student 18,CYBR-2000,check,c6,c6-check,"Where should ""Block everything"" go?",At the bottom,At the bottom,1,15540,10,955
2026-10-06T09:18:34.918298,2026-10-06T09:18:34.918298,s-sample-18,Sample Student 18,CYBR-2000,answer,c6,c6-o1-try1,Let website visitors in. Keep everything else out.,all tests pass,all tests pass,1,17834,10,965
2026-10-06T09:18:51.967307,2026-10-06T09:18:51.967307,s-sample-18,Sample Student 18,CYBR-2000,answer,c6,c6-o2-try1,"Let website visitors in, except the known bad IP 203.0.113.66.",all tests pass,all tests pass,1,17049,15,975
2026-10-06T09:19:06.322635,2026-10-06T09:19:06.322635,s-sample-18,Sample Student 18,CYBR-2000,answer,c6,c6-o3-try1,Only the IT laptop (10.0.5.20) may use remote login on port 22. Websites stay open to all.,other answer,all tests pass,0,14355,0,990
2026-10-06T09:19:26.322635,2026-10-06T09:19:26.322635,s-sample-18,Sample Student 18,CYBR-2000,chapter_complete,c6,c6-done,c6,2 stars,,75,409534,70,1015
2026-10-06T09:03:00,2026-10-06T09:03:00,s-sample-19,Sample Student 19,CYBR-2000,start,,,,avatar 0,,,,0,0
2026-10-06T09:03:34.914033,2026-10-06T09:03:34.914033,s-sample-19,Sample Student 19,CYBR-2000,lesson,c1,c1-l1,lesson,,,,34914,5,0
2026-10-06T09:03:57.555126,2026-10-06T09:03:57.555126,s-sample-19,Sample Student 19,CYBR-2000,lesson,c1,c1-l2,lesson,,,,22641,5,0
2026-10-06T09:04:02.612738,2026-10-06T09:04:02.612738,s-sample-19,Sample Student 19,CYBR-2000,lesson,c1,c1-l3,lesson,,,,5057,5,0
2026-10-06T09:04:20.527889,2026-10-06T09:04:20.527889,s-sample-19,Sample Student 19,CYBR-2000,check,c1,c1-check,Someone changes your grade from a C to an A without permission. Which part of CIA is broken?,Integrity,Integrity,1,17915,15,15
2026-10-06T09:04:33.676007,2026-10-06T09:04:33.676007,s-sample-19,Sample Student 19,CYBR-2000,answer,c1,c1-s1,A stranger reads your private messages.,Confidentiality,Confidentiality,1,13148,10,30
2026-10-06T09:04:42.792643,2026-10-06T09:04:42.792643,s-sample-19,Sample Student 19,CYBR-2000,answer,c1,c1-s2,A hacker changes the price of shoes on a store website to $1.,Integrity,Integrity,1,9116,10,40
2026-10-06T09:04:59.393814,2026-10-06T09:04:59.393814,s-sample-19,Sample Student 19,CYBR-2000,answer,c1,c1-s3,The school website crashes on the first day of class.,Availability,Availability,1,16601,15,50
2026-10-06T09:05:05.669824,2026-10-06T09:05:05.669824,s-sample-19,Sample Student 19,CYBR-2000,answer,c1,c1-s4,Your friend watches over your shoulder as you type your PIN.,Confidentiality,Confidentiality,1,6276,10,65
2026-10-06T09:05:17.909286,2026-10-06T09:05:17.909286,s-sample-19,Sample Student 19,CYBR-2000,answer,c1,c1-s5,A virus edits files so the numbers in them are wrong.,Integrity,Integrity,1,12239,10,75
2026-10-06T09:05:28.948522,2026-10-06T09:05:28.948522,s-sample-19,Sample Student 19,CYBR-2000,answer,c1,c1-s6,A storm knocks out power to the server room.,Availability,Availability,1,11039,20,85
2026-10-06T09:05:39.900610,2026-10-06T09:05:39.900610,s-sample-19,Sample Student 19,CYBR-2000,answer,c1,c1-s7,"Thousands of fake visitors flood a game server, so real players cannot log in.",Availability,Availability,1,10952,15,105
2026-10-06T09:05:44.112269,2026-10-06T09:05:44.112269,s-sample-19,Sample Student 19,CYBR-2000,answer,c1,c1-s8,Someone posts your password online.,Confidentiality,Confidentiality,1,4211,10,120
2026-10-06T09:06:04.112269,2026-10-06T09:06:04.112269,s-sample-19,Sample Student 19,CYBR-2000,chapter_complete,c1,c1-done,c1,3 stars,,100,236682,180,180
2026-10-06T09:07:00.992740,2026-10-06T09:07:00.992740,s-sample-19,Sample Student 19,CYBR-2000,lesson,c2,c2-l1,lesson,,,,56880,5,180
2026-10-06T09:07:22.881234,2026-10-06T09:07:22.881234,s-sample-19,Sample Student 19,CYBR-2000,lesson,c2,c2-l2,lesson,,,,21888,5,180
2026-10-06T09:07:43.920505,2026-10-06T09:07:43.920505,s-sample-19,Sample Student 19,CYBR-2000,lesson,c2,c2-l3,lesson,,,,21039,5,180
2026-10-06T09:07:48.605807,2026-10-06T09:07:48.605807,s-sample-19,Sample Student 19,CYBR-2000,check,c2,c2-check,Which one is MFA?,other answer,A password and a code sent to your phone,0,4685,0,195
2026-10-06T09:07:55.949556,2026-10-06T09:07:55.949556,s-sample-19,Sample Student 19,CYBR-2000,answer,c2,c2-p1,Which password is stronger?,other answer,blue-river-pizza-cloud,0,7343,0,195
2026-10-06T09:08:12.901289,2026-10-06T09:08:12.901289,s-sample-19,Sample Student 19,CYBR-2000,answer,c2,c2-p2,Which password is stronger?,maple-guitar-orbit-sock,maple-guitar-orbit-sock,1,16951,10,195
2026-10-06T09:08:18.051617,2026-10-06T09:08:18.051617,s-sample-19,Sample Student 19,CYBR-2000,answer,c2,c2-p3,Which password is stronger?,correct-horse-lamp-yellow,correct-horse-lamp-yellow,1,5150,15,205
2026-10-06T09:08:26.795065,2026-10-06T09:08:26.795065,s-sample-19,Sample Student 19,CYBR-2000,answer,c2,c2-p4,Which habit is safer?,"A different password on every site, saved in a password manager","A different password on every site, saved in a password manager",1,8743,10,220
2026-10-06T09:08:35.114356,2026-10-06T09:08:35.114356,s-sample-19,Sample Student 19,CYBR-2000,answer,c2,c2-p5,Which password is stronger?,Qz8#mL2!vR9p,Qz8#mL2!vR9p,1,8319,20,230
2026-10-06T09:08:45.370963,2026-10-06T09:08:45.370963,s-sample-19,Sample Student 19,CYBR-2000,answer,c2,c2-q1,You get a text with a login code you did not ask for. What should you do?,Ignore the code and change your password,Ignore the code and change your password,1,10256,20,250
2026-10-06T09:08:53.645782,2026-10-06T09:08:53.645782,s-sample-19,Sample Student 19,CYBR-2000,answer,c2,c2-q2,A friend asks for your game password so they can level up your character. What do you do?,"Say no, and keep your password private","Say no, and keep your password private",1,8274,15,270
2026-10-06T09:09:13.645782,2026-10-06T09:09:13.645782,s-sample-19,Sample Student 19,CYBR-2000,chapter_complete,c2,c2-done,c2,2 stars,,75,403563,130,310
2026-10-06T09:09:56.855109,2026-10-06T09:09:56.855109,s-sample-19,Sample Student 19,CYBR-2000,lesson,c3,c3-l1,lesson,,,,43209,5,310
2026-10-06T09:10:38.042498,2026-10-06T09:10:38.042498,s-sample-19,Sample Student 19,CYBR-2000,lesson,c3,c3-l2,lesson,,,,41187,5,310
2026-10-06T09:11:30.429670,2026-10-06T09:11:30.429670,s-sample-19,Sample Student 19,CYBR-2000,lesson,c3,c3-l3,lesson,,,,52387,5,310
2026-10-06T09:11:39.124494,2026-10-06T09:11:39.124494,s-sample-19,Sample Student 19,CYBR-2000,check,c3,c3-check,Which is the biggest red flag?,The email asks you to type your password on a link,The email asks you to type your password on a link,1,8694,10,325
2026-10-06T09:11:53.597863,2026-10-06T09:11:53.597863,s-sample-19,Sample Student 19,CYBR-2000,answer,c3,c3-e1,Netflix: Account suspended! Update payment in 2 hours,Phish,Phish,1,14473,10,335
2026-10-06T09:11:59.951182,2026-10-06T09:11:59.951182,s-sample-19,Sample Student 19,CYBR-2000,answer,c3,c3-e2,Ms. Carter: Reminder: quiz moved to Friday,Safe,Safe,1,6353,20,345
2026-10-06T09:12:07.576614,2026-10-06T09:12:07.576614,s-sample-19,Sample Student 19,CYBR-2000,answer,c3,c3-e3,"Roblox Rewards: YOU WON 10,000 ROBUX!!!",Phish,Phish,1,7625,15,365
2026-10-06T09:12:24.213031,2026-10-06T09:12:24.213031,s-sample-19,Sample Student 19,CYBR-2000,answer,c3,c3-e4,"Principal Grant: Quick favor, keep it secret",Phish,Phish,1,16636,10,380
2026-10-06T09:12:37.479115,2026-10-06T09:12:37.479115,s-sample-19,Sample Student 19,CYBR-2000,answer,c3,c3-e5,USPS: Package on hold,Phish,Phish,1,13266,10,390
2026-10-06T09:12:42.708460,2026-10-06T09:12:42.708460,s-sample-19,Sample Student 19,CYBR-2000,answer,c3,c3-e6,Library: Your book is due Monday,Safe,Safe,1,5229,20,400
2026-10-06T09:13:02.708460,2026-10-06T09:13:02.708460,s-sample-19,Sample Student 19,CYBR-2000,chapter_complete,c3,c3-done,c3,3 stars,,100,249044,160,470
2026-10-06T09:13:31.131510,2026-10-06T09:13:31.131510,s-sample-19,Sample Student 19,CYBR-2000,lesson,c4,c4-l1,lesson,,,,28423,5,470
2026-10-06T09:14:05.963297,2026-10-06T09:14:05.963297,s-sample-19,Sample Student 19,CYBR-2000,lesson,c4,c4-l2,lesson,,,,34831,5,470
2026-10-06T09:14:09.239721,2026-10-06T09:14:09.239721,s-sample-19,Sample Student 19,CYBR-2000,lesson,c4,c4-l3,lesson,,,,3276,5,470
2026-10-06T09:14:26.119007,2026-10-06T09:14:26.119007,s-sample-19,Sample Student 19,CYBR-2000,check,c4,c4-check,A security camera is mainly a...,other answer,Detect control,0,16879,0,485
2026-10-06T09:14:37.151216,2026-10-06T09:14:37.151216,s-sample-19,Sample Student 19,CYBR-2000,answer,c4,c4-s1,A lock on the server room door,Prevent,Prevent,1,11032,15,485
2026-10-06T09:14:42.539977,2026-10-06T09:14:42.539977,s-sample-19,Sample Student 19,CYBR-2000,answer,c4,c4-s2,A firewall that blocks bad traffic,Prevent,Prevent,1,5388,15,500
2026-10-06T09:14:52.810298,2026-10-06T09:14:52.810298,s-sample-19,Sample Student 19,CYBR-2000,answer,c4,c4-s3,Multi-factor authentication (MFA),Prevent,Prevent,1,10270,10,515
2026-10-06T09:15:08.213711,2026-10-06T09:15:08.213711,s-sample-19,Sample Student 19,CYBR-2000,answer,c4,c4-s4,A security camera in the hallway,Detect,Detect,1,15403,15,525
2026-10-06T09:15:13.153283,2026-10-06T09:15:13.153283,s-sample-19,Sample Student 19,CYBR-2000,answer,c4,c4-s5,An alert when someone logs in at 3 AM from another country,Detect,Detect,1,4939,15,540
2026-10-06T09:15:26.753260,2026-10-06T09:15:26.753260,s-sample-19,Sample Student 19,CYBR-2000,answer,c4,c4-s6,An intrusion detection system (IDS),Detect,Detect,1,13599,20,555
2026-10-06T09:15:44.543337,2026-10-06T09:15:44.543337,s-sample-19,Sample Student 19,CYBR-2000,answer,c4,c4-s7,Restoring files from last night's backup,Fix,Fix,1,17790,20,575
2026-10-06T09:15:58.557175,2026-10-06T09:15:58.557175,s-sample-19,Sample Student 19,CYBR-2000,answer,c4,c4-s8,Antivirus removing a virus it found,Fix,Fix,1,14013,10,595
2026-10-06T09:16:07.065733,2026-10-06T09:16:07.065733,s-sample-19,Sample Student 19,CYBR-2000,answer,c4,c4-s9,Rebuilding a laptop after ransomware,Fix,Fix,1,8508,10,605
2026-10-06T09:16:24.343667,2026-10-06T09:16:24.343667,s-sample-19,Sample Student 19,CYBR-2000,answer,c4,c4-k1,A tall fence around the data center,Physical,Physical,1,17277,15,615
2026-10-06T09:16:38.080309,2026-10-06T09:16:38.080309,s-sample-19,Sample Student 19,CYBR-2000,answer,c4,c4-k2,Encrypting files so only the owner can read them,Technical,Technical,1,13736,15,630
2026-10-06T09:16:53.665233,2026-10-06T09:16:53.665233,s-sample-19,Sample Student 19,CYBR-2000,answer,c4,c4-k3,"A school rule: ""Never share your password""",Administrative,Administrative,1,15584,10,645
2026-10-06T09:17:03.796398,2026-10-06T09:17:03.796398,s-sample-19,Sample Student 19,CYBR-2000,answer,c4,c4-k4,Training every student to spot phishing,other answer,Administrative,0,10131,0,655
2026-10-06T09:17:23.796398,2026-10-06T09:17:23.796398,s-sample-19,Sample Student 19,CYBR-2000,chapter_complete,c4,c4-done,c4,2 stars,,86,180863,210,680
2026-10-06T09:18:05.414435,2026-10-06T09:18:05.414435,s-sample-19,Sample Student 19,CYBR-2000,lesson,c5,c5-l1,lesson,,,,41618,5,680
2026-10-06T09:18:12.043444,2026-10-06T09:18:12.043444,s-sample-19,Sample Student 19,CYBR-2000,lesson,c5,c5-l2,lesson,,,,6629,5,680
2026-10-06T09:18:15.504264,2026-10-06T09:18:15.504264,s-sample-19,Sample Student 19,CYBR-2000,lesson,c5,c5-l3,lesson,,,,3460,5,680
2026-10-06T09:18:31.741730,2026-10-06T09:18:31.741730,s-sample-19,Sample Student 19,CYBR-2000,check,c5,c5-check,"The firewall rule is ""Allow port 443 only."" A packet wants port 3389. What happens?",Blocked,Blocked,1,16237,10,695
2026-10-06T09:18:49.690664,2026-10-06T09:18:49.690664,s-sample-19,Sample Student 19,CYBR-2000,answer,c5,c5-lane-website-ok,Gate Duty: website ok packets,ALLOW,ALLOW,1,17948,15,705
2026-10-06T09:19:04.175735,2026-10-06T09:19:04.175735,s-sample-19,Sample Student 19,CYBR-2000,answer,c5,c5-lane-website-ok,Gate Duty: website ok packets,ALLOW,ALLOW,1,14485,20,720
2026-10-06T09:19:16.410908,2026-10-06T09:19:16.410908,s-sample-19,Sample Student 19,CYBR-2000,answer,c5,c5-lane-website-ok,Gate Duty: website ok packets,ALLOW,ALLOW,1,12235,20,740
2026-10-06T09:19:32.161922,2026-10-06T09:19:32.161922,s-sample-19,Sample Student 19,CYBR-2000,answer,c5,c5-lane-website-ok,Gate Duty: website ok packets,ALLOW,ALLOW,1,15751,20,760
2026-10-06T09:19:43.424258,2026-10-06T09:19:43.424258,s-sample-19,Sample Student 19,CYBR-2000,answer,c5,c5-lane-website-ok,Gate Duty: website ok packets,ALLOW,ALLOW,1,11262,15,780
2026-10-06T09:19:49.193467,2026-10-06T09:19:49.193467,s-sample-19,Sample Student 19,CYBR-2000,answer,c5,c5-lane-bad-port,Gate Duty: bad port packets,BLOCK,BLOCK,1,5769,15,795
2026-10-06T09:20:01.426082,2026-10-06T09:20:01.426082,s-sample-19,Sample Student 19,CYBR-2000,answer,c5,c5-lane-bad-port,Gate Duty: bad port packets,BLOCK,BLOCK,1,12232,10,810
2026-10-06T09:20:14.659452,2026-10-06T09:20:14.659452,s-sample-19,Sample Student 19,CYBR-2000,answer,c5,c5-lane-bad-port,Gate Duty: bad port packets,BLOCK,BLOCK,1,13233,10,820
2026-10-06T09:20:24.522384,2026-10-06T09:20:24.522384,s-sample-19,Sample Student 19,CYBR-2000,answer,c5,c5-lane-bad-port,Gate Duty: bad port packets,BLOCK,BLOCK,1,9862,20,830
2026-10-06T09:20:29.132897,2026-10-06T09:20:29.132897,s-sample-19,Sample Student 19,CYBR-2000,answer,c5,c5-lane-bad-port,Gate Duty: bad port packets,BLOCK,BLOCK,1,4610,15,850
2026-10-06T09:20:43.913591,2026-10-06T09:20:43.913591,s-sample-19,Sample Student 19,CYBR-2000,answer,c5,c5-lane-blocklist,Gate Duty: blocklist packets,BLOCK,BLOCK,1,14780,20,865
2026-10-06T09:20:53.163565,2026-10-06T09:20:53.163565,s-sample-19,Sample Student 19,CYBR-2000,answer,c5,c5-lane-blocklist,Gate Duty: blocklist packets,BLOCK,BLOCK,1,9249,15,885
2026-10-06T09:21:10.122048,2026-10-06T09:21:10.122048,s-sample-19,Sample Student 19,CYBR-2000,answer,c5,c5-lane-blocklist,Gate Duty: blocklist packets,BLOCK,BLOCK,1,16958,20,900
2026-10-06T09:21:21.738629,2026-10-06T09:21:21.738629,s-sample-19,Sample Student 19,CYBR-2000,answer,c5,c5-lane-blocklist,Gate Duty: blocklist packets,BLOCK,BLOCK,1,11616,15,920
2026-10-06T09:21:35.660104,2026-10-06T09:21:35.660104,s-sample-19,Sample Student 19,CYBR-2000,answer,c5,c5-lane-blocklist,Gate Duty: blocklist packets,BLOCK,BLOCK,1,13921,15,935
2026-10-06T09:21:55.660104,2026-10-06T09:21:55.660104,s-sample-19,Sample Student 19,CYBR-2000,chapter_complete,c5,c5-done,c5,3 stars,,100,295818,320,1000
2026-10-06T09:22:22.602643,2026-10-06T09:22:22.602643,s-sample-19,Sample Student 19,CYBR-2000,lesson,c6,c6-l1,lesson,,,,26942,5,1000
2026-10-06T09:22:59.713202,2026-10-06T09:22:59.713202,s-sample-19,Sample Student 19,CYBR-2000,lesson,c6,c6-l2,lesson,,,,37110,5,1000
2026-10-06T09:23:06.616456,2026-10-06T09:23:06.616456,s-sample-19,Sample Student 19,CYBR-2000,check,c6,c6-check,"Where should ""Block everything"" go?",At the bottom,At the bottom,1,6903,10,1010
2026-10-06T09:23:16.666884,2026-10-06T09:23:16.666884,s-sample-19,Sample Student 19,CYBR-2000,answer,c6,c6-o1-try1,Let website visitors in. Keep everything else out.,other answer,all tests pass,0,10050,0,1020
2026-10-06T09:23:24.248218,2026-10-06T09:23:24.248218,s-sample-19,Sample Student 19,CYBR-2000,answer,c6,c6-o2-try1,"Let website visitors in, except the known bad IP 203.0.113.66.",all tests pass,all tests pass,1,7581,15,1020
2026-10-06T09:23:32.067314,2026-10-06T09:23:32.067314,s-sample-19,Sample Student 19,CYBR-2000,answer,c6,c6-o3-try1,Only the IT laptop (10.0.5.20) may use remote login on port 22. Websites stay open to all.,other answer,all tests pass,0,7819,0,1035
2026-10-06T09:23:52.067314,2026-10-06T09:23:52.067314,s-sample-19,Sample Student 19,CYBR-2000,chapter_complete,c6,c6-done,c6,1 stars,,50,194608,60,1060
2026-10-06T09:24:36.116817,2026-10-06T09:24:36.116817,s-sample-19,Sample Student 19,CYBR-2000,lesson,c7,c7-l1,lesson,,,,44049,5,1060
2026-10-06T09:24:42.676707,2026-10-06T09:24:42.676707,s-sample-19,Sample Student 19,CYBR-2000,lesson,c7,c7-l2,lesson,,,,6559,5,1060
2026-10-06T09:25:20.667928,2026-10-06T09:25:20.667928,s-sample-19,Sample Student 19,CYBR-2000,lesson,c7,c7-l3,lesson,,,,37991,5,1060
2026-10-06T09:25:31.495204,2026-10-06T09:25:31.495204,s-sample-19,Sample Student 19,CYBR-2000,check,c7,c7-check,What does an IDS do when it finds an attack?,Raises an alert,Raises an alert,1,10827,15,1075
2026-10-06T09:25:48.043969,2026-10-06T09:25:48.043969,s-sample-19,Sample Student 19,CYBR-2000,answer,c7,c7-w1,Message: Search: ' OR 1=1 --,Alert,Alert,1,16548,10,1090
2026-10-06T09:26:04.579268,2026-10-06T09:26:04.579268,s-sample-19,Sample Student 19,CYBR-2000,answer,c7,c7-w2,Message: Show me the school calendar,Normal,Normal,1,16535,15,1100
2026-10-06T09:26:14.728784,2026-10-06T09:26:14.728784,s-sample-19,Sample Student 19,CYBR-2000,answer,c7,c7-w3,Message: Comment: <script>steal()</script>,Alert,Alert,1,10149,15,1115
2026-10-06T09:26:20.883578,2026-10-06T09:26:20.883578,s-sample-19,Sample Student 19,CYBR-2000,answer,c7,c7-w4,Message: Search: script for the school play,Normal,Normal,1,6154,20,1130
2026-10-06T09:26:27.092751,2026-10-06T09:26:27.092751,s-sample-19,Sample Student 19,CYBR-2000,answer,c7,c7-w5,Activity: A school laptop sends 5 GB to an unknown server at 3:12 AM,Alert,Alert,1,6209,15,1150
2026-10-06T09:26:40.538101,2026-10-06T09:26:40.538101,s-sample-19,Sample Student 19,CYBR-2000,answer,c7,c7-w6,Activity: A student downloads a 20 MB PDF for class at 10 AM,Normal,Normal,1,13445,10,1165
2026-10-06T09:26:56.461505,2026-10-06T09:26:56.461505,s-sample-19,Sample Student 19,CYBR-2000,answer,c7,c7-w7,Message: Get file: ../../secret/grades.txt,Alert,Alert,1,15923,10,1175
2026-10-06T09:27:03.153729,2026-10-06T09:27:03.153729,s-sample-19,Sample Student 19,CYBR-2000,answer,c7,c7-w8,Activity: The same account fails to log in 50 times in one minute,Alert,Alert,1,6692,15,1185
2026-10-06T09:27:23.153729,2026-10-06T09:27:23.153729,s-sample-19,Sample Student 19,CYBR-2000,chapter_complete,c7,c7-done,c7,3 stars,,100,302216,190,1250
2026-10-06T09:27:55.916509,2026-10-06T09:27:55.916509,s-sample-19,Sample Student 19,CYBR-2000,lesson,c8,c8-l1,lesson,,,,32762,5,1250
2026-10-06T09:28:02.870006,2026-10-06T09:28:02.870006,s-sample-19,Sample Student 19,CYBR-2000,lesson,c8,c8-l2,lesson,,,,6953,5,1250
2026-10-06T09:28:21.335295,2026-10-06T09:28:21.335295,s-sample-19,Sample Student 19,CYBR-2000,lesson,c8,c8-l3,lesson,,,,18465,5,1250
2026-10-06T09:28:34.849413,2026-10-06T09:28:34.849413,s-sample-19,Sample Student 19,CYBR-2000,check,c8,c8-check,The IPS blocks a student's real homework upload by mistake. This is a...,False positive,False positive,1,13514,20,1265
2026-10-06T09:28:41.745381,2026-10-06T09:28:41.745381,s-sample-19,Sample Student 19,CYBR-2000,answer,c8,c8-lane-clean,Night Shift: clean packets,ALLOW,ALLOW,1,6895,20,1285
2026-10-06T09:28:54.299204,2026-10-06T09:28:54.299204,s-sample-19,Sample Student 19,CYBR-2000,answer,c8,c8-lane-clean,Night Shift: clean packets,ALLOW,ALLOW,1,12553,15,1305
2026-10-06T09:29:08.213222,2026-10-06T09:29:08.213222,s-sample-19,Sample Student 19,CYBR-2000,answer,c8,c8-lane-clean,Night Shift: clean packets,ALLOW,ALLOW,1,13914,10,1320
2026-10-06T09:29:20.417154,2026-10-06T09:29:20.417154,s-sample-19,Sample Student 19,CYBR-2000,answer,c8,c8-lane-clean,Night Shift: clean packets,ALLOW,ALLOW,1,12203,20,1330
2026-10-06T09:29:26.115114,2026-10-06T09:29:26.115114,s-sample-19,Sample Student 19,CYBR-2000,answer,c8,c8-lane-clean,Night Shift: clean packets,ALLOW,ALLOW,1,5697,20,1350
2026-10-06T09:29:39.136680,2026-10-06T09:29:39.136680,s-sample-19,Sample Student 19,CYBR-2000,answer,c8,c8-lane-tricky-clean,Night Shift: tricky clean packets,ALLOW,ALLOW,1,13021,20,1370
2026-10-06T09:29:49.579747,2026-10-06T09:29:49.579747,s-sample-19,Sample Student 19,CYBR-2000,answer,c8,c8-lane-tricky-clean,Night Shift: tricky clean packets,ALLOW,ALLOW,1,10443,10,1390
2026-10-06T09:29:57.938322,2026-10-06T09:29:57.938322,s-sample-19,Sample Student 19,CYBR-2000,answer,c8,c8-lane-tricky-clean,Night Shift: tricky clean packets,ALLOW,ALLOW,1,8358,15,1400
2026-10-06T09:30:02.153773,2026-10-06T09:30:02.153773,s-sample-19,Sample Student 19,CYBR-2000,answer,c8,c8-lane-tricky-clean,Night Shift: tricky clean packets,BLOCK,ALLOW,0,4215,0,1415
2026-10-06T09:30:10.800805,2026-10-06T09:30:10.800805,s-sample-19,Sample Student 19,CYBR-2000,answer,c8,c8-lane-tricky-clean,Night Shift: tricky clean packets,ALLOW,ALLOW,1,8647,15,1415
2026-10-06T09:30:26.792945,2026-10-06T09:30:26.792945,s-sample-19,Sample Student 19,CYBR-2000,answer,c8,c8-lane-signature,Night Shift: signature packets,BLOCK,BLOCK,1,15992,10,1430
2026-10-06T09:30:34.160832,2026-10-06T09:30:34.160832,s-sample-19,Sample Student 19,CYBR-2000,answer,c8,c8-lane-signature,Night Shift: signature packets,BLOCK,BLOCK,1,7367,20,1440
2026-10-06T09:30:49.310426,2026-10-06T09:30:49.310426,s-sample-19,Sample Student 19,CYBR-2000,answer,c8,c8-lane-signature,Night Shift: signature packets,BLOCK,BLOCK,1,15149,15,1460
2026-10-06T09:31:04.176811,2026-10-06T09:31:04.176811,s-sample-19,Sample Student 19,CYBR-2000,answer,c8,c8-lane-signature,Night Shift: signature packets,BLOCK,BLOCK,1,14866,15,1475
2026-10-06T09:31:08.367439,2026-10-06T09:31:08.367439,s-sample-19,Sample Student 19,CYBR-2000,answer,c8,c8-lane-signature,Night Shift: signature packets,BLOCK,BLOCK,1,4190,20,1490
2026-10-06T09:31:15.557065,2026-10-06T09:31:15.557065,s-sample-19,Sample Student 19,CYBR-2000,answer,c8,c8-lane-bad-port,Night Shift: bad port packets,BLOCK,BLOCK,1,7189,20,1510
2026-10-06T09:31:27.945780,2026-10-06T09:31:27.945780,s-sample-19,Sample Student 19,CYBR-2000,answer,c8,c8-lane-bad-port,Night Shift: bad port packets,BLOCK,BLOCK,1,12388,15,1530
2026-10-06T09:31:37.367088,2026-10-06T09:31:37.367088,s-sample-19,Sample Student 19,CYBR-2000,answer,c8,c8-lane-bad-port,Night Shift: bad port packets,BLOCK,BLOCK,1,9421,10,1545
2026-10-06T09:31:51.989638,2026-10-06T09:31:51.989638,s-sample-19,Sample Student 19,CYBR-2000,answer,c8,c8-lane-bad-port,Night Shift: bad port packets,BLOCK,BLOCK,1,14622,20,1555
2026-10-06T09:32:09.891538,2026-10-06T09:32:09.891538,s-sample-19,Sample Student 19,CYBR-2000,answer,c8,c8-lane-bad-port,Night Shift: bad port packets,BLOCK,BLOCK,1,17901,10,1575
2026-10-06T09:32:26.088127,2026-10-06T09:32:26.088127,s-sample-19,Sample Student 19,CYBR-2000,answer,c8,c8-lane-blocklist,Night Shift: blocklist packets,BLOCK,BLOCK,1,16196,20,1585
2026-10-06T09:32:31.397192,2026-10-06T09:32:31.397192,s-sample-19,Sample Student 19,CYBR-2000,answer,c8,c8-lane-blocklist,Night Shift: blocklist packets,BLOCK,BLOCK,1,5309,10,1605
2026-10-06T09:32:35.464471,2026-10-06T09:32:35.464471,s-sample-19,Sample Student 19,CYBR-2000,answer,c8,c8-lane-blocklist,Night Shift: blocklist packets,BLOCK,BLOCK,1,4067,15,1615
2026-10-06T09:32:43.514524,2026-10-06T09:32:43.514524,s-sample-19,Sample Student 19,CYBR-2000,answer,c8,c8-lane-blocklist,Night Shift: blocklist packets,BLOCK,BLOCK,1,8050,20,1630
2026-10-06T09:32:52.672657,2026-10-06T09:32:52.672657,s-sample-19,Sample Student 19,CYBR-2000,answer,c8,c8-lane-blocklist,Night Shift: blocklist packets,BLOCK,BLOCK,1,9158,20,1650
2026-10-06T09:33:12.672657,2026-10-06T09:33:12.672657,s-sample-19,Sample Student 19,CYBR-2000,chapter_complete,c8,c8-done,c8,3 stars,,96,220614,470,1720
2026-10-06T09:33:12.672657,2026-10-06T09:33:12.672657,s-sample-19,Sample Student 19,CYBR-2000,finish,,,,,,,,0,1720
2026-10-06T09:00:00,2026-10-06T09:00:00,s-sample-20,Sample Student 20,CYBR-2000,start,,,,avatar 0,,,,0,0
2026-10-06T09:00:54.170221,2026-10-06T09:00:54.170221,s-sample-20,Sample Student 20,CYBR-2000,lesson,c1,c1-l1,lesson,,,,54170,5,0
2026-10-06T09:01:29.540720,2026-10-06T09:01:29.540720,s-sample-20,Sample Student 20,CYBR-2000,lesson,c1,c1-l2,lesson,,,,35370,5,0
2026-10-06T09:02:04.994174,2026-10-06T09:02:04.994174,s-sample-20,Sample Student 20,CYBR-2000,lesson,c1,c1-l3,lesson,,,,35453,5,0
2026-10-06T09:02:10.595632,2026-10-06T09:02:10.595632,s-sample-20,Sample Student 20,CYBR-2000,check,c1,c1-check,Someone changes your grade from a C to an A without permission. Which part of CIA is broken?,Integrity,Integrity,1,5601,20,15
2026-10-06T09:02:23.579469,2026-10-06T09:02:23.579469,s-sample-20,Sample Student 20,CYBR-2000,answer,c1,c1-s1,A stranger reads your private messages.,Integrity,Confidentiality,0,12983,0,35
2026-10-06T09:02:37.015402,2026-10-06T09:02:37.015402,s-sample-20,Sample Student 20,CYBR-2000,answer,c1,c1-s2,A hacker changes the price of shoes on a store website to $1.,Integrity,Integrity,1,13435,10,35
2026-10-06T09:02:46.859146,2026-10-06T09:02:46.859146,s-sample-20,Sample Student 20,CYBR-2000,answer,c1,c1-s3,The school website crashes on the first day of class.,Availability,Availability,1,9843,15,45
2026-10-06T09:02:50.910466,2026-10-06T09:02:50.910466,s-sample-20,Sample Student 20,CYBR-2000,answer,c1,c1-s4,Your friend watches over your shoulder as you type your PIN.,Confidentiality,Confidentiality,1,4051,20,60
2026-10-06T09:03:02.351885,2026-10-06T09:03:02.351885,s-sample-20,Sample Student 20,CYBR-2000,answer,c1,c1-s5,A virus edits files so the numbers in them are wrong.,Integrity,Integrity,1,11441,15,80
2026-10-06T09:03:09.609972,2026-10-06T09:03:09.609972,s-sample-20,Sample Student 20,CYBR-2000,answer,c1,c1-s6,A storm knocks out power to the server room.,Availability,Availability,1,7258,20,95
2026-10-06T09:03:25.256731,2026-10-06T09:03:25.256731,s-sample-20,Sample Student 20,CYBR-2000,answer,c1,c1-s7,"Thousands of fake visitors flood a game server, so real players cannot log in.",Confidentiality,Availability,0,15646,0,115
2026-10-06T09:03:39.525819,2026-10-06T09:03:39.525819,s-sample-20,Sample Student 20,CYBR-2000,answer,c1,c1-s8,Someone posts your password online.,Confidentiality,Confidentiality,1,14269,10,115
2026-10-06T09:03:59.525819,2026-10-06T09:03:59.525819,s-sample-20,Sample Student 20,CYBR-2000,chapter_complete,c1,c1-done,c1,2 stars,,78,270394,150,150
2026-10-06T09:04:06.075523,2026-10-06T09:04:06.075523,s-sample-20,Sample Student 20,CYBR-2000,lesson,c2,c2-l1,lesson,,,,6549,5,150
2026-10-06T09:04:11.063603,2026-10-06T09:04:11.063603,s-sample-20,Sample Student 20,CYBR-2000,lesson,c2,c2-l2,lesson,,,,4988,5,150
2026-10-06T09:04:35.719430,2026-10-06T09:04:35.719430,s-sample-20,Sample Student 20,CYBR-2000,lesson,c2,c2-l3,lesson,,,,24655,5,150
2026-10-06T09:04:49.549350,2026-10-06T09:04:49.549350,s-sample-20,Sample Student 20,CYBR-2000,check,c2,c2-check,Which one is MFA?,A password and a code sent to your phone,A password and a code sent to your phone,1,13829,10,165
2026-10-06T09:05:05.724533,2026-10-06T09:05:05.724533,s-sample-20,Sample Student 20,CYBR-2000,answer,c2,c2-p1,Which password is stronger?,blue-river-pizza-cloud,blue-river-pizza-cloud,1,16175,15,175
2026-10-06T09:05:11.600698,2026-10-06T09:05:11.600698,s-sample-20,Sample Student 20,CYBR-2000,answer,c2,c2-p2,Which password is stronger?,maple-guitar-orbit-sock,maple-guitar-orbit-sock,1,5876,15,190
2026-10-06T09:05:17.158451,2026-10-06T09:05:17.158451,s-sample-20,Sample Student 20,CYBR-2000,answer,c2,c2-p3,Which password is stronger?,other answer,correct-horse-lamp-yellow,0,5557,0,205
2026-10-06T09:05:25.372620,2026-10-06T09:05:25.372620,s-sample-20,Sample Student 20,CYBR-2000,answer,c2,c2-p4,Which habit is safer?,"A different password on every site, saved in a password manager","A different password on every site, saved in a password manager",1,8214,10,205
2026-10-06T09:05:38.006462,2026-10-06T09:05:38.006462,s-sample-20,Sample Student 20,CYBR-2000,answer,c2,c2-p5,Which password is stronger?,Qz8#mL2!vR9p,Qz8#mL2!vR9p,1,12633,20,215
2026-10-06T09:05:51.412643,2026-10-06T09:05:51.412643,s-sample-20,Sample Student 20,CYBR-2000,answer,c2,c2-q1,You get a text with a login code you did not ask for. What should you do?,Ignore the code and change your password,Ignore the code and change your password,1,13406,20,235
2026-10-06T09:06:03.346240,2026-10-06T09:06:03.346240,s-sample-20,Sample Student 20,CYBR-2000,answer,c2,c2-q2,A friend asks for your game password so they can level up your character. What do you do?,"Say no, and keep your password private","Say no, and keep your password private",1,11933,15,255
2026-10-06T09:06:23.346240,2026-10-06T09:06:23.346240,s-sample-20,Sample Student 20,CYBR-2000,chapter_complete,c2,c2-done,c2,2 stars,,88,298460,145,295
2026-10-06T09:06:28.545568,2026-10-06T09:06:28.545568,s-sample-20,Sample Student 20,CYBR-2000,lesson,c3,c3-l1,lesson,,,,5199,5,295
2026-10-06T09:07:03.343969,2026-10-06T09:07:03.343969,s-sample-20,Sample Student 20,CYBR-2000,lesson,c3,c3-l2,lesson,,,,34798,5,295
2026-10-06T09:07:10.232177,2026-10-06T09:07:10.232177,s-sample-20,Sample Student 20,CYBR-2000,lesson,c3,c3-l3,lesson,,,,6888,5,295
2026-10-06T09:07:25.822433,2026-10-06T09:07:25.822433,s-sample-20,Sample Student 20,CYBR-2000,check,c3,c3-check,Which is the biggest red flag?,The email asks you to type your password on a link,The email asks you to type your password on a link,1,15590,20,310
2026-10-06T09:07:38.482735,2026-10-06T09:07:38.482735,s-sample-20,Sample Student 20,CYBR-2000,answer,c3,c3-e1,Netflix: Account suspended! Update payment in 2 hours,Phish,Phish,1,12660,10,330
2026-10-06T09:07:54.105468,2026-10-06T09:07:54.105468,s-sample-20,Sample Student 20,CYBR-2000,answer,c3,c3-e2,Ms. Carter: Reminder: quiz moved to Friday,Safe,Safe,1,15622,20,340
2026-10-06T09:08:01.446648,2026-10-06T09:08:01.446648,s-sample-20,Sample Student 20,CYBR-2000,answer,c3,c3-e3,"Roblox Rewards: YOU WON 10,000 ROBUX!!!",Phish,Phish,1,7341,10,360
2026-10-06T09:08:18.026519,2026-10-06T09:08:18.026519,s-sample-20,Sample Student 20,CYBR-2000,answer,c3,c3-e4,"Principal Grant: Quick favor, keep it secret",Phish,Phish,1,16579,15,370
2026-10-06T09:08:23.870264,2026-10-06T09:08:23.870264,s-sample-20,Sample Student 20,CYBR-2000,answer,c3,c3-e5,USPS: Package on hold,Phish,Phish,1,5843,15,385
2026-10-06T09:08:28.880274,2026-10-06T09:08:28.880274,s-sample-20,Sample Student 20,CYBR-2000,answer,c3,c3-e6,Library: Your book is due Monday,Safe,Safe,1,5010,20,400
2026-10-06T09:08:48.880274,2026-10-06T09:08:48.880274,s-sample-20,Sample Student 20,CYBR-2000,chapter_complete,c3,c3-done,c3,3 stars,,100,352686,175,470
2026-10-06T09:09:36.332102,2026-10-06T09:09:36.332102,s-sample-20,Sample Student 20,CYBR-2000,lesson,c4,c4-l1,lesson,,,,47451,5,470
2026-10-06T09:10:32.358162,2026-10-06T09:10:32.358162,s-sample-20,Sample Student 20,CYBR-2000,lesson,c4,c4-l2,lesson,,,,56026,5,470
2026-10-06T09:10:37.769817,2026-10-06T09:10:37.769817,s-sample-20,Sample Student 20,CYBR-2000,lesson,c4,c4-l3,lesson,,,,5411,5,470
2026-10-06T09:10:52.020113,2026-10-06T09:10:52.020113,s-sample-20,Sample Student 20,CYBR-2000,check,c4,c4-check,A security camera is mainly a...,Detect control,Detect control,1,14250,10,485
2026-10-06T09:11:09.305719,2026-10-06T09:11:09.305719,s-sample-20,Sample Student 20,CYBR-2000,answer,c4,c4-s1,A lock on the server room door,Prevent,Prevent,1,17285,20,495
2026-10-06T09:11:21.878452,2026-10-06T09:11:21.878452,s-sample-20,Sample Student 20,CYBR-2000,answer,c4,c4-s2,A firewall that blocks bad traffic,Prevent,Prevent,1,12572,10,515
2026-10-06T09:11:33.477753,2026-10-06T09:11:33.477753,s-sample-20,Sample Student 20,CYBR-2000,answer,c4,c4-s3,Multi-factor authentication (MFA),Prevent,Prevent,1,11599,15,525
2026-10-06T09:11:43.860841,2026-10-06T09:11:43.860841,s-sample-20,Sample Student 20,CYBR-2000,answer,c4,c4-s4,A security camera in the hallway,Detect,Detect,1,10383,10,540
2026-10-06T09:11:50.947211,2026-10-06T09:11:50.947211,s-sample-20,Sample Student 20,CYBR-2000,answer,c4,c4-s5,An alert when someone logs in at 3 AM from another country,Fix,Detect,0,7086,0,550
2026-10-06T09:12:08.298052,2026-10-06T09:12:08.298052,s-sample-20,Sample Student 20,CYBR-2000,answer,c4,c4-s6,An intrusion detection system (IDS),Detect,Detect,1,17350,20,550
2026-10-06T09:12:22.028495,2026-10-06T09:12:22.028495,s-sample-20,Sample Student 20,CYBR-2000,answer,c4,c4-s7,Restoring files from last night's backup,Fix,Fix,1,13730,15,570
2026-10-06T09:12:27.358131,2026-10-06T09:12:27.358131,s-sample-20,Sample Student 20,CYBR-2000,answer,c4,c4-s8,Antivirus removing a virus it found,Fix,Fix,1,5329,15,585
2026-10-06T09:12:36.513072,2026-10-06T09:12:36.513072,s-sample-20,Sample Student 20,CYBR-2000,answer,c4,c4-s9,Rebuilding a laptop after ransomware,Fix,Fix,1,9154,20,600
2026-10-06T09:12:47.299120,2026-10-06T09:12:47.299120,s-sample-20,Sample Student 20,CYBR-2000,answer,c4,c4-k1,A tall fence around the data center,Physical,Physical,1,10786,20,620
2026-10-06T09:13:01.731132,2026-10-06T09:13:01.731132,s-sample-20,Sample Student 20,CYBR-2000,answer,c4,c4-k2,Encrypting files so only the owner can read them,Technical,Technical,1,14432,20,640
2026-10-06T09:13:08.667412,2026-10-06T09:13:08.667412,s-sample-20,Sample Student 20,CYBR-2000,answer,c4,c4-k3,"A school rule: ""Never share your password""",Administrative,Administrative,1,6936,15,660
2026-10-06T09:13:25.439229,2026-10-06T09:13:25.439229,s-sample-20,Sample Student 20,CYBR-2000,answer,c4,c4-k4,Training every student to spot phishing,Administrative,Administrative,1,16771,15,675
2026-10-06T09:13:45.439229,2026-10-06T09:13:45.439229,s-sample-20,Sample Student 20,CYBR-2000,chapter_complete,c4,c4-done,c4,3 stars,,93,217513,270,740
2026-10-06T09:14:10.053297,2026-10-06T09:14:10.053297,s-sample-20,Sample Student 20,CYBR-2000,lesson,c5,c5-l1,lesson,,,,24614,5,740
2026-10-06T09:14:13.891765,2026-10-06T09:14:13.891765,s-sample-20,Sample Student 20,CYBR-2000,lesson,c5,c5-l2,lesson,,,,3838,5,740
2026-10-06T09:15:06.014482,2026-10-06T09:15:06.014482,s-sample-20,Sample Student 20,CYBR-2000,lesson,c5,c5-l3,lesson,,,,52122,5,740
2026-10-06T09:15:11.711159,2026-10-06T09:15:11.711159,s-sample-20,Sample Student 20,CYBR-2000,check,c5,c5-check,"The firewall rule is ""Allow port 443 only."" A packet wants port 3389. What happens?",Blocked,Blocked,1,5696,15,755
2026-10-06T09:15:23.812209,2026-10-06T09:15:23.812209,s-sample-20,Sample Student 20,CYBR-2000,answer,c5,c5-lane-website-ok,Gate Duty: website ok packets,ALLOW,ALLOW,1,12101,10,770
2026-10-06T09:15:39.116973,2026-10-06T09:15:39.116973,s-sample-20,Sample Student 20,CYBR-2000,answer,c5,c5-lane-website-ok,Gate Duty: website ok packets,ALLOW,ALLOW,1,15304,15,780
2026-10-06T09:15:54.746959,2026-10-06T09:15:54.746959,s-sample-20,Sample Student 20,CYBR-2000,answer,c5,c5-lane-website-ok,Gate Duty: website ok packets,ALLOW,ALLOW,1,15629,20,795
2026-10-06T09:16:06.633302,2026-10-06T09:16:06.633302,s-sample-20,Sample Student 20,CYBR-2000,answer,c5,c5-lane-website-ok,Gate Duty: website ok packets,ALLOW,ALLOW,1,11886,10,815
2026-10-06T09:16:13.012265,2026-10-06T09:16:13.012265,s-sample-20,Sample Student 20,CYBR-2000,answer,c5,c5-lane-website-ok,Gate Duty: website ok packets,ALLOW,ALLOW,1,6378,20,825
2026-10-06T09:16:28.021372,2026-10-06T09:16:28.021372,s-sample-20,Sample Student 20,CYBR-2000,answer,c5,c5-lane-bad-port,Gate Duty: bad port packets,BLOCK,BLOCK,1,15009,20,845
2026-10-06T09:16:38.560360,2026-10-06T09:16:38.560360,s-sample-20,Sample Student 20,CYBR-2000,answer,c5,c5-lane-bad-port,Gate Duty: bad port packets,BLOCK,BLOCK,1,10538,20,865
2026-10-06T09:16:48.675428,2026-10-06T09:16:48.675428,s-sample-20,Sample Student 20,CYBR-2000,answer,c5,c5-lane-bad-port,Gate Duty: bad port packets,BLOCK,BLOCK,1,10115,10,885
2026-10-06T09:16:55.087664,2026-10-06T09:16:55.087664,s-sample-20,Sample Student 20,CYBR-2000,answer,c5,c5-lane-bad-port,Gate Duty: bad port packets,BLOCK,BLOCK,1,6412,10,895
2026-10-06T09:17:08.109143,2026-10-06T09:17:08.109143,s-sample-20,Sample Student 20,CYBR-2000,answer,c5,c5-lane-bad-port,Gate Duty: bad port packets,BLOCK,BLOCK,1,13021,15,905
2026-10-06T09:17:14.193921,2026-10-06T09:17:14.193921,s-sample-20,Sample Student 20,CYBR-2000,answer,c5,c5-lane-blocklist,Gate Duty: blocklist packets,BLOCK,BLOCK,1,6084,10,920
2026-10-06T09:17:29.964896,2026-10-06T09:17:29.964896,s-sample-20,Sample Student 20,CYBR-2000,answer,c5,c5-lane-blocklist,Gate Duty: blocklist packets,ALLOW,BLOCK,0,15770,0,930
2026-10-06T09:17:42.174306,2026-10-06T09:17:42.174306,s-sample-20,Sample Student 20,CYBR-2000,answer,c5,c5-lane-blocklist,Gate Duty: blocklist packets,BLOCK,BLOCK,1,12209,10,930
2026-10-06T09:17:53.226181,2026-10-06T09:17:53.226181,s-sample-20,Sample Student 20,CYBR-2000,answer,c5,c5-lane-blocklist,Gate Duty: blocklist packets,BLOCK,BLOCK,1,11051,10,940
2026-10-06T09:18:10.245500,2026-10-06T09:18:10.245500,s-sample-20,Sample Student 20,CYBR-2000,answer,c5,c5-lane-blocklist,Gate Duty: blocklist packets,BLOCK,BLOCK,1,17019,10,950
2026-10-06T09:18:30.245500,2026-10-06T09:18:30.245500,s-sample-20,Sample Student 20,CYBR-2000,chapter_complete,c5,c5-done,c5,3 stars,,94,286633,270,1010
2026-10-06T09:19:15.378970,2026-10-06T09:19:15.378970,s-sample-20,Sample Student 20,CYBR-2000,lesson,c6,c6-l1,lesson,,,,45133,5,1010
2026-10-06T09:19:43.039020,2026-10-06T09:19:43.039020,s-sample-20,Sample Student 20,CYBR-2000,lesson,c6,c6-l2,lesson,,,,27660,5,1010
2026-10-06T09:20:00.192032,2026-10-06T09:20:00.192032,s-sample-20,Sample Student 20,CYBR-2000,check,c6,c6-check,"Where should ""Block everything"" go?",At the bottom,At the bottom,1,17153,10,1020
2026-10-06T09:20:09.395113,2026-10-06T09:20:09.395113,s-sample-20,Sample Student 20,CYBR-2000,answer,c6,c6-o1-try1,Let website visitors in. Keep everything else out.,all tests pass,all tests pass,1,9203,15,1030
2026-10-06T09:20:27.127825,2026-10-06T09:20:27.127825,s-sample-20,Sample Student 20,CYBR-2000,answer,c6,c6-o2-try1,"Let website visitors in, except the known bad IP 203.0.113.66.",all tests pass,all tests pass,1,17732,10,1045
2026-10-06T09:20:33.275238,2026-10-06T09:20:33.275238,s-sample-20,Sample Student 20,CYBR-2000,answer,c6,c6-o3-try1,Only the IT laptop (10.0.5.20) may use remote login on port 22. Websites stay open to all.,other answer,all tests pass,0,6147,0,1055
2026-10-06T09:20:53.275238,2026-10-06T09:20:53.275238,s-sample-20,Sample Student 20,CYBR-2000,chapter_complete,c6,c6-done,c6,2 stars,,75,312163,70,1080
2026-10-06T09:20:59.207507,2026-10-06T09:20:59.207507,s-sample-20,Sample Student 20,CYBR-2000,lesson,c7,c7-l1,lesson,,,,5932,5,1080
2026-10-06T09:21:02.997228,2026-10-06T09:21:02.997228,s-sample-20,Sample Student 20,CYBR-2000,lesson,c7,c7-l2,lesson,,,,3789,5,1080
2026-10-06T09:21:28.657617,2026-10-06T09:21:28.657617,s-sample-20,Sample Student 20,CYBR-2000,lesson,c7,c7-l3,lesson,,,,25660,5,1080
2026-10-06T09:21:36.054700,2026-10-06T09:21:36.054700,s-sample-20,Sample Student 20,CYBR-2000,check,c7,c7-check,What does an IDS do when it finds an attack?,Raises an alert,Raises an alert,1,7397,20,1095
2026-10-06T09:21:50.615691,2026-10-06T09:21:50.615691,s-sample-20,Sample Student 20,CYBR-2000,answer,c7,c7-w1,Message: Search: ' OR 1=1 --,Alert,Alert,1,14560,10,1115
2026-10-06T09:22:05.111264,2026-10-06T09:22:05.111264,s-sample-20,Sample Student 20,CYBR-2000,answer,c7,c7-w2,Message: Show me the school calendar,Normal,Normal,1,14495,15,1125
2026-10-06T09:22:20.035905,2026-10-06T09:22:20.035905,s-sample-20,Sample Student 20,CYBR-2000,answer,c7,c7-w3,Message: Comment: <script>steal()</script>,Alert,Alert,1,14924,10,1140
2026-10-06T09:22:24.549249,2026-10-06T09:22:24.549249,s-sample-20,Sample Student 20,CYBR-2000,answer,c7,c7-w4,Message: Search: script for the school play,Normal,Normal,1,4513,15,1150
2026-10-06T09:22:41.584392,2026-10-06T09:22:41.584392,s-sample-20,Sample Student 20,CYBR-2000,answer,c7,c7-w5,Activity: A school laptop sends 5 GB to an unknown server at 3:12 AM,Alert,Alert,1,17035,15,1165
2026-10-06T09:22:51.435249,2026-10-06T09:22:51.435249,s-sample-20,Sample Student 20,CYBR-2000,answer,c7,c7-w6,Activity: A student downloads a 20 MB PDF for class at 10 AM,Normal,Normal,1,9850,20,1180
2026-10-06T09:23:02.605058,2026-10-06T09:23:02.605058,s-sample-20,Sample Student 20,CYBR-2000,answer,c7,c7-w7,Message: Get file: ../../secret/grades.txt,Alert,Alert,1,11169,15,1200
2026-10-06T09:23:14.793320,2026-10-06T09:23:14.793320,s-sample-20,Sample Student 20,CYBR-2000,answer,c7,c7-w8,Activity: The same account fails to log in 50 times in one minute,Alert,Alert,1,12188,20,1215
2026-10-06T09:23:34.793320,2026-10-06T09:23:34.793320,s-sample-20,Sample Student 20,CYBR-2000,chapter_complete,c7,c7-done,c7,3 stars,,100,379397,205,1285
2026-10-06T09:24:00.276248,2026-10-06T09:24:00.276248,s-sample-20,Sample Student 20,CYBR-2000,lesson,c8,c8-l1,lesson,,,,25482,5,1285
2026-10-06T09:24:25.668950,2026-10-06T09:24:25.668950,s-sample-20,Sample Student 20,CYBR-2000,lesson,c8,c8-l2,lesson,,,,25392,5,1285
2026-10-06T09:24:32.278658,2026-10-06T09:24:32.278658,s-sample-20,Sample Student 20,CYBR-2000,lesson,c8,c8-l3,lesson,,,,6609,5,1285
2026-10-06T09:24:41.443878,2026-10-06T09:24:41.443878,s-sample-20,Sample Student 20,CYBR-2000,check,c8,c8-check,The IPS blocks a student's real homework upload by mistake. This is a...,False positive,False positive,1,9165,15,1300
2026-10-06T09:24:45.629856,2026-10-06T09:24:45.629856,s-sample-20,Sample Student 20,CYBR-2000,answer,c8,c8-lane-clean,Night Shift: clean packets,BLOCK,ALLOW,0,4185,0,1315
2026-10-06T09:24:58.478451,2026-10-06T09:24:58.478451,s-sample-20,Sample Student 20,CYBR-2000,answer,c8,c8-lane-clean,Night Shift: clean packets,ALLOW,ALLOW,1,12848,10,1315
2026-10-06T09:25:04.312036,2026-10-06T09:25:04.312036,s-sample-20,Sample Student 20,CYBR-2000,answer,c8,c8-lane-clean,Night Shift: clean packets,ALLOW,ALLOW,1,5833,15,1325
2026-10-06T09:25:17.209693,2026-10-06T09:25:17.209693,s-sample-20,Sample Student 20,CYBR-2000,answer,c8,c8-lane-clean,Night Shift: clean packets,ALLOW,ALLOW,1,12897,10,1340
2026-10-06T09:25:26.712867,2026-10-06T09:25:26.712867,s-sample-20,Sample Student 20,CYBR-2000,answer,c8,c8-lane-clean,Night Shift: clean packets,ALLOW,ALLOW,1,9503,10,1350
2026-10-06T09:25:31.019456,2026-10-06T09:25:31.019456,s-sample-20,Sample Student 20,CYBR-2000,answer,c8,c8-lane-tricky-clean,Night Shift: tricky clean packets,BLOCK,ALLOW,0,4306,0,1360
2026-10-06T09:25:39.569325,2026-10-06T09:25:39.569325,s-sample-20,Sample Student 20,CYBR-2000,answer,c8,c8-lane-tricky-clean,Night Shift: tricky clean packets,BLOCK,ALLOW,0,8549,0,1360
2026-10-06T09:25:48.283435,2026-10-06T09:25:48.283435,s-sample-20,Sample Student 20,CYBR-2000,answer,c8,c8-lane-tricky-clean,Night Shift: tricky clean packets,BLOCK,ALLOW,0,8714,0,1360
2026-10-06T09:26:01.668320,2026-10-06T09:26:01.668320,s-sample-20,Sample Student 20,CYBR-2000,answer,c8,c8-lane-tricky-clean,Night Shift: tricky clean packets,ALLOW,ALLOW,1,13384,15,1360
2026-10-06T09:26:09.802609,2026-10-06T09:26:09.802609,s-sample-20,Sample Student 20,CYBR-2000,answer,c8,c8-lane-tricky-clean,Night Shift: tricky clean packets,ALLOW,ALLOW,1,8134,20,1375
2026-10-06T09:26:16.075928,2026-10-06T09:26:16.075928,s-sample-20,Sample Student 20,CYBR-2000,answer,c8,c8-lane-signature,Night Shift: signature packets,ALLOW,BLOCK,0,6273,0,1395
2026-10-06T09:26:29.069384,2026-10-06T09:26:29.069384,s-sample-20,Sample Student 20,CYBR-2000,answer,c8,c8-lane-signature,Night Shift: signature packets,BLOCK,BLOCK,1,12993,15,1395
2026-10-06T09:26:43.206011,2026-10-06T09:26:43.206011,s-sample-20,Sample Student 20,CYBR-2000,answer,c8,c8-lane-signature,Night Shift: signature packets,BLOCK,BLOCK,1,14136,15,1410
2026-10-06T09:26:55.832376,2026-10-06T09:26:55.832376,s-sample-20,Sample Student 20,CYBR-2000,answer,c8,c8-lane-signature,Night Shift: signature packets,ALLOW,BLOCK,0,12626,0,1425
2026-10-06T09:27:10.192226,2026-10-06T09:27:10.192226,s-sample-20,Sample Student 20,CYBR-2000,answer,c8,c8-lane-signature,Night Shift: signature packets,ALLOW,BLOCK,0,14359,0,1425
2026-10-06T09:27:15.841310,2026-10-06T09:27:15.841310,s-sample-20,Sample Student 20,CYBR-2000,answer,c8,c8-lane-bad-port,Night Shift: bad port packets,BLOCK,BLOCK,1,5649,15,1425
2026-10-06T09:27:33.382701,2026-10-06T09:27:33.382701,s-sample-20,Sample Student 20,CYBR-2000,answer,c8,c8-lane-bad-port,Night Shift: bad port packets,BLOCK,BLOCK,1,17541,15,1440
2026-10-06T09:27:50.340400,2026-10-06T09:27:50.340400,s-sample-20,Sample Student 20,CYBR-2000,answer,c8,c8-lane-bad-port,Night Shift: bad port packets,BLOCK,BLOCK,1,16957,15,1455
2026-10-06T09:27:58.845202,2026-10-06T09:27:58.845202,s-sample-20,Sample Student 20,CYBR-2000,answer,c8,c8-lane-bad-port,Night Shift: bad port packets,ALLOW,BLOCK,0,8504,0,1470
2026-10-06T09:28:14.501189,2026-10-06T09:28:14.501189,s-sample-20,Sample Student 20,CYBR-2000,answer,c8,c8-lane-bad-port,Night Shift: bad port packets,BLOCK,BLOCK,1,15655,15,1470
2026-10-06T09:28:26.287627,2026-10-06T09:28:26.287627,s-sample-20,Sample Student 20,CYBR-2000,answer,c8,c8-lane-blocklist,Night Shift: blocklist packets,BLOCK,BLOCK,1,11786,10,1485
2026-10-06T09:28:39.411066,2026-10-06T09:28:39.411066,s-sample-20,Sample Student 20,CYBR-2000,answer,c8,c8-lane-blocklist,Night Shift: blocklist packets,BLOCK,BLOCK,1,13123,15,1495
2026-10-06T09:28:46.253467,2026-10-06T09:28:46.253467,s-sample-20,Sample Student 20,CYBR-2000,answer,c8,c8-lane-blocklist,Night Shift: blocklist packets,BLOCK,BLOCK,1,6842,15,1510
2026-10-06T09:28:58.787210,2026-10-06T09:28:58.787210,s-sample-20,Sample Student 20,CYBR-2000,answer,c8,c8-lane-blocklist,Night Shift: blocklist packets,BLOCK,BLOCK,1,12533,15,1525
2026-10-06T09:29:10.056705,2026-10-06T09:29:10.056705,s-sample-20,Sample Student 20,CYBR-2000,answer,c8,c8-lane-blocklist,Night Shift: blocklist packets,BLOCK,BLOCK,1,11269,15,1540
2026-10-06T09:29:30.056705,2026-10-06T09:29:30.056705,s-sample-20,Sample Student 20,CYBR-2000,chapter_complete,c8,c8-done,c8,1 stars,,69,215682,295,1580
2026-10-06T09:29:30.056705,2026-10-06T09:29:30.056705,s-sample-20,Sample Student 20,CYBR-2000,finish,,,,,,,,0,1580
2026-10-06T09:01:00,2026-10-06T09:01:00,s-sample-21,Sample Student 21,CYBR-2000,start,,,,avatar 0,,,,0,0
2026-10-06T09:01:22.043337,2026-10-06T09:01:22.043337,s-sample-21,Sample Student 21,CYBR-2000,lesson,c1,c1-l1,lesson,,,,22043,5,0
2026-10-06T09:01:49.612888,2026-10-06T09:01:49.612888,s-sample-21,Sample Student 21,CYBR-2000,lesson,c1,c1-l2,lesson,,,,27569,5,0
2026-10-06T09:01:54.372252,2026-10-06T09:01:54.372252,s-sample-21,Sample Student 21,CYBR-2000,lesson,c1,c1-l3,lesson,,,,4759,5,0
2026-10-06T09:02:05.457997,2026-10-06T09:02:05.457997,s-sample-21,Sample Student 21,CYBR-2000,check,c1,c1-check,Someone changes your grade from a C to an A without permission. Which part of CIA is broken?,Integrity,Integrity,1,11085,10,15
2026-10-06T09:02:14.555404,2026-10-06T09:02:14.555404,s-sample-21,Sample Student 21,CYBR-2000,answer,c1,c1-s1,A stranger reads your private messages.,Confidentiality,Confidentiality,1,9097,15,25
2026-10-06T09:02:18.934734,2026-10-06T09:02:18.934734,s-sample-21,Sample Student 21,CYBR-2000,answer,c1,c1-s2,A hacker changes the price of shoes on a store website to $1.,Integrity,Integrity,1,4379,20,40
2026-10-06T09:02:24.075620,2026-10-06T09:02:24.075620,s-sample-21,Sample Student 21,CYBR-2000,answer,c1,c1-s3,The school website crashes on the first day of class.,Availability,Availability,1,5140,10,60
2026-10-06T09:02:36.536786,2026-10-06T09:02:36.536786,s-sample-21,Sample Student 21,CYBR-2000,answer,c1,c1-s4,Your friend watches over your shoulder as you type your PIN.,Confidentiality,Confidentiality,1,12461,10,70
2026-10-06T09:02:52.032655,2026-10-06T09:02:52.032655,s-sample-21,Sample Student 21,CYBR-2000,answer,c1,c1-s5,A virus edits files so the numbers in them are wrong.,Integrity,Integrity,1,15495,15,80
2026-10-06T09:03:04.236291,2026-10-06T09:03:04.236291,s-sample-21,Sample Student 21,CYBR-2000,answer,c1,c1-s6,A storm knocks out power to the server room.,Availability,Availability,1,12203,15,95
2026-10-06T09:03:08.893018,2026-10-06T09:03:08.893018,s-sample-21,Sample Student 21,CYBR-2000,answer,c1,c1-s7,"Thousands of fake visitors flood a game server, so real players cannot log in.",Confidentiality,Availability,0,4656,0,110
2026-10-06T09:03:14.259223,2026-10-06T09:03:14.259223,s-sample-21,Sample Student 21,CYBR-2000,answer,c1,c1-s8,Someone posts your password online.,Confidentiality,Confidentiality,1,5366,20,110
2026-10-06T09:03:34.259223,2026-10-06T09:03:34.259223,s-sample-21,Sample Student 21,CYBR-2000,chapter_complete,c1,c1-done,c1,2 stars,,89,277973,155,155
2026-10-06T09:03:39.649788,2026-10-06T09:03:39.649788,s-sample-21,Sample Student 21,CYBR-2000,lesson,c2,c2-l1,lesson,,,,5390,5,155
2026-10-06T09:04:06.673509,2026-10-06T09:04:06.673509,s-sample-21,Sample Student 21,CYBR-2000,lesson,c2,c2-l2,lesson,,,,27023,5,155
2026-10-06T09:04:12.384021,2026-10-06T09:04:12.384021,s-sample-21,Sample Student 21,CYBR-2000,lesson,c2,c2-l3,lesson,,,,5710,5,155
2026-10-06T09:04:24.583516,2026-10-06T09:04:24.583516,s-sample-21,Sample Student 21,CYBR-2000,check,c2,c2-check,Which one is MFA?,A password and a code sent to your phone,A password and a code sent to your phone,1,12199,15,170
2026-10-06T09:04:37.521828,2026-10-06T09:04:37.521828,s-sample-21,Sample Student 21,CYBR-2000,answer,c2,c2-p1,Which password is stronger?,blue-river-pizza-cloud,blue-river-pizza-cloud,1,12938,20,185
2026-10-06T09:04:52.738331,2026-10-06T09:04:52.738331,s-sample-21,Sample Student 21,CYBR-2000,answer,c2,c2-p2,Which password is stronger?,maple-guitar-orbit-sock,maple-guitar-orbit-sock,1,15216,15,205
2026-10-06T09:05:01.900764,2026-10-06T09:05:01.900764,s-sample-21,Sample Student 21,CYBR-2000,answer,c2,c2-p3,Which password is stronger?,correct-horse-lamp-yellow,correct-horse-lamp-yellow,1,9162,15,220
2026-10-06T09:05:12.955105,2026-10-06T09:05:12.955105,s-sample-21,Sample Student 21,CYBR-2000,answer,c2,c2-p4,Which habit is safer?,"A different password on every site, saved in a password manager","A different password on every site, saved in a password manager",1,11054,20,235
2026-10-06T09:05:20.419184,2026-10-06T09:05:20.419184,s-sample-21,Sample Student 21,CYBR-2000,answer,c2,c2-p5,Which password is stronger?,Qz8#mL2!vR9p,Qz8#mL2!vR9p,1,7464,20,255
2026-10-06T09:05:38.153944,2026-10-06T09:05:38.153944,s-sample-21,Sample Student 21,CYBR-2000,answer,c2,c2-q1,You get a text with a login code you did not ask for. What should you do?,Ignore the code and change your password,Ignore the code and change your password,1,17734,10,275
2026-10-06T09:05:55.359754,2026-10-06T09:05:55.359754,s-sample-21,Sample Student 21,CYBR-2000,answer,c2,c2-q2,A friend asks for your game password so they can level up your character. What do you do?,other answer,"Say no, and keep your password private",0,17205,0,285
2026-10-06T09:06:15.359754,2026-10-06T09:06:15.359754,s-sample-21,Sample Student 21,CYBR-2000,chapter_complete,c2,c2-done,c2,2 stars,,88,241724,155,310
2026-10-06T09:06:40.459708,2026-10-06T09:06:40.459708,s-sample-21,Sample Student 21,CYBR-2000,lesson,c3,c3-l1,lesson,,,,25099,5,310
2026-10-06T09:06:46.050414,2026-10-06T09:06:46.050414,s-sample-21,Sample Student 21,CYBR-2000,lesson,c3,c3-l2,lesson,,,,5590,5,310
2026-10-06T09:07:15.059477,2026-10-06T09:07:15.059477,s-sample-21,Sample Student 21,CYBR-2000,lesson,c3,c3-l3,lesson,,,,29009,5,310
2026-10-06T09:07:21.775214,2026-10-06T09:07:21.775214,s-sample-21,Sample Student 21,CYBR-2000,check,c3,c3-check,Which is the biggest red flag?,The email asks you to type your password on a link,The email asks you to type your password on a link,1,6715,15,325
2026-10-06T09:07:34.884536,2026-10-06T09:07:34.884536,s-sample-21,Sample Student 21,CYBR-2000,answer,c3,c3-e1,Netflix: Account suspended! Update payment in 2 hours,Phish,Phish,1,13109,15,340
2026-10-06T09:07:40.347389,2026-10-06T09:07:40.347389,s-sample-21,Sample Student 21,CYBR-2000,answer,c3,c3-e2,Ms. Carter: Reminder: quiz moved to Friday,Safe,Safe,1,5462,15,355
2026-10-06T09:07:51.748934,2026-10-06T09:07:51.748934,s-sample-21,Sample Student 21,CYBR-2000,answer,c3,c3-e3,"Roblox Rewards: YOU WON 10,000 ROBUX!!!",Phish,Phish,1,11401,15,370
2026-10-06T09:07:58.424366,2026-10-06T09:07:58.424366,s-sample-21,Sample Student 21,CYBR-2000,answer,c3,c3-e4,"Principal Grant: Quick favor, keep it secret",Phish,Phish,1,6675,15,385
2026-10-06T09:08:08.372001,2026-10-06T09:08:08.372001,s-sample-21,Sample Student 21,CYBR-2000,answer,c3,c3-e5,USPS: Package on hold,Phish,Phish,1,9947,15,400
2026-10-06T09:08:20.236651,2026-10-06T09:08:20.236651,s-sample-21,Sample Student 21,CYBR-2000,answer,c3,c3-e6,Library: Your book is due Monday,Phish,Safe,0,11864,0,415
2026-10-06T09:08:40.236651,2026-10-06T09:08:40.236651,s-sample-21,Sample Student 21,CYBR-2000,chapter_complete,c3,c3-done,c3,2 stars,,86,414279,130,440
2026-10-06T09:09:25.889291,2026-10-06T09:09:25.889291,s-sample-21,Sample Student 21,CYBR-2000,lesson,c4,c4-l1,lesson,,,,45652,5,440
2026-10-06T09:10:23.765286,2026-10-06T09:10:23.765286,s-sample-21,Sample Student 21,CYBR-2000,lesson,c4,c4-l2,lesson,,,,57875,5,440
2026-10-06T09:10:30.735539,2026-10-06T09:10:30.735539,s-sample-21,Sample Student 21,CYBR-2000,lesson,c4,c4-l3,lesson,,,,6970,5,440
2026-10-06T09:10:35.800975,2026-10-06T09:10:35.800975,s-sample-21,Sample Student 21,CYBR-2000,check,c4,c4-check,A security camera is mainly a...,Detect control,Detect control,1,5065,20,455
2026-10-06T09:10:51.468350,2026-10-06T09:10:51.468350,s-sample-21,Sample Student 21,CYBR-2000,answer,c4,c4-s1,A lock on the server room door,Detect,Prevent,0,15667,0,475
2026-10-06T09:10:59.215659,2026-10-06T09:10:59.215659,s-sample-21,Sample Student 21,CYBR-2000,answer,c4,c4-s2,A firewall that blocks bad traffic,Detect,Prevent,0,7747,0,475
2026-10-06T09:11:09.869951,2026-10-06T09:11:09.869951,s-sample-21,Sample Student 21,CYBR-2000,answer,c4,c4-s3,Multi-factor authentication (MFA),Prevent,Prevent,1,10654,15,475
2026-10-06T09:11:27.644302,2026-10-06T09:11:27.644302,s-sample-21,Sample Student 21,CYBR-2000,answer,c4,c4-s4,A security camera in the hallway,Detect,Detect,1,17774,10,490
2026-10-06T09:11:41.016829,2026-10-06T09:11:41.016829,s-sample-21,Sample Student 21,CYBR-2000,answer,c4,c4-s5,An alert when someone logs in at 3 AM from another country,Fix,Detect,0,13372,0,500
2026-10-06T09:11:47.196222,2026-10-06T09:11:47.196222,s-sample-21,Sample Student 21,CYBR-2000,answer,c4,c4-s6,An intrusion detection system (IDS),Detect,Detect,1,6179,20,500
2026-10-06T09:11:57.893985,2026-10-06T09:11:57.893985,s-sample-21,Sample Student 21,CYBR-2000,answer,c4,c4-s7,Restoring files from last night's backup,Fix,Fix,1,10697,10,520
2026-10-06T09:12:03.903293,2026-10-06T09:12:03.903293,s-sample-21,Sample Student 21,CYBR-2000,answer,c4,c4-s8,Antivirus removing a virus it found,Fix,Fix,1,6009,20,530
2026-10-06T09:12:19.773962,2026-10-06T09:12:19.773962,s-sample-21,Sample Student 21,CYBR-2000,answer,c4,c4-s9,Rebuilding a laptop after ransomware,Fix,Fix,1,15870,15,550
2026-10-06T09:12:27.814381,2026-10-06T09:12:27.814381,s-sample-21,Sample Student 21,CYBR-2000,answer,c4,c4-k1,A tall fence around the data center,other answer,Physical,0,8040,0,565
2026-10-06T09:12:34.697685,2026-10-06T09:12:34.697685,s-sample-21,Sample Student 21,CYBR-2000,answer,c4,c4-k2,Encrypting files so only the owner can read them,Technical,Technical,1,6883,10,565
2026-10-06T09:12:41.776631,2026-10-06T09:12:41.776631,s-sample-21,Sample Student 21,CYBR-2000,answer,c4,c4-k3,"A school rule: ""Never share your password""",other answer,Administrative,0,7078,0,575
2026-10-06T09:12:51.944662,2026-10-06T09:12:51.944662,s-sample-21,Sample Student 21,CYBR-2000,answer,c4,c4-k4,Training every student to spot phishing,other answer,Administrative,0,10168,0,575
2026-10-06T09:13:11.944662,2026-10-06T09:13:11.944662,s-sample-21,Sample Student 21,CYBR-2000,chapter_complete,c4,c4-done,c4,1 stars,,57,331517,160,600
2026-10-06T09:13:33.889473,2026-10-06T09:13:33.889473,s-sample-21,Sample Student 21,CYBR-2000,lesson,c5,c5-l1,lesson,,,,21944,5,600
2026-10-06T09:13:56.378032,2026-10-06T09:13:56.378032,s-sample-21,Sample Student 21,CYBR-2000,lesson,c5,c5-l2,lesson,,,,22488,5,600
2026-10-06T09:14:42.382156,2026-10-06T09:14:42.382156,s-sample-21,Sample Student 21,CYBR-2000,lesson,c5,c5-l3,lesson,,,,46004,5,600
2026-10-06T09:14:59.963382,2026-10-06T09:14:59.963382,s-sample-21,Sample Student 21,CYBR-2000,check,c5,c5-check,"The firewall rule is ""Allow port 443 only."" A packet wants port 3389. What happens?",Blocked,Blocked,1,17581,15,615
2026-10-06T09:15:04.409367,2026-10-06T09:15:04.409367,s-sample-21,Sample Student 21,CYBR-2000,answer,c5,c5-lane-website-ok,Gate Duty: website ok packets,ALLOW,ALLOW,1,4445,10,630
2026-10-06T09:15:16.681671,2026-10-06T09:15:16.681671,s-sample-21,Sample Student 21,CYBR-2000,answer,c5,c5-lane-website-ok,Gate Duty: website ok packets,ALLOW,ALLOW,1,12272,20,640
2026-10-06T09:15:32.015951,2026-10-06T09:15:32.015951,s-sample-21,Sample Student 21,CYBR-2000,answer,c5,c5-lane-website-ok,Gate Duty: website ok packets,ALLOW,ALLOW,1,15334,20,660
2026-10-06T09:15:38.066539,2026-10-06T09:15:38.066539,s-sample-21,Sample Student 21,CYBR-2000,answer,c5,c5-lane-website-ok,Gate Duty: website ok packets,ALLOW,ALLOW,1,6050,15,680
2026-10-06T09:15:49.623609,2026-10-06T09:15:49.623609,s-sample-21,Sample Student 21,CYBR-2000,answer,c5,c5-lane-website-ok,Gate Duty: website ok packets,ALLOW,ALLOW,1,11557,15,695
2026-10-06T09:15:55.873988,2026-10-06T09:15:55.873988,s-sample-21,Sample Student 21,CYBR-2000,answer,c5,c5-lane-bad-port,Gate Duty: bad port packets,BLOCK,BLOCK,1,6250,10,710
2026-10-06T09:16:07.897606,2026-10-06T09:16:07.897606,s-sample-21,Sample Student 21,CYBR-2000,answer,c5,c5-lane-bad-port,Gate Duty: bad port packets,BLOCK,BLOCK,1,12023,20,720
2026-10-06T09:16:20.286218,2026-10-06T09:16:20.286218,s-sample-21,Sample Student 21,CYBR-2000,answer,c5,c5-lane-bad-port,Gate Duty: bad port packets,BLOCK,BLOCK,1,12388,10,740
2026-10-06T09:16:32.220777,2026-10-06T09:16:32.220777,s-sample-21,Sample Student 21,CYBR-2000,answer,c5,c5-lane-bad-port,Gate Duty: bad port packets,BLOCK,BLOCK,1,11934,15,750
2026-10-06T09:16:43.233920,2026-10-06T09:16:43.233920,s-sample-21,Sample Student 21,CYBR-2000,answer,c5,c5-lane-bad-port,Gate Duty: bad port packets,BLOCK,BLOCK,1,11013,20,765
2026-10-06T09:16:51.899920,2026-10-06T09:16:51.899920,s-sample-21,Sample Student 21,CYBR-2000,answer,c5,c5-lane-blocklist,Gate Duty: blocklist packets,BLOCK,BLOCK,1,8665,20,785
2026-10-06T09:17:09.103639,2026-10-06T09:17:09.103639,s-sample-21,Sample Student 21,CYBR-2000,answer,c5,c5-lane-blocklist,Gate Duty: blocklist packets,ALLOW,BLOCK,0,17203,0,805
2026-10-06T09:17:16.940939,2026-10-06T09:17:16.940939,s-sample-21,Sample Student 21,CYBR-2000,answer,c5,c5-lane-blocklist,Gate Duty: blocklist packets,BLOCK,BLOCK,1,7837,15,805
2026-10-06T09:17:27.177166,2026-10-06T09:17:27.177166,s-sample-21,Sample Student 21,CYBR-2000,answer,c5,c5-lane-blocklist,Gate Duty: blocklist packets,ALLOW,BLOCK,0,10236,0,820
2026-10-06T09:17:41.812160,2026-10-06T09:17:41.812160,s-sample-21,Sample Student 21,CYBR-2000,answer,c5,c5-lane-blocklist,Gate Duty: blocklist packets,ALLOW,BLOCK,0,14634,0,820
2026-10-06T09:18:01.812160,2026-10-06T09:18:01.812160,s-sample-21,Sample Student 21,CYBR-2000,chapter_complete,c5,c5-done,c5,2 stars,,81,256249,245,845
2026-10-06T09:01:00,2026-10-06T09:01:00,s-sample-22,Sample Student 22,CYBR-2000,start,,,,avatar 0,,,,0,0
2026-10-06T09:01:37.092147,2026-10-06T09:01:37.092147,s-sample-22,Sample Student 22,CYBR-2000,lesson,c1,c1-l1,lesson,,,,37092,5,0
2026-10-06T09:02:00.793298,2026-10-06T09:02:00.793298,s-sample-22,Sample Student 22,CYBR-2000,lesson,c1,c1-l2,lesson,,,,23701,5,0
2026-10-06T09:02:32.792257,2026-10-06T09:02:32.792257,s-sample-22,Sample Student 22,CYBR-2000,lesson,c1,c1-l3,lesson,,,,31998,5,0
2026-10-06T09:02:45.636296,2026-10-06T09:02:45.636296,s-sample-22,Sample Student 22,CYBR-2000,check,c1,c1-check,Someone changes your grade from a C to an A without permission. Which part of CIA is broken?,Availability,Integrity,0,12844,0,15
2026-10-06T09:03:03.241497,2026-10-06T09:03:03.241497,s-sample-22,Sample Student 22,CYBR-2000,answer,c1,c1-s1,A stranger reads your private messages.,Confidentiality,Confidentiality,1,17605,10,15
2026-10-06T09:03:08.183181,2026-10-06T09:03:08.183181,s-sample-22,Sample Student 22,CYBR-2000,answer,c1,c1-s2,A hacker changes the price of shoes on a store website to $1.,Integrity,Integrity,1,4941,10,25
2026-10-06T09:03:18.913690,2026-10-06T09:03:18.913690,s-sample-22,Sample Student 22,CYBR-2000,answer,c1,c1-s3,The school website crashes on the first day of class.,Availability,Availability,1,10730,15,35
2026-10-06T09:03:24.120124,2026-10-06T09:03:24.120124,s-sample-22,Sample Student 22,CYBR-2000,answer,c1,c1-s4,Your friend watches over your shoulder as you type your PIN.,Confidentiality,Confidentiality,1,5206,10,50
2026-10-06T09:03:39.036908,2026-10-06T09:03:39.036908,s-sample-22,Sample Student 22,CYBR-2000,answer,c1,c1-s5,A virus edits files so the numbers in them are wrong.,Availability,Integrity,0,14916,0,60
2026-10-06T09:03:46.366133,2026-10-06T09:03:46.366133,s-sample-22,Sample Student 22,CYBR-2000,answer,c1,c1-s6,A storm knocks out power to the server room.,Availability,Availability,1,7329,15,60
2026-10-06T09:03:56.186517,2026-10-06T09:03:56.186517,s-sample-22,Sample Student 22,CYBR-2000,answer,c1,c1-s7,"Thousands of fake visitors flood a game server, so real players cannot log in.",Confidentiality,Availability,0,9820,0,75
2026-10-06T09:04:12.537173,2026-10-06T09:04:12.537173,s-sample-22,Sample Student 22,CYBR-2000,answer,c1,c1-s8,Someone posts your password online.,Confidentiality,Confidentiality,1,16350,10,75
2026-10-06T09:04:32.537173,2026-10-06T09:04:32.537173,s-sample-22,Sample Student 22,CYBR-2000,chapter_complete,c1,c1-done,c1,1 stars,,67,257522,110,110
2026-10-06T09:05:32.391796,2026-10-06T09:05:32.391796,s-sample-22,Sample Student 22,CYBR-2000,lesson,c2,c2-l1,lesson,,,,59854,5,110
2026-10-06T09:05:51.518687,2026-10-06T09:05:51.518687,s-sample-22,Sample Student 22,CYBR-2000,lesson,c2,c2-l2,lesson,,,,19126,5,110
2026-10-06T09:06:30.093737,2026-10-06T09:06:30.093737,s-sample-22,Sample Student 22,CYBR-2000,lesson,c2,c2-l3,lesson,,,,38575,5,110
2026-10-06T09:06:42.295915,2026-10-06T09:06:42.295915,s-sample-22,Sample Student 22,CYBR-2000,check,c2,c2-check,Which one is MFA?,other answer,A password and a code sent to your phone,0,12202,0,125
2026-10-06T09:06:46.471362,2026-10-06T09:06:46.471362,s-sample-22,Sample Student 22,CYBR-2000,answer,c2,c2-p1,Which password is stronger?,blue-river-pizza-cloud,blue-river-pizza-cloud,1,4175,15,125
2026-10-06T09:06:56.202489,2026-10-06T09:06:56.202489,s-sample-22,Sample Student 22,CYBR-2000,answer,c2,c2-p2,Which password is stronger?,maple-guitar-orbit-sock,maple-guitar-orbit-sock,1,9731,10,140
2026-10-06T09:07:07.580396,2026-10-06T09:07:07.580396,s-sample-22,Sample Student 22,CYBR-2000,answer,c2,c2-p3,Which password is stronger?,other answer,correct-horse-lamp-yellow,0,11377,0,150
2026-10-06T09:07:12.951807,2026-10-06T09:07:12.951807,s-sample-22,Sample Student 22,CYBR-2000,answer,c2,c2-p4,Which habit is safer?,"A different password on every site, saved in a password manager","A different password on every site, saved in a password manager",1,5371,20,150
2026-10-06T09:07:27.192793,2026-10-06T09:07:27.192793,s-sample-22,Sample Student 22,CYBR-2000,answer,c2,c2-p5,Which password is stronger?,Qz8#mL2!vR9p,Qz8#mL2!vR9p,1,14240,20,170
2026-10-06T09:07:32.813936,2026-10-06T09:07:32.813936,s-sample-22,Sample Student 22,CYBR-2000,answer,c2,c2-q1,You get a text with a login code you did not ask for. What should you do?,Ignore the code and change your password,Ignore the code and change your password,1,5621,20,190
2026-10-06T09:07:47.549488,2026-10-06T09:07:47.549488,s-sample-22,Sample Student 22,CYBR-2000,answer,c2,c2-q2,A friend asks for your game password so they can level up your character. What do you do?,"Say no, and keep your password private","Say no, and keep your password private",1,14735,15,210
2026-10-06T09:08:07.549488,2026-10-06T09:08:07.549488,s-sample-22,Sample Student 22,CYBR-2000,chapter_complete,c2,c2-done,c2,2 stars,,75,190983,140,250
2026-10-06T09:08:14.063458,2026-10-06T09:08:14.063458,s-sample-22,Sample Student 22,CYBR-2000,lesson,c3,c3-l1,lesson,,,,6513,5,250
2026-10-06T09:08:40.251154,2026-10-06T09:08:40.251154,s-sample-22,Sample Student 22,CYBR-2000,lesson,c3,c3-l2,lesson,,,,26187,5,250
2026-10-06T09:09:15.967389,2026-10-06T09:09:15.967389,s-sample-22,Sample Student 22,CYBR-2000,lesson,c3,c3-l3,lesson,,,,35716,5,250
2026-10-06T09:09:24.612805,2026-10-06T09:09:24.612805,s-sample-22,Sample Student 22,CYBR-2000,check,c3,c3-check,Which is the biggest red flag?,The email asks you to type your password on a link,The email asks you to type your password on a link,1,8645,20,265
2026-10-06T09:09:40.174145,2026-10-06T09:09:40.174145,s-sample-22,Sample Student 22,CYBR-2000,answer,c3,c3-e1,Netflix: Account suspended! Update payment in 2 hours,Phish,Phish,1,15561,15,285
2026-10-06T09:09:52.098665,2026-10-06T09:09:52.098665,s-sample-22,Sample Student 22,CYBR-2000,answer,c3,c3-e2,Ms. Carter: Reminder: quiz moved to Friday,Phish,Safe,0,11924,0,300
2026-10-06T09:09:56.506527,2026-10-06T09:09:56.506527,s-sample-22,Sample Student 22,CYBR-2000,answer,c3,c3-e3,"Roblox Rewards: YOU WON 10,000 ROBUX!!!",Safe,Phish,0,4407,0,300
2026-10-06T09:10:08.238269,2026-10-06T09:10:08.238269,s-sample-22,Sample Student 22,CYBR-2000,answer,c3,c3-e4,"Principal Grant: Quick favor, keep it secret",Phish,Phish,1,11731,20,300
2026-10-06T09:10:14.285852,2026-10-06T09:10:14.285852,s-sample-22,Sample Student 22,CYBR-2000,answer,c3,c3-e5,USPS: Package on hold,Phish,Phish,1,6047,20,320
2026-10-06T09:10:27.165409,2026-10-06T09:10:27.165409,s-sample-22,Sample Student 22,CYBR-2000,answer,c3,c3-e6,Library: Your book is due Monday,Phish,Safe,0,12879,0,340
2026-10-06T09:10:47.165409,2026-10-06T09:10:47.165409,s-sample-22,Sample Student 22,CYBR-2000,chapter_complete,c3,c3-done,c3,1 stars,,57,308016,115,365
2026-10-06T09:11:44.937224,2026-10-06T09:11:44.937224,s-sample-22,Sample Student 22,CYBR-2000,lesson,c4,c4-l1,lesson,,,,57771,5,365
2026-10-06T09:11:50.776041,2026-10-06T09:11:50.776041,s-sample-22,Sample Student 22,CYBR-2000,lesson,c4,c4-l2,lesson,,,,5838,5,365
2026-10-06T09:11:53.899594,2026-10-06T09:11:53.899594,s-sample-22,Sample Student 22,CYBR-2000,lesson,c4,c4-l3,lesson,,,,3123,5,365
2026-10-06T09:12:09.621048,2026-10-06T09:12:09.621048,s-sample-22,Sample Student 22,CYBR-2000,check,c4,c4-check,A security camera is mainly a...,Detect control,Detect control,1,15721,20,380
2026-10-06T09:12:21.024096,2026-10-06T09:12:21.024096,s-sample-22,Sample Student 22,CYBR-2000,answer,c4,c4-s1,A lock on the server room door,Prevent,Prevent,1,11403,20,400
2026-10-06T09:12:33.627696,2026-10-06T09:12:33.627696,s-sample-22,Sample Student 22,CYBR-2000,answer,c4,c4-s2,A firewall that blocks bad traffic,Detect,Prevent,0,12603,0,420
2026-10-06T09:12:48.902793,2026-10-06T09:12:48.902793,s-sample-22,Sample Student 22,CYBR-2000,answer,c4,c4-s3,Multi-factor authentication (MFA),Prevent,Prevent,1,15275,10,420
2026-10-06T09:13:00.127182,2026-10-06T09:13:00.127182,s-sample-22,Sample Student 22,CYBR-2000,answer,c4,c4-s4,A security camera in the hallway,Detect,Detect,1,11224,15,430
2026-10-06T09:13:06.276806,2026-10-06T09:13:06.276806,s-sample-22,Sample Student 22,CYBR-2000,answer,c4,c4-s5,An alert when someone logs in at 3 AM from another country,Fix,Detect,0,6149,0,445
2026-10-06T09:13:22.095656,2026-10-06T09:13:22.095656,s-sample-22,Sample Student 22,CYBR-2000,answer,c4,c4-s6,An intrusion detection system (IDS),Detect,Detect,1,15818,15,445
2026-10-06T09:13:26.356269,2026-10-06T09:13:26.356269,s-sample-22,Sample Student 22,CYBR-2000,answer,c4,c4-s7,Restoring files from last night's backup,Prevent,Fix,0,4260,0,460
2026-10-06T09:13:37.259071,2026-10-06T09:13:37.259071,s-sample-22,Sample Student 22,CYBR-2000,answer,c4,c4-s8,Antivirus removing a virus it found,Fix,Fix,1,10902,10,460
2026-10-06T09:13:53.030311,2026-10-06T09:13:53.030311,s-sample-22,Sample Student 22,CYBR-2000,answer,c4,c4-s9,Rebuilding a laptop after ransomware,Fix,Fix,1,15771,15,470
2026-10-06T09:14:06.572443,2026-10-06T09:14:06.572443,s-sample-22,Sample Student 22,CYBR-2000,answer,c4,c4-k1,A tall fence around the data center,other answer,Physical,0,13542,0,485
2026-10-06T09:14:15.142206,2026-10-06T09:14:15.142206,s-sample-22,Sample Student 22,CYBR-2000,answer,c4,c4-k2,Encrypting files so only the owner can read them,other answer,Technical,0,8569,0,485
2026-10-06T09:14:24.458613,2026-10-06T09:14:24.458613,s-sample-22,Sample Student 22,CYBR-2000,answer,c4,c4-k3,"A school rule: ""Never share your password""",Administrative,Administrative,1,9316,15,485
2026-10-06T09:14:29.024576,2026-10-06T09:14:29.024576,s-sample-22,Sample Student 22,CYBR-2000,answer,c4,c4-k4,Training every student to spot phishing,other answer,Administrative,0,4565,0,500
2026-10-06T09:14:49.024576,2026-10-06T09:14:49.024576,s-sample-22,Sample Student 22,CYBR-2000,chapter_complete,c4,c4-done,c4,1 stars,,57,390762,160,525
2026-10-06T09:15:26.326082,2026-10-06T09:15:26.326082,s-sample-22,Sample Student 22,CYBR-2000,lesson,c5,c5-l1,lesson,,,,37301,5,525
2026-10-06T09:15:32.607888,2026-10-06T09:15:32.607888,s-sample-22,Sample Student 22,CYBR-2000,lesson,c5,c5-l2,lesson,,,,6281,5,525
2026-10-06T09:16:00.230639,2026-10-06T09:16:00.230639,s-sample-22,Sample Student 22,CYBR-2000,lesson,c5,c5-l3,lesson,,,,27622,5,525
2026-10-06T09:16:14.960769,2026-10-06T09:16:14.960769,s-sample-22,Sample Student 22,CYBR-2000,check,c5,c5-check,"The firewall rule is ""Allow port 443 only."" A packet wants port 3389. What happens?",Blocked,Blocked,1,14730,15,540
2026-10-06T09:16:30.615888,2026-10-06T09:16:30.615888,s-sample-22,Sample Student 22,CYBR-2000,answer,c5,c5-lane-website-ok,Gate Duty: website ok packets,ALLOW,ALLOW,1,15655,15,555
2026-10-06T09:16:36.427367,2026-10-06T09:16:36.427367,s-sample-22,Sample Student 22,CYBR-2000,answer,c5,c5-lane-website-ok,Gate Duty: website ok packets,BLOCK,ALLOW,0,5811,0,570
2026-10-06T09:16:50.314016,2026-10-06T09:16:50.314016,s-sample-22,Sample Student 22,CYBR-2000,answer,c5,c5-lane-website-ok,Gate Duty: website ok packets,ALLOW,ALLOW,1,13886,15,570
2026-10-06T09:17:06.197708,2026-10-06T09:17:06.197708,s-sample-22,Sample Student 22,CYBR-2000,answer,c5,c5-lane-website-ok,Gate Duty: website ok packets,ALLOW,ALLOW,1,15883,20,585
2026-10-06T09:17:21.479110,2026-10-06T09:17:21.479110,s-sample-22,Sample Student 22,CYBR-2000,answer,c5,c5-lane-website-ok,Gate Duty: website ok packets,ALLOW,ALLOW,1,15281,20,605
2026-10-06T09:17:27.373881,2026-10-06T09:17:27.373881,s-sample-22,Sample Student 22,CYBR-2000,answer,c5,c5-lane-bad-port,Gate Duty: bad port packets,BLOCK,BLOCK,1,5894,15,625
2026-10-06T09:17:34.765855,2026-10-06T09:17:34.765855,s-sample-22,Sample Student 22,CYBR-2000,answer,c5,c5-lane-bad-port,Gate Duty: bad port packets,ALLOW,BLOCK,0,7391,0,640
2026-10-06T09:17:48.190588,2026-10-06T09:17:48.190588,s-sample-22,Sample Student 22,CYBR-2000,answer,c5,c5-lane-bad-port,Gate Duty: bad port packets,BLOCK,BLOCK,1,13424,10,640
2026-10-06T09:17:56.478316,2026-10-06T09:17:56.478316,s-sample-22,Sample Student 22,CYBR-2000,answer,c5,c5-lane-bad-port,Gate Duty: bad port packets,BLOCK,BLOCK,1,8287,10,650
2026-10-06T09:18:01.852650,2026-10-06T09:18:01.852650,s-sample-22,Sample Student 22,CYBR-2000,answer,c5,c5-lane-bad-port,Gate Duty: bad port packets,BLOCK,BLOCK,1,5374,15,660
2026-10-06T09:18:15.349501,2026-10-06T09:18:15.349501,s-sample-22,Sample Student 22,CYBR-2000,answer,c5,c5-lane-blocklist,Gate Duty: blocklist packets,ALLOW,BLOCK,0,13496,0,675
2026-10-06T09:18:26.914877,2026-10-06T09:18:26.914877,s-sample-22,Sample Student 22,CYBR-2000,answer,c5,c5-lane-blocklist,Gate Duty: blocklist packets,ALLOW,BLOCK,0,11565,0,675
2026-10-06T09:18:32.215052,2026-10-06T09:18:32.215052,s-sample-22,Sample Student 22,CYBR-2000,answer,c5,c5-lane-blocklist,Gate Duty: blocklist packets,ALLOW,BLOCK,0,5300,0,675
2026-10-06T09:18:38.733094,2026-10-06T09:18:38.733094,s-sample-22,Sample Student 22,CYBR-2000,answer,c5,c5-lane-blocklist,Gate Duty: blocklist packets,BLOCK,BLOCK,1,6518,10,675
2026-10-06T09:18:53.273291,2026-10-06T09:18:53.273291,s-sample-22,Sample Student 22,CYBR-2000,answer,c5,c5-lane-blocklist,Gate Duty: blocklist packets,BLOCK,BLOCK,1,14540,10,685
2026-10-06T09:19:13.273291,2026-10-06T09:19:13.273291,s-sample-22,Sample Student 22,CYBR-2000,chapter_complete,c5,c5-done,c5,1 stars,,69,398131,195,720
2026-10-06T09:19:17.878218,2026-10-06T09:19:17.878218,s-sample-22,Sample Student 22,CYBR-2000,lesson,c6,c6-l1,lesson,,,,4604,5,720
2026-10-06T09:19:24.372529,2026-10-06T09:19:24.372529,s-sample-22,Sample Student 22,CYBR-2000,lesson,c6,c6-l2,lesson,,,,6494,5,720
2026-10-06T09:19:31.188200,2026-10-06T09:19:31.188200,s-sample-22,Sample Student 22,CYBR-2000,check,c6,c6-check,"Where should ""Block everything"" go?",At the bottom,At the bottom,1,6815,20,730
2026-10-06T09:19:45.187503,2026-10-06T09:19:45.187503,s-sample-22,Sample Student 22,CYBR-2000,answer,c6,c6-o1-try1,Let website visitors in. Keep everything else out.,other answer,all tests pass,0,13999,0,750
2026-10-06T09:19:56.631672,2026-10-06T09:19:56.631672,s-sample-22,Sample Student 22,CYBR-2000,answer,c6,c6-o2-try1,"Let website visitors in, except the known bad IP 203.0.113.66.",other answer,all tests pass,0,11444,0,750
2026-10-06T09:20:02.412753,2026-10-06T09:20:02.412753,s-sample-22,Sample Student 22,CYBR-2000,answer,c6,c6-o3-try1,Only the IT laptop (10.0.5.20) may use remote login on port 22. Websites stay open to all.,other answer,all tests pass,0,5781,0,750
2026-10-06T09:20:22.412753,2026-10-06T09:20:22.412753,s-sample-22,Sample Student 22,CYBR-2000,chapter_complete,c6,c6-done,c6,1 stars,,25,272415,55,775
2026-10-06T09:20:26.584520,2026-10-06T09:20:26.584520,s-sample-22,Sample Student 22,CYBR-2000,lesson,c7,c7-l1,lesson,,,,4171,5,775
2026-10-06T09:20:51.274947,2026-10-06T09:20:51.274947,s-sample-22,Sample Student 22,CYBR-2000,lesson,c7,c7-l2,lesson,,,,24690,5,775
2026-10-06T09:20:57.456690,2026-10-06T09:20:57.456690,s-sample-22,Sample Student 22,CYBR-2000,lesson,c7,c7-l3,lesson,,,,6181,5,775
2026-10-06T09:21:07.751780,2026-10-06T09:21:07.751780,s-sample-22,Sample Student 22,CYBR-2000,check,c7,c7-check,What does an IDS do when it finds an attack?,other answer,Raises an alert,0,10295,0,790
2026-10-06T09:21:23.826934,2026-10-06T09:21:23.826934,s-sample-22,Sample Student 22,CYBR-2000,answer,c7,c7-w1,Message: Search: ' OR 1=1 --,Alert,Alert,1,16075,15,790
2026-10-06T09:21:33.357770,2026-10-06T09:21:33.357770,s-sample-22,Sample Student 22,CYBR-2000,answer,c7,c7-w2,Message: Show me the school calendar,Normal,Normal,1,9530,10,805
2026-10-06T09:21:48.116209,2026-10-06T09:21:48.116209,s-sample-22,Sample Student 22,CYBR-2000,answer,c7,c7-w3,Message: Comment: <script>steal()</script>,Alert,Alert,1,14758,10,815
2026-10-06T09:21:54.787658,2026-10-06T09:21:54.787658,s-sample-22,Sample Student 22,CYBR-2000,answer,c7,c7-w4,Message: Search: script for the school play,Alert,Normal,0,6671,0,825
2026-10-06T09:22:11.110890,2026-10-06T09:22:11.110890,s-sample-22,Sample Student 22,CYBR-2000,answer,c7,c7-w5,Activity: A school laptop sends 5 GB to an unknown server at 3:12 AM,Alert,Alert,1,16323,15,825
2026-10-06T09:22:16.840075,2026-10-06T09:22:16.840075,s-sample-22,Sample Student 22,CYBR-2000,answer,c7,c7-w6,Activity: A student downloads a 20 MB PDF for class at 10 AM,Normal,Normal,1,5729,20,840
2026-10-06T09:22:22.020050,2026-10-06T09:22:22.020050,s-sample-22,Sample Student 22,CYBR-2000,answer,c7,c7-w7,Message: Get file: ../../secret/grades.txt,Alert,Alert,1,5179,15,860
2026-10-06T09:22:30.327979,2026-10-06T09:22:30.327979,s-sample-22,Sample Student 22,CYBR-2000,answer,c7,c7-w8,Activity: The same account fails to log in 50 times in one minute,Alert,Alert,1,8307,20,875
2026-10-06T09:22:50.327979,2026-10-06T09:22:50.327979,s-sample-22,Sample Student 22,CYBR-2000,chapter_complete,c7,c7-done,c7,2 stars,,78,210782,145,920
2026-10-06T09:03:00,2026-10-06T09:03:00,s-sample-23,Sample Student 23,CYBR-2000,start,,,,avatar 0,,,,0,0
2026-10-06T09:03:39.369780,2026-10-06T09:03:39.369780,s-sample-23,Sample Student 23,CYBR-2000,lesson,c1,c1-l1,lesson,,,,39369,5,0
2026-10-06T09:04:37.873722,2026-10-06T09:04:37.873722,s-sample-23,Sample Student 23,CYBR-2000,lesson,c1,c1-l2,lesson,,,,58503,5,0
2026-10-06T09:04:43.434816,2026-10-06T09:04:43.434816,s-sample-23,Sample Student 23,CYBR-2000,lesson,c1,c1-l3,lesson,,,,5561,5,0
2026-10-06T09:04:54.942312,2026-10-06T09:04:54.942312,s-sample-23,Sample Student 23,CYBR-2000,check,c1,c1-check,Someone changes your grade from a C to an A without permission. Which part of CIA is broken?,Integrity,Integrity,1,11507,15,15
2026-10-06T09:05:10.544047,2026-10-06T09:05:10.544047,s-sample-23,Sample Student 23,CYBR-2000,answer,c1,c1-s1,A stranger reads your private messages.,Confidentiality,Confidentiality,1,15601,10,30
2026-10-06T09:05:14.826566,2026-10-06T09:05:14.826566,s-sample-23,Sample Student 23,CYBR-2000,answer,c1,c1-s2,A hacker changes the price of shoes on a store website to $1.,Integrity,Integrity,1,4282,15,40
2026-10-06T09:05:28.597603,2026-10-06T09:05:28.597603,s-sample-23,Sample Student 23,CYBR-2000,answer,c1,c1-s3,The school website crashes on the first day of class.,Availability,Availability,1,13771,20,55
2026-10-06T09:05:33.843635,2026-10-06T09:05:33.843635,s-sample-23,Sample Student 23,CYBR-2000,answer,c1,c1-s4,Your friend watches over your shoulder as you type your PIN.,Confidentiality,Confidentiality,1,5246,10,75
2026-10-06T09:05:40.682686,2026-10-06T09:05:40.682686,s-sample-23,Sample Student 23,CYBR-2000,answer,c1,c1-s5,A virus edits files so the numbers in them are wrong.,Integrity,Integrity,1,6839,15,85
2026-10-06T09:05:57.146520,2026-10-06T09:05:57.146520,s-sample-23,Sample Student 23,CYBR-2000,answer,c1,c1-s6,A storm knocks out power to the server room.,Availability,Availability,1,16463,15,100
2026-10-06T09:06:06.264504,2026-10-06T09:06:06.264504,s-sample-23,Sample Student 23,CYBR-2000,answer,c1,c1-s7,"Thousands of fake visitors flood a game server, so real players cannot log in.",Confidentiality,Availability,0,9117,0,115
2026-10-06T09:06:11.227997,2026-10-06T09:06:11.227997,s-sample-23,Sample Student 23,CYBR-2000,answer,c1,c1-s8,Someone posts your password online.,Confidentiality,Confidentiality,1,4963,20,115
2026-10-06T09:06:31.227997,2026-10-06T09:06:31.227997,s-sample-23,Sample Student 23,CYBR-2000,chapter_complete,c1,c1-done,c1,2 stars,,89,207568,160,160
2026-10-06T09:07:14.631301,2026-10-06T09:07:14.631301,s-sample-23,Sample Student 23,CYBR-2000,lesson,c2,c2-l1,lesson,,,,43403,5,160
2026-10-06T09:07:38.925209,2026-10-06T09:07:38.925209,s-sample-23,Sample Student 23,CYBR-2000,lesson,c2,c2-l2,lesson,,,,24293,5,160
2026-10-06T09:08:19.720903,2026-10-06T09:08:19.720903,s-sample-23,Sample Student 23,CYBR-2000,lesson,c2,c2-l3,lesson,,,,40795,5,160
2026-10-06T09:08:37.713412,2026-10-06T09:08:37.713412,s-sample-23,Sample Student 23,CYBR-2000,check,c2,c2-check,Which one is MFA?,A password and a code sent to your phone,A password and a code sent to your phone,1,17992,20,175
2026-10-06T09:08:55.423591,2026-10-06T09:08:55.423591,s-sample-23,Sample Student 23,CYBR-2000,answer,c2,c2-p1,Which password is stronger?,blue-river-pizza-cloud,blue-river-pizza-cloud,1,17710,20,195
2026-10-06T09:09:08.685303,2026-10-06T09:09:08.685303,s-sample-23,Sample Student 23,CYBR-2000,answer,c2,c2-p2,Which password is stronger?,maple-guitar-orbit-sock,maple-guitar-orbit-sock,1,13261,10,215
2026-10-06T09:09:16.857681,2026-10-06T09:09:16.857681,s-sample-23,Sample Student 23,CYBR-2000,answer,c2,c2-p3,Which password is stronger?,correct-horse-lamp-yellow,correct-horse-lamp-yellow,1,8172,10,225
2026-10-06T09:09:24.167097,2026-10-06T09:09:24.167097,s-sample-23,Sample Student 23,CYBR-2000,answer,c2,c2-p4,Which habit is safer?,other answer,"A different password on every site, saved in a password manager",0,7309,0,235
2026-10-06T09:09:34.349948,2026-10-06T09:09:34.349948,s-sample-23,Sample Student 23,CYBR-2000,answer,c2,c2-p5,Which password is stronger?,Qz8#mL2!vR9p,Qz8#mL2!vR9p,1,10182,20,235
2026-10-06T09:09:39.424698,2026-10-06T09:09:39.424698,s-sample-23,Sample Student 23,CYBR-2000,answer,c2,c2-q1,You get a text with a login code you did not ask for. What should you do?,Ignore the code and change your password,Ignore the code and change your password,1,5074,20,255
2026-10-06T09:09:52.770320,2026-10-06T09:09:52.770320,s-sample-23,Sample Student 23,CYBR-2000,answer,c2,c2-q2,A friend asks for your game password so they can level up your character. What do you do?,"Say no, and keep your password private","Say no, and keep your password private",1,13345,20,275
2026-10-06T09:10:12.770320,2026-10-06T09:10:12.770320,s-sample-23,Sample Student 23,CYBR-2000,chapter_complete,c2,c2-done,c2,2 stars,,88,202176,160,320
2026-10-06T09:10:52.929812,2026-10-06T09:10:52.929812,s-sample-23,Sample Student 23,CYBR-2000,lesson,c3,c3-l1,lesson,,,,40159,5,320
2026-10-06T09:10:56.197546,2026-10-06T09:10:56.197546,s-sample-23,Sample Student 23,CYBR-2000,lesson,c3,c3-l2,lesson,,,,3267,5,320
2026-10-06T09:11:24.320456,2026-10-06T09:11:24.320456,s-sample-23,Sample Student 23,CYBR-2000,lesson,c3,c3-l3,lesson,,,,28122,5,320
2026-10-06T09:11:38.496624,2026-10-06T09:11:38.496624,s-sample-23,Sample Student 23,CYBR-2000,check,c3,c3-check,Which is the biggest red flag?,The email asks you to type your password on a link,The email asks you to type your password on a link,1,14176,15,335
2026-10-06T09:11:45.757669,2026-10-06T09:11:45.757669,s-sample-23,Sample Student 23,CYBR-2000,answer,c3,c3-e1,Netflix: Account suspended! Update payment in 2 hours,Phish,Phish,1,7261,10,350
2026-10-06T09:11:51.988142,2026-10-06T09:11:51.988142,s-sample-23,Sample Student 23,CYBR-2000,answer,c3,c3-e2,Ms. Carter: Reminder: quiz moved to Friday,Safe,Safe,1,6230,15,360
2026-10-06T09:12:08.601434,2026-10-06T09:12:08.601434,s-sample-23,Sample Student 23,CYBR-2000,answer,c3,c3-e3,"Roblox Rewards: YOU WON 10,000 ROBUX!!!",Safe,Phish,0,16613,0,375
2026-10-06T09:12:14.479983,2026-10-06T09:12:14.479983,s-sample-23,Sample Student 23,CYBR-2000,answer,c3,c3-e4,"Principal Grant: Quick favor, keep it secret",Phish,Phish,1,5878,20,375
2026-10-06T09:12:23.978142,2026-10-06T09:12:23.978142,s-sample-23,Sample Student 23,CYBR-2000,answer,c3,c3-e5,USPS: Package on hold,Phish,Phish,1,9498,20,395
2026-10-06T09:12:32.229564,2026-10-06T09:12:32.229564,s-sample-23,Sample Student 23,CYBR-2000,answer,c3,c3-e6,Library: Your book is due Monday,Safe,Safe,1,8251,15,415
2026-10-06T09:12:52.229564,2026-10-06T09:12:52.229564,s-sample-23,Sample Student 23,CYBR-2000,chapter_complete,c3,c3-done,c3,2 stars,,86,341322,135,455
2026-10-06T09:13:37.056287,2026-10-06T09:13:37.056287,s-sample-23,Sample Student 23,CYBR-2000,lesson,c4,c4-l1,lesson,,,,44826,5,455
2026-10-06T09:13:41.591745,2026-10-06T09:13:41.591745,s-sample-23,Sample Student 23,CYBR-2000,lesson,c4,c4-l2,lesson,,,,4535,5,455
2026-10-06T09:14:21.156385,2026-10-06T09:14:21.156385,s-sample-23,Sample Student 23,CYBR-2000,lesson,c4,c4-l3,lesson,,,,39564,5,455
2026-10-06T09:14:32.144434,2026-10-06T09:14:32.144434,s-sample-23,Sample Student 23,CYBR-2000,check,c4,c4-check,A security camera is mainly a...,Detect control,Detect control,1,10988,20,470
2026-10-06T09:14:40.325611,2026-10-06T09:14:40.325611,s-sample-23,Sample Student 23,CYBR-2000,answer,c4,c4-s1,A lock on the server room door,Prevent,Prevent,1,8181,20,490
2026-10-06T09:14:52.180319,2026-10-06T09:14:52.180319,s-sample-23,Sample Student 23,CYBR-2000,answer,c4,c4-s2,A firewall that blocks bad traffic,Prevent,Prevent,1,11854,15,510
2026-10-06T09:15:07.596368,2026-10-06T09:15:07.596368,s-sample-23,Sample Student 23,CYBR-2000,answer,c4,c4-s3,Multi-factor authentication (MFA),Prevent,Prevent,1,15416,15,525
2026-10-06T09:15:23.712088,2026-10-06T09:15:23.712088,s-sample-23,Sample Student 23,CYBR-2000,answer,c4,c4-s4,A security camera in the hallway,Detect,Detect,1,16115,20,540
2026-10-06T09:15:28.129064,2026-10-06T09:15:28.129064,s-sample-23,Sample Student 23,CYBR-2000,answer,c4,c4-s5,An alert when someone logs in at 3 AM from another country,Fix,Detect,0,4416,0,560
2026-10-06T09:15:37.564912,2026-10-06T09:15:37.564912,s-sample-23,Sample Student 23,CYBR-2000,answer,c4,c4-s6,An intrusion detection system (IDS),Detect,Detect,1,9435,20,560
2026-10-06T09:15:44.480162,2026-10-06T09:15:44.480162,s-sample-23,Sample Student 23,CYBR-2000,answer,c4,c4-s7,Restoring files from last night's backup,Fix,Fix,1,6915,20,580
2026-10-06T09:15:59.059206,2026-10-06T09:15:59.059206,s-sample-23,Sample Student 23,CYBR-2000,answer,c4,c4-s8,Antivirus removing a virus it found,Fix,Fix,1,14579,15,600
2026-10-06T09:16:09.633053,2026-10-06T09:16:09.633053,s-sample-23,Sample Student 23,CYBR-2000,answer,c4,c4-s9,Rebuilding a laptop after ransomware,Prevent,Fix,0,10573,0,615
2026-10-06T09:16:18.199643,2026-10-06T09:16:18.199643,s-sample-23,Sample Student 23,CYBR-2000,answer,c4,c4-k1,A tall fence around the data center,other answer,Physical,0,8566,0,615
2026-10-06T09:16:31.932036,2026-10-06T09:16:31.932036,s-sample-23,Sample Student 23,CYBR-2000,answer,c4,c4-k2,Encrypting files so only the owner can read them,Technical,Technical,1,13732,15,615
2026-10-06T09:16:46.630504,2026-10-06T09:16:46.630504,s-sample-23,Sample Student 23,CYBR-2000,answer,c4,c4-k3,"A school rule: ""Never share your password""",Administrative,Administrative,1,14698,20,630
2026-10-06T09:17:01.853814,2026-10-06T09:17:01.853814,s-sample-23,Sample Student 23,CYBR-2000,answer,c4,c4-k4,Training every student to spot phishing,other answer,Administrative,0,15223,0,650
2026-10-06T09:17:21.853814,2026-10-06T09:17:21.853814,s-sample-23,Sample Student 23,CYBR-2000,chapter_complete,c4,c4-done,c4,2 stars,,71,329795,220,675
2026-10-06T09:17:28.238050,2026-10-06T09:17:28.238050,s-sample-23,Sample Student 23,CYBR-2000,lesson,c5,c5-l1,lesson,,,,6384,5,675
2026-10-06T09:17:54.543037,2026-10-06T09:17:54.543037,s-sample-23,Sample Student 23,CYBR-2000,lesson,c5,c5-l2,lesson,,,,26304,5,675
2026-10-06T09:17:57.632788,2026-10-06T09:17:57.632788,s-sample-23,Sample Student 23,CYBR-2000,lesson,c5,c5-l3,lesson,,,,3089,5,675
2026-10-06T09:18:04.054168,2026-10-06T09:18:04.054168,s-sample-23,Sample Student 23,CYBR-2000,check,c5,c5-check,"The firewall rule is ""Allow port 443 only."" A packet wants port 3389. What happens?",Blocked,Blocked,1,6421,20,690
2026-10-06T09:18:13.282718,2026-10-06T09:18:13.282718,s-sample-23,Sample Student 23,CYBR-2000,answer,c5,c5-lane-website-ok,Gate Duty: website ok packets,ALLOW,ALLOW,1,9228,20,710
2026-10-06T09:18:18.632778,2026-10-06T09:18:18.632778,s-sample-23,Sample Student 23,CYBR-2000,answer,c5,c5-lane-website-ok,Gate Duty: website ok packets,ALLOW,ALLOW,1,5350,15,730
2026-10-06T09:18:28.421486,2026-10-06T09:18:28.421486,s-sample-23,Sample Student 23,CYBR-2000,answer,c5,c5-lane-website-ok,Gate Duty: website ok packets,ALLOW,ALLOW,1,9788,20,745
2026-10-06T09:18:45.558660,2026-10-06T09:18:45.558660,s-sample-23,Sample Student 23,CYBR-2000,answer,c5,c5-lane-website-ok,Gate Duty: website ok packets,BLOCK,ALLOW,0,17137,0,765
2026-10-06T09:19:00.057252,2026-10-06T09:19:00.057252,s-sample-23,Sample Student 23,CYBR-2000,answer,c5,c5-lane-website-ok,Gate Duty: website ok packets,ALLOW,ALLOW,1,14498,20,765
2026-10-06T09:19:08.867753,2026-10-06T09:19:08.867753,s-sample-23,Sample Student 23,CYBR-2000,answer,c5,c5-lane-bad-port,Gate Duty: bad port packets,ALLOW,BLOCK,0,8810,0,785
2026-10-06T09:19:26.464618,2026-10-06T09:19:26.464618,s-sample-23,Sample Student 23,CYBR-2000,answer,c5,c5-lane-bad-port,Gate Duty: bad port packets,BLOCK,BLOCK,1,17596,20,785
2026-10-06T09:19:35.086112,2026-10-06T09:19:35.086112,s-sample-23,Sample Student 23,CYBR-2000,answer,c5,c5-lane-bad-port,Gate Duty: bad port packets,BLOCK,BLOCK,1,8621,15,805
2026-10-06T09:19:50.251344,2026-10-06T09:19:50.251344,s-sample-23,Sample Student 23,CYBR-2000,answer,c5,c5-lane-bad-port,Gate Duty: bad port packets,BLOCK,BLOCK,1,15165,15,820
2026-10-06T09:19:54.585720,2026-10-06T09:19:54.585720,s-sample-23,Sample Student 23,CYBR-2000,answer,c5,c5-lane-bad-port,Gate Duty: bad port packets,ALLOW,BLOCK,0,4334,0,835
2026-10-06T09:20:02.911138,2026-10-06T09:20:02.911138,s-sample-23,Sample Student 23,CYBR-2000,answer,c5,c5-lane-blocklist,Gate Duty: blocklist packets,ALLOW,BLOCK,0,8325,0,835
2026-10-06T09:20:19.506775,2026-10-06T09:20:19.506775,s-sample-23,Sample Student 23,CYBR-2000,answer,c5,c5-lane-blocklist,Gate Duty: blocklist packets,BLOCK,BLOCK,1,16595,15,835
2026-10-06T09:20:28.621016,2026-10-06T09:20:28.621016,s-sample-23,Sample Student 23,CYBR-2000,answer,c5,c5-lane-blocklist,Gate Duty: blocklist packets,BLOCK,BLOCK,1,9114,20,850
2026-10-06T09:20:34.294811,2026-10-06T09:20:34.294811,s-sample-23,Sample Student 23,CYBR-2000,answer,c5,c5-lane-blocklist,Gate Duty: blocklist packets,BLOCK,BLOCK,1,5673,10,870
2026-10-06T09:20:39.508798,2026-10-06T09:20:39.508798,s-sample-23,Sample Student 23,CYBR-2000,answer,c5,c5-lane-blocklist,Gate Duty: blocklist packets,BLOCK,BLOCK,1,5213,15,880
2026-10-06T09:20:59.508798,2026-10-06T09:20:59.508798,s-sample-23,Sample Student 23,CYBR-2000,chapter_complete,c5,c5-done,c5,2 stars,,75,299716,245,920
2026-10-06T09:00:00,2026-10-06T09:00:00,s-sample-24,Sample Student 24,CYBR-2000,start,,,,avatar 0,,,,0,0
2026-10-06T09:00:39.781743,2026-10-06T09:00:39.781743,s-sample-24,Sample Student 24,CYBR-2000,lesson,c1,c1-l1,lesson,,,,39781,5,0
2026-10-06T09:00:43.508105,2026-10-06T09:00:43.508105,s-sample-24,Sample Student 24,CYBR-2000,lesson,c1,c1-l2,lesson,,,,3726,5,0
2026-10-06T09:00:50.050291,2026-10-06T09:00:50.050291,s-sample-24,Sample Student 24,CYBR-2000,lesson,c1,c1-l3,lesson,,,,6542,5,0
2026-10-06T09:00:54.520691,2026-10-06T09:00:54.520691,s-sample-24,Sample Student 24,CYBR-2000,check,c1,c1-check,Someone changes your grade from a C to an A without permission. Which part of CIA is broken?,Availability,Integrity,0,4470,0,15
2026-10-06T09:01:01.855466,2026-10-06T09:01:01.855466,s-sample-24,Sample Student 24,CYBR-2000,answer,c1,c1-s1,A stranger reads your private messages.,Confidentiality,Confidentiality,1,7334,20,15
2026-10-06T09:01:12.774264,2026-10-06T09:01:12.774264,s-sample-24,Sample Student 24,CYBR-2000,answer,c1,c1-s2,A hacker changes the price of shoes on a store website to $1.,Integrity,Integrity,1,10918,15,35
2026-10-06T09:01:17.583791,2026-10-06T09:01:17.583791,s-sample-24,Sample Student 24,CYBR-2000,answer,c1,c1-s3,The school website crashes on the first day of class.,Availability,Availability,1,4809,20,50
2026-10-06T09:01:27.536935,2026-10-06T09:01:27.536935,s-sample-24,Sample Student 24,CYBR-2000,answer,c1,c1-s4,Your friend watches over your shoulder as you type your PIN.,Confidentiality,Confidentiality,1,9953,15,70
2026-10-06T09:01:41.491414,2026-10-06T09:01:41.491414,s-sample-24,Sample Student 24,CYBR-2000,answer,c1,c1-s5,A virus edits files so the numbers in them are wrong.,Integrity,Integrity,1,13954,10,85
2026-10-06T09:01:50.381180,2026-10-06T09:01:50.381180,s-sample-24,Sample Student 24,CYBR-2000,answer,c1,c1-s6,A storm knocks out power to the server room.,Availability,Availability,1,8889,15,95
2026-10-06T09:02:01.776620,2026-10-06T09:02:01.776620,s-sample-24,Sample Student 24,CYBR-2000,answer,c1,c1-s7,"Thousands of fake visitors flood a game server, so real players cannot log in.",Availability,Availability,1,11395,10,110
2026-10-06T09:02:14.615744,2026-10-06T09:02:14.615744,s-sample-24,Sample Student 24,CYBR-2000,answer,c1,c1-s8,Someone posts your password online.,Integrity,Confidentiality,0,12839,0,120
2026-10-06T09:02:34.615744,2026-10-06T09:02:34.615744,s-sample-24,Sample Student 24,CYBR-2000,chapter_complete,c1,c1-done,c1,2 stars,,78,304054,145,145
2026-10-06T09:03:02.201041,2026-10-06T09:03:02.201041,s-sample-24,Sample Student 24,CYBR-2000,lesson,c2,c2-l1,lesson,,,,27585,5,145
2026-10-06T09:03:39.950767,2026-10-06T09:03:39.950767,s-sample-24,Sample Student 24,CYBR-2000,lesson,c2,c2-l2,lesson,,,,37749,5,145
2026-10-06T09:03:46.091831,2026-10-06T09:03:46.091831,s-sample-24,Sample Student 24,CYBR-2000,lesson,c2,c2-l3,lesson,,,,6141,5,145
2026-10-06T09:04:02.566006,2026-10-06T09:04:02.566006,s-sample-24,Sample Student 24,CYBR-2000,check,c2,c2-check,Which one is MFA?,other answer,A password and a code sent to your phone,0,16474,0,160
2026-10-06T09:04:14.207120,2026-10-06T09:04:14.207120,s-sample-24,Sample Student 24,CYBR-2000,answer,c2,c2-p1,Which password is stronger?,blue-river-pizza-cloud,blue-river-pizza-cloud,1,11641,10,160
2026-10-06T09:04:24.653374,2026-10-06T09:04:24.653374,s-sample-24,Sample Student 24,CYBR-2000,answer,c2,c2-p2,Which password is stronger?,maple-guitar-orbit-sock,maple-guitar-orbit-sock,1,10446,20,170
2026-10-06T09:04:39.357477,2026-10-06T09:04:39.357477,s-sample-24,Sample Student 24,CYBR-2000,answer,c2,c2-p3,Which password is stronger?,correct-horse-lamp-yellow,correct-horse-lamp-yellow,1,14704,15,190
2026-10-06T09:04:44.790478,2026-10-06T09:04:44.790478,s-sample-24,Sample Student 24,CYBR-2000,answer,c2,c2-p4,Which habit is safer?,other answer,"A different password on every site, saved in a password manager",0,5433,0,205
2026-10-06T09:04:58.915703,2026-10-06T09:04:58.915703,s-sample-24,Sample Student 24,CYBR-2000,answer,c2,c2-p5,Which password is stronger?,Qz8#mL2!vR9p,Qz8#mL2!vR9p,1,14125,15,205
2026-10-06T09:05:04.010201,2026-10-06T09:05:04.010201,s-sample-24,Sample Student 24,CYBR-2000,answer,c2,c2-q1,You get a text with a login code you did not ask for. What should you do?,Ignore the code and change your password,Ignore the code and change your password,1,5094,10,220
2026-10-06T09:05:08.617188,2026-10-06T09:05:08.617188,s-sample-24,Sample Student 24,CYBR-2000,answer,c2,c2-q2,A friend asks for your game password so they can level up your character. What do you do?,"Say no, and keep your password private","Say no, and keep your password private",1,4606,20,230
2026-10-06T09:05:28.617188,2026-10-06T09:05:28.617188,s-sample-24,Sample Student 24,CYBR-2000,chapter_complete,c2,c2-done,c2,2 stars,,75,272267,130,275
2026-10-06T09:06:06.423469,2026-10-06T09:06:06.423469,s-sample-24,Sample Student 24,CYBR-2000,lesson,c3,c3-l1,lesson,,,,37806,5,275
2026-10-06T09:06:12.683512,2026-10-06T09:06:12.683512,s-sample-24,Sample Student 24,CYBR-2000,lesson,c3,c3-l2,lesson,,,,6260,5,275
2026-10-06T09:07:06.770731,2026-10-06T09:07:06.770731,s-sample-24,Sample Student 24,CYBR-2000,lesson,c3,c3-l3,lesson,,,,54087,5,275
2026-10-06T09:07:20.950835,2026-10-06T09:07:20.950835,s-sample-24,Sample Student 24,CYBR-2000,check,c3,c3-check,Which is the biggest red flag?,The email asks you to type your password on a link,The email asks you to type your password on a link,1,14180,10,290
2026-10-06T09:07:26.105128,2026-10-06T09:07:26.105128,s-sample-24,Sample Student 24,CYBR-2000,answer,c3,c3-e1,Netflix: Account suspended! Update payment in 2 hours,Safe,Phish,0,5154,0,300
2026-10-06T09:07:40.290709,2026-10-06T09:07:40.290709,s-sample-24,Sample Student 24,CYBR-2000,answer,c3,c3-e2,Ms. Carter: Reminder: quiz moved to Friday,Safe,Safe,1,14185,20,300
2026-10-06T09:07:51.665065,2026-10-06T09:07:51.665065,s-sample-24,Sample Student 24,CYBR-2000,answer,c3,c3-e3,"Roblox Rewards: YOU WON 10,000 ROBUX!!!",Phish,Phish,1,11374,15,320
2026-10-06T09:08:03.995259,2026-10-06T09:08:03.995259,s-sample-24,Sample Student 24,CYBR-2000,answer,c3,c3-e4,"Principal Grant: Quick favor, keep it secret",Phish,Phish,1,12330,15,335
2026-10-06T09:08:08.404349,2026-10-06T09:08:08.404349,s-sample-24,Sample Student 24,CYBR-2000,answer,c3,c3-e5,USPS: Package on hold,Phish,Phish,1,4409,20,350
2026-10-06T09:08:12.980133,2026-10-06T09:08:12.980133,s-sample-24,Sample Student 24,CYBR-2000,answer,c3,c3-e6,Library: Your book is due Monday,Safe,Safe,1,4575,10,370
2026-10-06T09:08:32.980133,2026-10-06T09:08:32.980133,s-sample-24,Sample Student 24,CYBR-2000,chapter_complete,c3,c3-done,c3,2 stars,,86,290713,130,405
2026-10-06T09:08:36.809014,2026-10-06T09:08:36.809014,s-sample-24,Sample Student 24,CYBR-2000,lesson,c4,c4-l1,lesson,,,,3828,5,405
2026-10-06T09:08:43.399870,2026-10-06T09:08:43.399870,s-sample-24,Sample Student 24,CYBR-2000,lesson,c4,c4-l2,lesson,,,,6590,5,405
2026-10-06T09:09:16.597988,2026-10-06T09:09:16.597988,s-sample-24,Sample Student 24,CYBR-2000,lesson,c4,c4-l3,lesson,,,,33198,5,405
2026-10-06T09:09:21.396476,2026-10-06T09:09:21.396476,s-sample-24,Sample Student 24,CYBR-2000,check,c4,c4-check,A security camera is mainly a...,Detect control,Detect control,1,4798,10,420
2026-10-06T09:09:33.579356,2026-10-06T09:09:33.579356,s-sample-24,Sample Student 24,CYBR-2000,answer,c4,c4-s1,A lock on the server room door,Prevent,Prevent,1,12182,20,430
2026-10-06T09:09:43.252181,2026-10-06T09:09:43.252181,s-sample-24,Sample Student 24,CYBR-2000,answer,c4,c4-s2,A firewall that blocks bad traffic,Prevent,Prevent,1,9672,10,450
2026-10-06T09:09:54.129639,2026-10-06T09:09:54.129639,s-sample-24,Sample Student 24,CYBR-2000,answer,c4,c4-s3,Multi-factor authentication (MFA),Prevent,Prevent,1,10877,10,460
2026-10-06T09:10:03.785125,2026-10-06T09:10:03.785125,s-sample-24,Sample Student 24,CYBR-2000,answer,c4,c4-s4,A security camera in the hallway,Detect,Detect,1,9655,10,470
2026-10-06T09:10:20.821231,2026-10-06T09:10:20.821231,s-sample-24,Sample Student 24,CYBR-2000,answer,c4,c4-s5,An alert when someone logs in at 3 AM from another country,Fix,Detect,0,17036,0,480
2026-10-06T09:10:26.011294,2026-10-06T09:10:26.011294,s-sample-24,Sample Student 24,CYBR-2000,answer,c4,c4-s6,An intrusion detection system (IDS),Detect,Detect,1,5190,10,480
2026-10-06T09:10:39.076021,2026-10-06T09:10:39.076021,s-sample-24,Sample Student 24,CYBR-2000,answer,c4,c4-s7,Restoring files from last night's backup,Fix,Fix,1,13064,20,490
2026-10-06T09:10:54.988643,2026-10-06T09:10:54.988643,s-sample-24,Sample Student 24,CYBR-2000,answer,c4,c4-s8,Antivirus removing a virus it found,Fix,Fix,1,15912,20,510
2026-10-06T09:11:12.833343,2026-10-06T09:11:12.833343,s-sample-24,Sample Student 24,CYBR-2000,answer,c4,c4-s9,Rebuilding a laptop after ransomware,Fix,Fix,1,17844,10,530
2026-10-06T09:11:18.125272,2026-10-06T09:11:18.125272,s-sample-24,Sample Student 24,CYBR-2000,answer,c4,c4-k1,A tall fence around the data center,Physical,Physical,1,5291,10,540
2026-10-06T09:11:23.860882,2026-10-06T09:11:23.860882,s-sample-24,Sample Student 24,CYBR-2000,answer,c4,c4-k2,Encrypting files so only the owner can read them,Technical,Technical,1,5735,15,550
2026-10-06T09:11:29.157024,2026-10-06T09:11:29.157024,s-sample-24,Sample Student 24,CYBR-2000,answer,c4,c4-k3,"A school rule: ""Never share your password""",Administrative,Administrative,1,5296,15,565
2026-10-06T09:11:45.460223,2026-10-06T09:11:45.460223,s-sample-24,Sample Student 24,CYBR-2000,answer,c4,c4-k4,Training every student to spot phishing,other answer,Administrative,0,16303,0,580
2026-10-06T09:12:05.460223,2026-10-06T09:12:05.460223,s-sample-24,Sample Student 24,CYBR-2000,chapter_complete,c4,c4-done,c4,2 stars,,86,347399,200,605
2026-10-06T09:12:33.000768,2026-10-06T09:12:33.000768,s-sample-24,Sample Student 24,CYBR-2000,lesson,c5,c5-l1,lesson,,,,27540,5,605
2026-10-06T09:12:57.016819,2026-10-06T09:12:57.016819,s-sample-24,Sample Student 24,CYBR-2000,lesson,c5,c5-l2,lesson,,,,24016,5,605
2026-10-06T09:13:03.119058,2026-10-06T09:13:03.119058,s-sample-24,Sample Student 24,CYBR-2000,lesson,c5,c5-l3,lesson,,,,6102,5,605
2026-10-06T09:13:20.810040,2026-10-06T09:13:20.810040,s-sample-24,Sample Student 24,CYBR-2000,check,c5,c5-check,"The firewall rule is ""Allow port 443 only."" A packet wants port 3389. What happens?",Blocked,Blocked,1,17690,10,620
2026-10-06T09:13:30.982506,2026-10-06T09:13:30.982506,s-sample-24,Sample Student 24,CYBR-2000,answer,c5,c5-lane-website-ok,Gate Duty: website ok packets,ALLOW,ALLOW,1,10172,10,630
2026-10-06T09:13:45.418650,2026-10-06T09:13:45.418650,s-sample-24,Sample Student 24,CYBR-2000,answer,c5,c5-lane-website-ok,Gate Duty: website ok packets,ALLOW,ALLOW,1,14436,20,640
2026-10-06T09:14:02.632655,2026-10-06T09:14:02.632655,s-sample-24,Sample Student 24,CYBR-2000,answer,c5,c5-lane-website-ok,Gate Duty: website ok packets,ALLOW,ALLOW,1,17214,20,660
2026-10-06T09:14:19.527098,2026-10-06T09:14:19.527098,s-sample-24,Sample Student 24,CYBR-2000,answer,c5,c5-lane-website-ok,Gate Duty: website ok packets,ALLOW,ALLOW,1,16894,20,680
2026-10-06T09:14:27.292207,2026-10-06T09:14:27.292207,s-sample-24,Sample Student 24,CYBR-2000,answer,c5,c5-lane-website-ok,Gate Duty: website ok packets,ALLOW,ALLOW,1,7765,10,700
2026-10-06T09:14:41.888142,2026-10-06T09:14:41.888142,s-sample-24,Sample Student 24,CYBR-2000,answer,c5,c5-lane-bad-port,Gate Duty: bad port packets,BLOCK,BLOCK,1,14595,20,710
2026-10-06T09:14:50.503561,2026-10-06T09:14:50.503561,s-sample-24,Sample Student 24,CYBR-2000,answer,c5,c5-lane-bad-port,Gate Duty: bad port packets,BLOCK,BLOCK,1,8615,20,730
2026-10-06T09:15:00.555388,2026-10-06T09:15:00.555388,s-sample-24,Sample Student 24,CYBR-2000,answer,c5,c5-lane-bad-port,Gate Duty: bad port packets,BLOCK,BLOCK,1,10051,20,750
2026-10-06T09:15:11.797849,2026-10-06T09:15:11.797849,s-sample-24,Sample Student 24,CYBR-2000,answer,c5,c5-lane-bad-port,Gate Duty: bad port packets,BLOCK,BLOCK,1,11242,10,770
2026-10-06T09:15:20.997898,2026-10-06T09:15:20.997898,s-sample-24,Sample Student 24,CYBR-2000,answer,c5,c5-lane-bad-port,Gate Duty: bad port packets,BLOCK,BLOCK,1,9200,20,780
2026-10-06T09:15:25.234915,2026-10-06T09:15:25.234915,s-sample-24,Sample Student 24,CYBR-2000,answer,c5,c5-lane-blocklist,Gate Duty: blocklist packets,BLOCK,BLOCK,1,4237,20,800
2026-10-06T09:15:36.175295,2026-10-06T09:15:36.175295,s-sample-24,Sample Student 24,CYBR-2000,answer,c5,c5-lane-blocklist,Gate Duty: blocklist packets,BLOCK,BLOCK,1,10940,10,820
2026-10-06T09:15:45.313281,2026-10-06T09:15:45.313281,s-sample-24,Sample Student 24,CYBR-2000,answer,c5,c5-lane-blocklist,Gate Duty: blocklist packets,ALLOW,BLOCK,0,9137,0,830
2026-10-06T09:15:49.528234,2026-10-06T09:15:49.528234,s-sample-24,Sample Student 24,CYBR-2000,answer,c5,c5-lane-blocklist,Gate Duty: blocklist packets,BLOCK,BLOCK,1,4214,10,830
2026-10-06T09:15:57.531082,2026-10-06T09:15:57.531082,s-sample-24,Sample Student 24,CYBR-2000,answer,c5,c5-lane-blocklist,Gate Duty: blocklist packets,ALLOW,BLOCK,0,8002,0,840
2026-10-06T09:16:17.531082,2026-10-06T09:16:17.531082,s-sample-24,Sample Student 24,CYBR-2000,chapter_complete,c5,c5-done,c5,2 stars,,88,291653,260,865
2026-10-06T09:16:59.847551,2026-10-06T09:16:59.847551,s-sample-24,Sample Student 24,CYBR-2000,lesson,c6,c6-l1,lesson,,,,42316,5,865
2026-10-06T09:17:28.550082,2026-10-06T09:17:28.550082,s-sample-24,Sample Student 24,CYBR-2000,lesson,c6,c6-l2,lesson,,,,28702,5,865
2026-10-06T09:17:34.184073,2026-10-06T09:17:34.184073,s-sample-24,Sample Student 24,CYBR-2000,check,c6,c6-check,"Where should ""Block everything"" go?",At the bottom,At the bottom,1,5633,10,875
2026-10-06T09:17:50.273525,2026-10-06T09:17:50.273525,s-sample-24,Sample Student 24,CYBR-2000,answer,c6,c6-o1-try1,Let website visitors in. Keep everything else out.,all tests pass,all tests pass,1,16089,15,885
2026-10-06T09:18:02.585935,2026-10-06T09:18:02.585935,s-sample-24,Sample Student 24,CYBR-2000,answer,c6,c6-o2-try1,"Let website visitors in, except the known bad IP 203.0.113.66.",all tests pass,all tests pass,1,12312,20,900
2026-10-06T09:18:13.015168,2026-10-06T09:18:13.015168,s-sample-24,Sample Student 24,CYBR-2000,answer,c6,c6-o3-try1,Only the IT laptop (10.0.5.20) may use remote login on port 22. Websites stay open to all.,other answer,all tests pass,0,10429,0,920
2026-10-06T09:18:33.015168,2026-10-06T09:18:33.015168,s-sample-24,Sample Student 24,CYBR-2000,chapter_complete,c6,c6-done,c6,2 stars,,75,214827,80,945
2026-10-06T09:19:21.751968,2026-10-06T09:19:21.751968,s-sample-24,Sample Student 24,CYBR-2000,lesson,c7,c7-l1,lesson,,,,48736,5,945
2026-10-06T09:20:04.041398,2026-10-06T09:20:04.041398,s-sample-24,Sample Student 24,CYBR-2000,lesson,c7,c7-l2,lesson,,,,42289,5,945
2026-10-06T09:20:51.270223,2026-10-06T09:20:51.270223,s-sample-24,Sample Student 24,CYBR-2000,lesson,c7,c7-l3,lesson,,,,47228,5,945
2026-10-06T09:21:08.271634,2026-10-06T09:21:08.271634,s-sample-24,Sample Student 24,CYBR-2000,check,c7,c7-check,What does an IDS do when it finds an attack?,Raises an alert,Raises an alert,1,17001,20,960
2026-10-06T09:21:20.497182,2026-10-06T09:21:20.497182,s-sample-24,Sample Student 24,CYBR-2000,answer,c7,c7-w1,Message: Search: ' OR 1=1 --,Normal,Alert,0,12225,0,980
2026-10-06T09:21:27.540260,2026-10-06T09:21:27.540260,s-sample-24,Sample Student 24,CYBR-2000,answer,c7,c7-w2,Message: Show me the school calendar,Normal,Normal,1,7043,15,980
2026-10-06T09:21:40.107433,2026-10-06T09:21:40.107433,s-sample-24,Sample Student 24,CYBR-2000,answer,c7,c7-w3,Message: Comment: <script>steal()</script>,Alert,Alert,1,12567,10,995
2026-10-06T09:21:51.358138,2026-10-06T09:21:51.358138,s-sample-24,Sample Student 24,CYBR-2000,answer,c7,c7-w4,Message: Search: script for the school play,Alert,Normal,0,11250,0,1005
2026-10-06T09:22:05.531239,2026-10-06T09:22:05.531239,s-sample-24,Sample Student 24,CYBR-2000,answer,c7,c7-w5,Activity: A school laptop sends 5 GB to an unknown server at 3:12 AM,Normal,Alert,0,14173,0,1005
2026-10-06T09:22:21.740068,2026-10-06T09:22:21.740068,s-sample-24,Sample Student 24,CYBR-2000,answer,c7,c7-w6,Activity: A student downloads a 20 MB PDF for class at 10 AM,Normal,Normal,1,16208,10,1005
2026-10-06T09:22:31.486052,2026-10-06T09:22:31.486052,s-sample-24,Sample Student 24,CYBR-2000,answer,c7,c7-w7,Message: Get file: ../../secret/grades.txt,Alert,Alert,1,9745,20,1015
2026-10-06T09:22:42.489259,2026-10-06T09:22:42.489259,s-sample-24,Sample Student 24,CYBR-2000,answer,c7,c7-w8,Activity: The same account fails to log in 50 times in one minute,Alert,Alert,1,11003,10,1035
2026-10-06T09:23:02.489259,2026-10-06T09:23:02.489259,s-sample-24,Sample Student 24,CYBR-2000,chapter_complete,c7,c7-done,c7,1 stars,,67,287504,125,1070
